entrez_id	symbol	status
1	A1BG	ok
10	NAT2	ok
100	ADA	ok
1000	CDH2	ok
10000	AKT3	ok
100009676	ZBTB11-AS1	ok
10001	MED6	ok
10002	NR2E3	ok
10003	NAALAD2	ok
100033413	SNORD116-1	ok
100033414	SNORD116-2	ok
100033415	SNORD116-3	ok
100033417	SNORD116-5	ok
100033420	SNORD116-8	ok
100033422	SNORD116-10	ok
100033424	SNORD116-12	ok
100033425	SNORD116-13	ok
100033427	SNORD116-15	ok
100033428	SNORD116-16	ok
100033430	SNORD116-18	ok
100033431	SNORD116-20	ok
100033434	SNORD116-23	ok
100033435	SNORD116-24	ok
100033436	SNORD116-25	ok
100033438	SNORD116-26	ok
100033450	SNORD115-13	ok
100033820	SNORD116-28	ok
100033821	SNORD116-29	ok
100036567	SNORD115-47	ok
100037417	DDTL	ok
100038246	TLX1NB	ok
10004	NAALADL1	ok
100048912	CDKN2B-AS1	ok
100049076	GUSBP17	ok
100049587	SIGLEC14	ok
10005	ACOT8	ok
10006	ABI1	ok
10007	GNPDA1	ok
100073347	MIMT1	ok
10008	KCNE3	ok
10009	ZBTB33	ok
100093630	SNHG8	ok
100093631	GTF2IP4	ok
100093698		no_symbol_in_gene_info
1001	CDH3	ok
10010	TANK	ok
100101266	HAVCR1P1	ok
100101267	POM121C	ok
100101467	ZSCAN30	ok
100101490	MCTS2	ok
100101938	ANKRD26P3	ok
10011	SRA1	ok
100113378	SNORD119	ok
100113379	SNORD121A	ok
100113381	SNORD19B	ok
100113382	SNORD105B	ok
100113384	SNORD123	ok
100113386	UCKL1-AS1	ok
100113389	SNORD127	ok
100113391	SNORD126	ok
100113392	SNORD11B	ok
100113393	SNORD12B	ok
100113402	SNORD111B	ok
100113403	LIN28B-AS1	ok
100113404	LINC00583	ok
100113407	TMEM170B	ok
100124412	FAM138E	ok
100124516	SNORD58C	ok
100124533	SCARNA27	ok
100124534	SNORA84	ok
100124535	SNORA36C	ok
100124536	SNORA38B	ok
100124537	SNORA70B	ok
100124539	SNORA11B	ok
100124700	HOTAIR	ok
100125288	ZGLP1	ok
100125556	FAM86JP	ok
100126270	FMR1-AS1	ok
100126296	MIR298	ok
100126299	VTRNA2-1	ok
100126302	MIR450B	ok
100126308	MIR541	ok
100126309	MIR875	ok
100126313	MIR744	ok
100126316	MIR873	ok
100126317	MIR374B	ok
100126318	MIR301B	ok
100126320	MIR920	ok
100126326	MIR936	ok
100126327	MIR938	ok
100126328	MIR940	ok
100126329	MIR941-1	ok
100126331	MIR942	ok
100126333	MIR708	ok
100126336	MIR208B	ok
100126346	MIR190B	ok
100126348	MIR760	ok
100126350	MIR933	ok
100126351	MIR939	ok
100126355	MIR365A	ok
100126356	MIR365B	ok
100126780	SNAR-G1	ok
100126784	LEISA1	ok
100126791	EGOT	ok
100126793	GHRLOS	ok
100127206	MINAR2	ok
100127888	SLCO4A1-AS1	ok
100127889		no_symbol_in_gene_info
100127983	C8orf88	ok
100128023	DPPA2P3	ok
100128025	WWTR1-AS1	ok
100128054	PLCE1-AS1	ok
100128071	FAM229A	ok
100128076		no_symbol_in_gene_info
100128081	JAZF1-AS1	ok
100128098	ST8SIA6-AS1	ok
100128124		no_symbol_in_gene_info
100128126	STAU2-AS1	ok
100128164	FHL1P1	ok
100128176	UST-AS1	ok
100128191	TMPO-AS1	ok
100128239	LINC02731	ok
100128252	ZNF667-AS1	ok
100128264	HTR5A-AS1	ok
100128285	DNM1P35	ok
100128288		no_symbol_in_gene_info
100128292	DLG5-AS1	ok
100128327	TRAPPC3L	ok
100128338		no_symbol_in_gene_info
100128361		no_symbol_in_gene_info
100128378	LINC00696	ok
100128385	FAM225B	ok
100128398	ZNF606-AS1	ok
100128420	LINC00892	ok
100128505	ASTN2-AS1	ok
100128511	NEBL-AS1	ok
100128531	KIAA1671-AS1	ok
100128553	CTAGE4	ok
100128554	LINC02347	ok
100128568	RANBP3-DT	ok
100128569	TEKTIP1	ok
100128573		no_symbol_in_gene_info
100128590	SLC8A1-AS1	ok
100128593		no_symbol_in_gene_info
100128627	CDC42P3	ok
100128640	ACVR2B-AS1	ok
100128675	HPN-AS1	ok
100128682	LINC01531	ok
100128714	LINC02346	ok
100128731	OST4	ok
100128750	RBPMS-AS1	ok
100128770		no_symbol_in_gene_info
100128782	ERCC6L2-AS1	ok
100128787	LINC01349	ok
100128788	SRRM2-AS1	ok
100128811	GPR158-AS1	ok
100128822	LINC01003	ok
100128881	VPS9D1-AS1	ok
100128885		no_symbol_in_gene_info
100128890	FAM66B	ok
100128893	GATA6-AS1	ok
100128927	ZBTB42	ok
100128946	LINC01310	ok
100128977	MAPT-AS1	ok
100128993		no_symbol_in_gene_info
100129027	PCBP3-AS1	ok
100129034		no_symbol_in_gene_info
100129046	BCAR3-AS1	ok
100129055	CCNYL4	ok
100129066	LINC03062	ok
100129075	KTN1-AS1	ok
100129083	SIGLEC10-AS1	ok
100129128	KHDC1L	ok
100129138	THAP3P1	ok
100129148		no_symbol_in_gene_info
100129175	CFAP65-AS1	ok
100129195	ZSCAN16-AS1	ok
100129196	MATN1-AS1	ok
100129213	SLC39A12-AS1	ok
100129216	DEFB131B	ok
100129250	TZMP1	ok
100129269	LINC01160	ok
100129271	KPLCE	ok
100129316		no_symbol_in_gene_info
100129345	LINC02291	ok
100129354	NRADDP	ok
100129361	SMIM10L1	ok
100129385	LINC03041	ok
100129387	GABPB1-AS1	ok
100129396	FAM106C	ok
100129405	MSTO2P	ok
100129424	RPL19P12	ok
100129460	DPY19L1P1	ok
100129464	LINC01546	ok
100129480	MKRN2OS	ok
100129482	ZNF37BP	ok
100129518	SOD2-OT1	ok
100129520	TEX13C	ok
100129534		no_symbol_in_gene_info
100129543	ZNF730	ok
100129550	LINC02035	ok
100129583	FAM47E	ok
100129597	LINC00462	ok
100129617		no_symbol_in_gene_info
100129620	PLPPR5-AS1	ok
100129636	OR2W1-AS1	ok
100129654	TCF24	ok
100129662	FGF13-AS1	ok
100129716	ARRDC3-AS1	ok
100129722	STPG3-AS1	ok
100129726	LINC01126	ok
100129792	CCDC152	ok
100129794	SLC25A21-AS1	ok
100129827	IRAG1-AS1	ok
100129842	ZNF737	ok
100129845	PCOLCE-AS1	ok
100129858	SCOC-AS1	ok
100129917	PCGF3-AS1	ok
100129924	TMEM269	ok
100129931	CFAP184-OT1	ok
100129935		no_symbol_in_gene_info
100129961	CCNT2-AS1	ok
100129973	CERNA1	ok
10013	HDAC6	ok
100130000		no_symbol_in_gene_info
100130015	URAHP	ok
100130017	FTLP10	ok
100130075	SZRD1P1	ok
100130086	HSFX2	ok
100130093		no_symbol_in_gene_info
100130100		no_symbol_in_gene_info
100130148	MAPT-IT1	ok
100130155	MIR124-2HG	ok
100130197	EFCAB14-AS1	ok
100130231	LINC00861	ok
100130238	GALNT9-AS1	ok
100130264	SLC24A3-AS1	ok
100130274	CCDC166	ok
100130275	TFAP2A-AS1	ok
100130298		no_symbol_in_gene_info
100130301	C8orf89	ok
100130302	SUPT20HL1	ok
100130311	C17orf107	ok
100130331		no_symbol_in_gene_info
100130342	SCGB2B3P	ok
100130348	CATSPERH	ok
100130357		no_symbol_in_gene_info
100130370	LINC03048	ok
100130386	LINC00552	ok
100130417	LINC02593	ok
100130418	CECR7	ok
100130449	GPC1-AS1	ok
100130451	SPAG16-DT	ok
100130452		no_symbol_in_gene_info
100130476	WAKMAR2	ok
100130480	LINC01387	ok
100130519	TMEM221	ok
100130522	PARD6G-AS1	ok
100130539	LINC02881	ok
100130557	NFYC-AS1	ok
100130581	LINC00910	ok
100130613	PRR32	ok
100130673		no_symbol_in_gene_info
100130691	AGPS-DT	ok
100130700	TP53TG3HP	ok
100130705	SPMIP1	ok
100130717	HDHD5-AS1	ok
100130733	LRRC70	ok
100130742	LRRC69	ok
100130744		no_symbol_in_gene_info
100130771	EFCAB10	ok
100130776	AGAP2-AS1	ok
100130827	SBK3	ok
100130849		no_symbol_in_gene_info
100130855	USP3-AS1	ok
100130872		no_symbol_in_gene_info
100130880	CREB3L2-AS1	ok
100130889	PSORS1C3	ok
100130890	TSTD3P	ok
100130894	VAC14-AS1	ok
100130899		no_symbol_in_gene_info
100130933	ERLN	ok
100130934	ZNF663P	ok
100130935	CSAG4	ok
100130950	ZNF594-DT	ok
100130954	LINC01502	ok
100130958	SYCE1L	ok
100130964		no_symbol_in_gene_info
100130967	LINC02901	ok
100130987		no_symbol_in_gene_info
100130988	SPMIP7	ok
100130992		no_symbol_in_gene_info
100131047	DNAH8-AS1	ok
100131060	JUN-DT	ok
100131067	CKMT2-AS1	ok
100131089	SRP14-DT	ok
100131094	DPP9-AS1	ok
100131096		no_symbol_in_gene_info
100131117	ZBTB20-AS1	ok
100131137	BSPH1	ok
100131138	VHRT	ok
100131176	WDR86-AS1	ok
100131187	TSTD1	ok
100131193	CCDC183-AS1	ok
100131208	SNAP25-AS1	ok
100131211	NEMP2	ok
100131213	ZNF503-AS2	ok
100131234	MIR181A1HG	ok
100131244	ANKRD63	ok
100131257		no_symbol_in_gene_info
100131289		no_symbol_in_gene_info
100131320	RAB6C-AS1	ok
100131347	RDM1P5	ok
100131366	LINC00605	ok
100131378	C11orf91	ok
100131390	SP9	ok
100131434	EOLA1-DT	ok
100131439	CD300LD	ok
100131454	DBIL5P	ok
100131496		no_symbol_in_gene_info
100131551	LINC00887	ok
100131561		no_symbol_in_gene_info
100131564	CCDC18-AS1	ok
100131626		no_symbol_in_gene_info
100131635		no_symbol_in_gene_info
100131655	ZNF236-DT	ok
100131691	MZF1-AS1	ok
100131726	SACK1A-AS1	ok
100131733	USP30-AS1	ok
100131755	ARMCX4	ok
100131801	PET100	ok
100131814	AHI1-DT	ok
100131816	UBE2DNL	ok
100131825	CADM3-AS1	ok
100131827	ZNF717	ok
100131897	INSYN2B	ok
100131980	ZNF705G	ok
100131998	RRN3P3	ok
100132062		no_symbol_in_gene_info
100132077		no_symbol_in_gene_info
100132078		no_symbol_in_gene_info
100132101	HERC2P7	ok
100132103	FAM66E	ok
100132111	C2CD4D-AS1	ok
100132146	FAM240A	ok
100132163	PHKA2-AS1	ok
100132215	EHBP1-AS1	ok
100132247	NPIPB5	ok
100132273	NDUFA6-DT	ok
100132285	KIR2DS2	ok
100132288	TEKT4P2	ok
100132341	CLUHP3	ok
100132352	FRG1HP	ok
100132354	LINC01512	ok
100132356		no_symbol_in_gene_info
100132386	KRTAP4-9	ok
100132399	GAGE12D	ok
100132403	FAM157B	ok
100132406	NBPF10	ok
100132417	FCGR1CP	ok
100132463	CLDN24	ok
100132464	FAM99B	ok
100132476	KRTAP4-7	ok
100132526	FGD5P1	ok
100132594	PGAM1P5	ok
100132618	ZRANB2-AS1	ok
100132677	BSN-DT	ok
100132707	PAXIP1-AS2	ok
100132708	CYP4F30P	ok
100132724	DCAF13P3	ok
100132735	FILNC1	ok
100132774	KDM4A-AS1	ok
100132781		no_symbol_in_gene_info
100132831	TNIP2P1	ok
100132832	PMS2P9	ok
100132891	MSC-AS1	ok
100132911	DPH3P1	ok
100132916	SHISAL2B	ok
100132923	FAM66D	ok
100132948	FAM27C	ok
100132963	SMIM9	ok
100132979	GOLGA8DP	ok
100132987	LINC00856	ok
100132994	CXorf49B	ok
100133036	FAM95B1	ok
100133050	GUSBP19	ok
100133091	LINC03009	ok
100133121	FAM27B	ok
100133123	LINC01203	ok
100133144		no_symbol_in_gene_info
100133161	LINC01001	ok
100133172	FAM66A	ok
100133205	LINC00240	ok
100133234	SBF1P1	ok
100133286	CBR1-AS1	ok
100133308	RSU1P2	ok
100133311	HOXA-AS3	ok
100133315	XNDC1N	ok
100133331		no_symbol_in_gene_info
100133445		no_symbol_in_gene_info
100133545	MRPL23-AS1	ok
100133612	LINC01134	ok
100133669	LY6E-DT	ok
100133920		no_symbol_in_gene_info
100133941	CD24	ok
100133957	UXT-AS1	ok
100133985	LINC01816	ok
100133991	MAP3K14-AS1	ok
100134015	UBOX5-AS1	ok
100134229	KDM7A-DT	ok
100134259	LINC01119	ok
100134317	CYKILR	ok
100134368		no_symbol_in_gene_info
100134713	NDUFB2-AS1	ok
100134868		no_symbol_in_gene_info
100137047	JMJD7	ok
100137049	PLA2G4B	ok
10014	HDAC5	ok
100141515	IL40	ok
100144595	GALNT13-AS1	ok
100144596	LINC00029	ok
100144597	LINC01056	ok
100144602	EPHA5-AS1	ok
100144603	CHKB-DT	ok
100144604	LINC00930	ok
100144748	KLLN	ok
10015	PDCD6IP	ok
100151643	KRTAP20-4	ok
100151683	RNU4ATAC	ok
100151684	RNU6ATAC	ok
100158262	SCARNA9L	ok
10016	PDCD6	ok
100169851	PATE3	ok
100169989	DBIL5P2	ok
10017	BCL2L10	ok
100170220	SNAR-E	ok
100170221	SNAR-H	ok
100170222	SNAR-I	ok
100170227	SNAR-D	ok
100170765	ERICH4	ok
100170841	EPOP	ok
10018	BCL2L11	ok
100188947	HECTD2-AS1	ok
100188949	LINC00426	ok
100188953	LINC00092	ok
100188954	DNMBP-AS1	ok
100189589	DCTN1-AS1	ok
10019	SH2B3	ok
100190938	RAMP2-AS1	ok
100190939	TPT1-AS1	ok
100190940	LINC02418	ok
100190949	C5orf52	ok
100190986		no_symbol_in_gene_info
100191040	C2CD4D	ok
100192204	PPIAP30	ok
100192378	ZFHX4-AS1	ok
100192379		no_symbol_in_gene_info
100192386		no_symbol_in_gene_info
100192420	LINC01634	ok
100192426		no_symbol_in_gene_info
1002	CDH4	ok
10020	GNE	ok
10021	HCN4	ok
100216001	MANCR	ok
100216479	FAR2P2	ok
100216545	KMT2E-AS1	ok
100216546	LINC01004	ok
10022	INSL5	ok
10023	FRAT1	ok
100233156		no_symbol_in_gene_info
100233209	PCED1B-AS1	ok
10024	TROAP	ok
100240734		no_symbol_in_gene_info
100240735		no_symbol_in_gene_info
10025	MED16	ok
10026	PIGK	ok
100268168	RPL26L1-AS1	ok
100270746	LARRPM	ok
100270804	LCDR	ok
100271702	LINC00940	ok
100271715	ARHGEF33	ok
100271722	LINC00899	ok
100271832		no_symbol_in_gene_info
100271835		no_symbol_in_gene_info
100271836	SMG1P3	ok
100271846	ERVV-2	ok
100271849	MEF2B	ok
100271873	AIRN	ok
100271927	RASA4B	ok
100272147	CMC4	ok
100272216		no_symbol_in_gene_info
100272217		no_symbol_in_gene_info
100272228	EOLA2-DT	ok
100286793		no_symbol_in_gene_info
100286844	BCDIN3D-AS1	ok
100286922		no_symbol_in_gene_info
100286938	VPS13A-AS1	ok
100286979	ANAPC1P1	ok
100287010		no_symbol_in_gene_info
100287015	MCPH1-DT	ok
100287029	DDX11L10	ok
100287036	ANKRD11-AS2	ok
100287042	MIF4GD-DT	ok
100287072		no_symbol_in_gene_info
100287102	DDX11L1	ok
100287114	LINC00421	ok
100287171	WASHC1	ok
100287177	EML2-AS1	ok
100287216	SH3RF3-AS1	ok
100287225	LINC01630	ok
100287226	ZNF729	ok
100287227	TIPARP-AS1	ok
100287284	MANSC4	ok
100287314	LINC00941	ok
100287362	PRSS46P	ok
100287428		no_symbol_in_gene_info
100287466		no_symbol_in_gene_info
100287482	SMKR1	ok
100287534		no_symbol_in_gene_info
100287559	ADPGK-AS1	ok
100287569	LINC00173	ok
100287596	DDX11L5	ok
100287616	LOXL1-AS1	ok
100287632	SELENOKP3	ok
100287639	MTHFD2P1	ok
100287718	ANKRD66	ok
100287722	AP4B1-AS1	ok
100287765	LINC00630	ok
100287792		no_symbol_in_gene_info
100287814	LINC00582	ok
100287834		no_symbol_in_gene_info
100287846		no_symbol_in_gene_info
100287879	LINC00994	ok
100287898	TTC34	ok
100287902	LGALS8-AS1	ok
100287932	TIMM23	ok
100287944	RFX4-AS1	ok
100287948	LINC01699	ok
100288069		no_symbol_in_gene_info
100288077	WTAPP1	ok
100288079		no_symbol_in_gene_info
100288122	LDLRAD4-AS1	ok
100288123		no_symbol_in_gene_info
100288142	NBPF20	ok
100288181	LNCOC1	ok
100288198	HMGN3-AS1	ok
100288255		no_symbol_in_gene_info
100288287	KRTAP22-2	ok
100288332	NPIPA5	ok
100288346	NCAM1-AS1	ok
100288413	ERVMER34-1	ok
100288428	LMCD1-AS1	ok
100288432	IL10RB-DT	ok
100288486	DDX11L9	ok
100288524	FOXL3-OT1	ok
100288615	WHAMMP1	ok
100288637		no_symbol_in_gene_info
100288730	PAN3-AS1	ok
100288748	LINC02894	ok
100288778	WASH8P	ok
100288797	TMEM239	ok
100288805	HYDIN2	ok
100288814	CLDN34	ok
100288831	SRGAP3-AS3	ok
100288842	B3GALT9	ok
100288846	MIA2-AS1	ok
100288911	CRIM1-DT	ok
100288966		no_symbol_in_gene_info
100288974	BMS1P21	ok
100289017	MOXD2P	ok
100289019	SLC25A25-AS1	ok
100289092	ATP2A1-AS1	ok
100289137	FAM95C	ok
100289178	GNG12-AS1	ok
100289187	TMEM225B	ok
100289211	LINC00624	ok
100289230		no_symbol_in_gene_info
100289255	TMEM238L	ok
100289341	MAN1B1-DT	ok
100289361	U2SURP-AS1	ok
100289373	UBAC2-AS1	ok
100289388	KCTD21-AS1	ok
100289410	MCF2L-AS1	ok
100289462	DEFB4B	ok
100289473		no_symbol_in_gene_info
100289495		no_symbol_in_gene_info
100289509	KCNIP2-AS1	ok
100289511		no_symbol_in_gene_info
100289561		no_symbol_in_gene_info
100289635	ZNF605	ok
100289650	PSG8-AS1	ok
100289656		no_symbol_in_gene_info
100289673	LINC01848	ok
100289678	ZNF783	ok
100292680	LINC00942	ok
100293516	ZNF587B	ok
100293534	C4B_2	ok
100294145	LINC03219	ok
100294362	RNF213-AS1	ok
100294720	NHEG1	ok
1003	CDH5	ok
100302112	MIR1284	ok
100302116	MIR1265	ok
100302117	MIR320B1	ok
100302118	MIR1286	ok
100302119	MIR1538	ok
100302121	MIR1276	ok
100302124	MIR1288	ok
100302129	MIR1915	ok
100302135	MIR320C1	ok
100302136	MIR1252	ok
100302137	MIR1914	ok
100302139	MIR1537	ok
100302141	MIR1913	ok
100302145	MIR1247	ok
100302149	MIR1249	ok
100302150	MIR1296	ok
100302152	MIR548N	ok
100302155	MIR1256	ok
100302161	MIR1205	ok
100302166	MIR1322	ok
100302168	MIR1257	ok
100302170	MIR1206	ok
100302174	MIR1307	ok
100302175	MIR1207	ok
100302178	MIR1295A	ok
100302184	MIR1272	ok
100302185	MIR1204	ok
100302187	MIR1297	ok
100302188	MIR1243	ok
100302190	MIR1976	ok
100302192	MIR548F1	ok
100302195	MIR320C2	ok
100302204	MIR548I1	ok
100302211	MIR1203	ok
100302212	MIR1324	ok
100302220	MIR1293	ok
100302225	MIR2053	ok
100302229	MIR1250	ok
100302232	MIR1226	ok
100302235	MIR1179	ok
100302237	MIR1281	ok
100302239	MIR548F5	ok
100302240	MIR1304	ok
100302242	MIR1236	ok
100302243	MIR1972-1	ok
100302246	MIR1301	ok
100302256	MIR1180	ok
100302257	MIR1539	ok
100302258	MIR1469	ok
100302260	MIR2052	ok
100302261	MIR1910	ok
100302263	MIR1908	ok
100302270	MIR1305	ok
100302277	MIR548I2	ok
100302279	MIR1262	ok
100302281	MIR1208	ok
100302283	MIR1227	ok
100302285	MIR1244-1	ok
100302287	MIR548H3	ok
100302290	MIR1973	ok
100302401	RASAL2-AS1	ok
100302640	LINC00882	ok
100302650	BABAM2-AS1	ok
100302691	LINC00184	ok
100302692	FTX	ok
100302740	FAS-AS1	ok
100302743	SNORA80B	ok
100302746	NCRUPAR	ok
100303453	TSNAX-DISC1	ok
100303491	ZEB2-AS1	ok
100303728	SLC25A5-AS1	ok
100303749	LSM3P6	ok
100303755	PET117	ok
100306951	PITPNA-AS1	ok
100306975	NDUFAF4P1	ok
100309464	OTX2-AS1	ok
100310812	SPDYE2B	ok
100310846	ANKRD61	ok
100313769	MIR320B2	ok
100313770	MIR548K	ok
100313773	MIR548H2	ok
100313777	MIR670	ok
100313779	MIR2117	ok
100313780	MIR2278	ok
100313841	MIR548Q	ok
100313842	MIR2276	ok
100313884	MIR548H4	ok
100313886	MIR2116	ok
100313896	MIR320D1	ok
100313923	MIR449C	ok
100316868	HOTTIP	ok
100316904	SAP25	ok
100329109	GCSHP3	ok
100329135	TRPC5OS	ok
100335030		no_symbol_in_gene_info
100337591	SNORA70F	ok
100337616	CSN1S2BP	ok
10036	CHAF1A	ok
100379132	SNORA70G	ok
100379141	SNORA70D	ok
100379174	MACROD2-AS1	ok
100379220	TMED11P	ok
100379224	ZNF225-AS1	ok
100379249	BOK-AS1	ok
100379250	SNORA70E	ok
100379251	NPPA-AS1	ok
100379345	MIR181A2HG	ok
100379571	BACE1-AS	ok
100379661	GRIK1-AS2	ok
10038	PARP2	ok
100381270	ZBED6	ok
10039	PARP3	ok
1004	CDH6	ok
10040	TOM1L1	ok
100419868	ZNF33BP1	ok
10042	HMGXB4	ok
100422737	LINC02532	ok
100422824	MIR3128	ok
100422829	MIR4319	ok
100422833	MIR3188	ok
100422835	MIR3183	ok
100422842	MIR3074	ok
100422847	MIR514B	ok
100422851	MIR4316	ok
100422858	MIR4285	ok
100422859	MIR3136	ok
100422860	MIR4292	ok
100422861	MIR4306	ok
100422866	MIR3115	ok
100422871	MIR3117	ok
100422873	MIR4297	ok
100422874	MIR4279	ok
100422875	MIR3192	ok
100422879	MIR3124	ok
100422880	MIR3162	ok
100422881	MIR3170	ok
100422885	MIR1244-2	ok
100422887	MIR4280	ok
100422889	MIR3194	ok
100422892	MIR3157	ok
100422894	MIR4260	ok
100422895	MIR4294	ok
100422896	MIR3140	ok
100422899	MIR3190	ok
100422904	MIR3193	ok
100422905	MIR4311	ok
100422907	MIR3156-2	ok
100422908	MIR3129	ok
100422909	MIR4295	ok
100422912	MIR3200	ok
100422913	MIR320E	ok
100422915	MIR3065	ok
100422918	MIR3167	ok
100422925	MIR4322	ok
100422928	MIR3127	ok
100422929	MIR4261	ok
100422934	MIR3143	ok
100422936	MIR3153	ok
100422938	MIR3142	ok
100422939	MIR3147	ok
100422940	MIR4305	ok
100422943	MIR3189	ok
100422944	MIR3186	ok
100422945	MIR4326	ok
100422947	MIR3122	ok
100422948	MIR4284	ok
100422953	MIR3165	ok
100422955	MIR4273	ok
100422957	MIR3131	ok
100422963	MIR4290	ok
100422965	MIR4263	ok
100422967	MIR3146	ok
100422969	MIR2909	ok
100422971	MIR4312	ok
100422974	MIR3178	ok
100422976	MIR4256	ok
100422979	MIR4324	ok
100422980	MIR4323	ok
100422981	MIR3173	ok
100422984	MIR4308	ok
100422986	MIR3125	ok
100422987	MIR3202-1	ok
100422992	MIR3151	ok
100422996	MIR4262	ok
100422997	MIR4257	ok
100423001	MIR3145	ok
100423004	MIR4315-1	ok
100423006	MIR3179-3	ok
100423011	MIR3138	ok
100423012	MIR3177	ok
100423014	MIR3196	ok
100423019	MIR4307	ok
100423020	MIR4258	ok
100423021	MIR4298	ok
100423023	MIR3197	ok
100423025	MIR3198-1	ok
100423028	MIR4254	ok
100423030	MIR3126	ok
100423031	MIR4321	ok
100423032	MIR3121	ok
100423035	MIR4313	ok
100423036	MIR2355	ok
100423037	MIR3176	ok
100423039	MIR3132	ok
100423041	MIR4296	ok
100423043	MIR4269	ok
100423062	IGLL5	ok
10043	TOM1	ok
100431172	KLRF2	ok
10044	SH2D3C	ok
10045	SH2D3A	ok
10046	MAMLD1	ok
100462953	MICOS10P1	ok
100462977	MTRNR2L1	ok
100462981	MTRNR2L2	ok
100462983	MTRNR2L3	ok
100463285	MTRNR2L4	ok
100463289	MTRNR2L5	ok
100463482	MTRNR2L6	ok
100463486	MTRNR2L8	ok
100463488	MTRNR2L10	ok
10048	RANBP9	ok
10049	DNAJB6	ok
100498859	LINC00881	ok
100499177	THAP9-AS1	ok
100499183	BAALC-AS1	ok
100499194	LINC02992	ok
100499227	USP2-AS1	ok
100499405	LINC00987	ok
100499466	LINC00674	ok
100499467	LINC00673	ok
100499483	CCDC180	ok
100499484	SUGT1P4-STRA6LP	ok
100499489	LINC03027	ok
1005	CDH7	ok
10050	SLC17A4	ok
100500773	SRSF3P2	ok
100500801	MIR3659	ok
100500802	MIR3685	ok
100500805		no_symbol_in_gene_info
100500808	MIR3917	ok
100500809	MIR23C	ok
100500812	MIR3677	ok
100500813	MIR3646	ok
100500814	MIR3616	ok
100500815		no_symbol_in_gene_info
100500816	MIR3649	ok
100500818	MIR3945	ok
100500819	MIR3609	ok
100500824	MIR3650	ok
100500826	MIR3909	ok
100500828	MIR3619	ok
100500831	MIR3912	ok
100500833		no_symbol_in_gene_info
100500835	MIR3907	ok
100500837	MIR3606	ok
100500841	MIR3678	ok
100500843	MIR3922	ok
100500849	MIR3916	ok
100500850	MIR3682	ok
100500853	MIR3605	ok
100500854	MIR3671	ok
100500857	MIR3939	ok
100500859	MIR3921	ok
100500862	MIR3648-1	ok
100500865	MIR3936	ok
100500866	MIR3941	ok
100500867	MIR3684	ok
100500870	MIR3926-1	ok
100500871	MIR3622B	ok
100500872	MIR3911	ok
100500876	MIR3675	ok
100500878	MIR3679	ok
100500880	MIR3662	ok
100500885	MIR3925	ok
100500887	MIR676	ok
100500888	MIR3940	ok
100500891	MIR3935	ok
100500892		no_symbol_in_gene_info
100500893	MIR3663	ok
100500899	MIR3692	ok
100500901	MIR3928	ok
100500904	MIR3942	ok
100500906	MIR3689B	ok
100500908	MIR3613	ok
100500911	MIR3944	ok
100500916	MIR3180-5	ok
100500919	MIR548Y	ok
100500938	CCDC179	ok
100505385	IQCJ-SCHIP1	ok
100505474	LINC01539	ok
100505478	TEX48	ok
100505483	PRKAG2-AS1	ok
100505495	PCAT19	ok
100505503		no_symbol_in_gene_info
100505536	ISM1-AS1	ok
100505538	RBM26-AS1	ok
100505545	LINC01095	ok
100505549	ATP8B1-AS1	ok
100505566	LINC00578	ok
100505576	LASP1NB	ok
100505583	LINC00838	ok
100505591	LRRC3C	ok
100505619	LINC00919	ok
100505622	LNROP	ok
100505624	GTF3C2-AS1	ok
100505633	LINC01133	ok
100505636	MALINC1	ok
100505641	FGD5-AS1	ok
100505648	RAD51-AS1	ok
100505658	DIAPH1-AS1	ok
100505659	LINC00967	ok
100505666	DCST1-AS1	ok
100505676	RRS1-DT	ok
100505678	STARD4-AS1	ok
100505679	UBE2Q2P16	ok
100505681	NAPA-AS1	ok
100505687	SNHG33	ok
100505695		no_symbol_in_gene_info
100505696	SH3BP5-AS1	ok
100505702	LINC01094	ok
100505715	CATED	ok
100505716	BABAM2-AS2	ok
100505718	LINC01592	ok
100505738	MIR4458HG	ok
100505746	ITGB2-AS1	ok
100505753	KRTAP16-1	ok
100505761	C10orf95-AS1	ok
100505768	LINC01364	ok
100505776	LINC01541	ok
100505782		no_symbol_in_gene_info
100505783	OSER1-DT	ok
100505795	PBX1-AS1	ok
100505806	SNHG18	ok
100505812	CARD8-AS1	ok
100505817	LINC02582	ok
100505826	STK4-DT	ok
100505835	LINC01532	ok
100505839	SH3PXD2A-AS1	ok
100505841	ZNF475	ok
100505845	ROPN1L-AS1	ok
100505854	APTR	ok
100505865	LINC00920	ok
100505875	LINC01088	ok
100505876	CEBPZOS	ok
100505881	MAGI2-AS3	ok
100505893	SLIT2-IT1	ok
100505894	TMEM161B-DT	ok
100505912		no_symbol_in_gene_info
100505918		no_symbol_in_gene_info
100505929	LINC01549	ok
100505933	ADD3-AS1	ok
100505964	LINC01304	ok
100505967	LINC00645	ok
100505975	ENO1-AS1	ok
100505978		no_symbol_in_gene_info
100505989	SMIM31	ok
100506012	PPP5D1P	ok
100506013	APELA	ok
100506023		no_symbol_in_gene_info
100506025	CRPPA-AS1	ok
100506033	PTOV1-AS1	ok
100506035	LINC00989	ok
100506046	GAS5-AS1	ok
100506049	LRRC72	ok
100506050	LINC01005	ok
100506054	RNASEH1-DT	ok
100506060	SMG1P7	ok
100506068	DACT3-AS1	ok
100506070	RBFADN	ok
100506071	COCH-AS1	ok
100506082	LINC02749	ok
100506083	DDX19A-DT	ok
100506085	LINC02275	ok
100506100	ZDHHC12-DT	ok
100506123	APPAT	ok
100506124		no_symbol_in_gene_info
100506134	TTC21B-AS1	ok
100506136		no_symbol_in_gene_info
100506144	TMEM35B	ok
100506172	LOHAN2	ok
100506178	STEAP1B-AS1	ok
100506190	LINC00963	ok
100506195	LARGE-AS1	ok
100506207		no_symbol_in_gene_info
100506211	MIR210HG	ok
100506215	PAXBP1-AS1	ok
100506229	LINC01093	ok
100506233	RAB30-DT	ok
100506241		no_symbol_in_gene_info
100506243	KRABD1	ok
100506274		no_symbol_in_gene_info
100506305	LINC00958	ok
100506311	HOTAIRM1	ok
100506314	GPRC5D-AS1	ok
100506321	MAX-AS1	ok
100506334	LINC00649	ok
100506343	INKA2-AS1	ok
100506368	FZD4-DT	ok
100506384	PHACTR3-AS1	ok
100506385	LINC01426	ok
100506388	RPH3AL-AS1	ok
100506393	LINC02398	ok
100506394	GAS6-DT	ok
100506403		no_symbol_in_gene_info
100506409	ELOVL2-AS1	ok
100506412	LINC00871	ok
100506421	PANTR1	ok
100506422	LINC03106	ok
100506428	CBR3-AS1	ok
100506433	LINC00648	ok
100506436	SPAG5-AS1	ok
100506451	RASSF8-AS1	ok
100506462	SRD5A3-AS1	ok
100506469	TMEM147-AS1	ok
100506472		no_symbol_in_gene_info
100506474		no_symbol_in_gene_info
100506475	EGFLAM-AS2	ok
100506497	CPVL-AS2	ok
100506499		no_symbol_in_gene_info
100506540	MISFA	ok
100506548		no_symbol_in_gene_info
100506555	NECTIN3-AS1	ok
100506564	SPMAP2L	ok
100506581	C16orf95	ok
100506585	PTPRN2-AS1	ok
100506599	PPP1R26-AS1	ok
100506627		no_symbol_in_gene_info
100506639		no_symbol_in_gene_info
100506649	PXN-AS1	ok
100506650	LINC02876	ok
100506655	LCMT1-AS2	ok
100506658	OCLN	ok
100506660	DDX11-AS1	ok
100506668	NRAV	ok
100506680	SACS-AS1	ok
100506686	IQCH-AS1	ok
100506688	LINC02982	ok
100506696	PCAT6	ok
100506697	LINC00327	ok
100506710	EBLN3P	ok
100506713	ALOX12-AS1	ok
100506714	NUP50-DT	ok
100506730		no_symbol_in_gene_info
100506733	FAM170B-AS1	ok
100506736	SLFN12L	ok
100506742	CASP12	ok
100506746	AFF1-AS1	ok
100506755	MIR497HG	ok
100506757	LINC00629	ok
100506759	OR7E37P	ok
100506765	IGSF11-AS1	ok
100506776	TRG-AS1	ok
100506779	TSPOAP1-AS1	ok
100506783	HOXD-AS2	ok
100506795	LINC01354	ok
100506801	ECE1-AS1	ok
100506804	TMEM30A-DT	ok
100506810	LINC01132	ok
100506826	MYLK-AS1	ok
100506834	GAS1RR	ok
100506835	LINC00840	ok
100506840	IQCF4P	ok
100506844	GIHCG	ok
100506866	TTN-AS1	ok
100506874	LINC00933	ok
100506895	LUARIS	ok
100506898	MAGOH2P	ok
100506930	LINC00665	ok
100506939	PRKG1-AS1	ok
100506963	ELOA-AS1	ok
100506990	FAM86B2-DT	ok
100506994	PTPRG-AS1	ok
100507003	GFY	ok
100507027	MRLN	ok
100507032	TMCC1-DT	ok
100507034	PITRM1-AS1	ok
100507043	TUNAR	ok
100507050	TPBGL	ok
100507053		no_symbol_in_gene_info
100507055	LRCOL1	ok
100507057	MELTF-AS1	ok
100507062	PSMD6-AS2	ok
100507064	TEX26-AS1	ok
100507066	CLIP1-AS1	ok
100507086	DLG1-AS1	ok
100507091	PITPNM2-AS1	ok
100507096	GIMD1	ok
100507098	ADAMTS9-AS2	ok
100507117	ASAP1-IT2	ok
100507118	PRC1-AS1	ok
100507127	LINC00707	ok
100507135	SPART-AS1	ok
100507140	LINC01792	ok
100507156	LOXL2-AS1	ok
100507171	BOLA3-DT	ok
100507173	LINC01012	ok
100507178	SLFNL1-AS1	ok
100507194	LINC02525	ok
100507203	SMLR1	ok
100507205	LINC02740	ok
100507206	LINC00943	ok
100507217	CHASERR	ok
100507218	RNF157-AS1	ok
100507240	VWA8-AS1	ok
100507244	MAMDC2-AS1	ok
100507246	SNHG16	ok
100507250		no_symbol_in_gene_info
100507254	LINC01013	ok
100507257	MEG9	ok
100507266	STX18-AS1	ok
100507290	ZNF865	ok
100507297	TMEM44-AS1	ok
100507299	SMC5-DT	ok
100507300	ALKBH3-AS1	ok
100507321	ERVK13-1	ok
100507334		no_symbol_in_gene_info
100507341	SMIM18	ok
100507346		no_symbol_in_gene_info
100507351	LINC03161	ok
100507362	LINC01015	ok
100507373	ADGRL1-AS1	ok
100507377	LINC02882	ok
100507387		no_symbol_in_gene_info
100507389	HLMR1	ok
100507391	LINC01968	ok
100507392	SENCR	ok
100507401	LRP4-AS1	ok
100507404	TMLHE-AS1	ok
100507410	C1QTNF1-AS1	ok
100507412		no_symbol_in_gene_info
100507421	TMEM178B	ok
100507423	MKNK1-AS1	ok
100507424		no_symbol_in_gene_info
100507433	ZNF571-AS1	ok
100507436	MICA	ok
100507462	CCDC28A-AS1	ok
100507463	PSMB8-AS1	ok
100507466	DPH6-DT	ok
100507470	GRID1-AS1	ok
100507472		no_symbol_in_gene_info
100507475	IDH1-AS1	ok
100507489	LINC01277	ok
100507495	SDCBP2-AS1	ok
100507500	EGFR-AS1	ok
100507501	LINC01569	ok
100507524	ARHGEF26-AS1	ok
100507537	STRIT1	ok
100507547		no_symbol_in_gene_info
100507557	EPM2A-DT	ok
100507564	MAGOH-DT	ok
100507567	RAB11B-AS1	ok
100507577		no_symbol_in_gene_info
100507582	BHLHE40-AS1	ok
100507584	LINC01016	ok
100507588	TGFBR3L	ok
100507600	LCT-AS1	ok
100507602	TRIM52-AS1	ok
100507605	LINC00837	ok
100507629	LINC00658	ok
100507632	LINC00968	ok
100507634		no_symbol_in_gene_info
100507651	LINC01606	ok
100507674	MARK2P9	ok
100507679	MUC22	ok
100508120	GMDS-DT	ok
100509894	CPB2-AS1	ok
10051	SMC4	ok
10052	GJC1	ok
100526693	ARPC4-TTLL3	ok
100526737	RBM14-RBM4	ok
100526739	CENPS-CORT	ok
100526767	RNF103-CHMP3	ok
100526771	SMIM35	ok
100526773	EPPIN-WFDC6	ok
100526794	NT5C1B-RDH14	ok
100526820	CAHM	ok
100526825	INMT-MINDY4	ok
100526831	SLX1B-SULT1A4	ok
100526835	FPGT-TNNI3K	ok
100527950		no_symbol_in_gene_info
100527960	MROH7-TTC4	ok
100527963	PMF1-BGLAP	ok
100527964	LHX4-AS1	ok
100527978	TLCD4-RWDD3	ok
100528018	ARL2-SNX15	ok
100528019	HSPB2-C11orf52	ok
100528031	FKBP1A-SDCBP2	ok
100528032	KLRC4-KLRK1	ok
100528062	ARMCX5-GPRASP2	ok
100529144	CORO7-PAM16	ok
100529209	RNASEK-C17orf49	ok
100529211	TMEM256-PLSCR3	ok
100529215	ZNF559-ZNF177	ok
100529261	CHURC1-FNTB	ok
100529262	MIA-RAB4B	ok
10053	AP1M2	ok
100532724	NPHP3-ACAD11	ok
100532726	NDUFC2-KCTD14	ok
100532732	MSH5-SAPCD1	ok
100532742		no_symbol_in_gene_info
100532746	PPT2-EGFL8	ok
100533105	C8orf44-SGK3	ok
100533106	ZHX1-C8orf76	ok
100533107	RTEL1-TNFRSF6B	ok
100533111	ZNF670-ZNF695	ok
100533177	KRTAP29-1	ok
100533179	UBE2F-SCLY	ok
100533182	SEC24B-AS1	ok
100533183		no_symbol_in_gene_info
100533184	ARHGAP19-SLIT1	ok
100533195		no_symbol_in_gene_info
100533464		no_symbol_in_gene_info
100533955	SENP3-EIF4A1	ok
100533970	P2RX5-TAX1BP3	ok
100533990	APOC4-APOC2	ok
100533997		no_symbol_in_gene_info
100534611	TM4SF19-DYNLT2B	ok
10054	UBA2	ok
10055	SAE1	ok
100551499	LINC00159	ok
10056	FARSB	ok
10057	ABCC5	ok
10058	ABCB6	ok
10059	DNM1L	ok
1006	CDH8	ok
10060	ABCC9	ok
10061	ABCF2	ok
100616109	MIR4464	ok
100616112	MIR4793	ok
100616114	MIR4668	ok
100616115	MIR4469	ok
100616116	MIR4648	ok
100616117	MIR4653	ok
100616118	MIR4486	ok
100616122	MIR4523	ok
100616125	MIR4731	ok
100616130	MIR4526	ok
100616132	MIR4728	ok
100616144	MIR548AN	ok
100616146	MIR4534	ok
100616150	MIR4720	ok
100616151	MIR4480	ok
100616152	MIR4804	ok
100616157	MIR4772	ok
100616158	MIR4505	ok
100616159	MIR4779	ok
100616160	MIR4655	ok
100616161	MIR4795	ok
100616162	MIR4483	ok
100616163	MIR4530	ok
100616164	MIR4420	ok
100616168	MIR4754	ok
100616169	MIR378D2	ok
100616171	MIR4752	ok
100616175	MIR4633	ok
100616178	MIR4641	ok
100616181	MIR4514	ok
100616182	MIR4500	ok
100616183	MIR4513	ok
100616187	MIR4783	ok
100616190	MIR548O2	ok
100616192	MIR4679-2	ok
100616195	MIR4718	ok
100616203	MIR4734	ok
100616204	MIR4729	ok
100616206	MIR4652	ok
100616208	MIR4782	ok
100616209		no_symbol_in_gene_info
100616210	MIR4737	ok
100616212	MIR3689F	ok
100616214	MIR4667	ok
100616216	MIR4797	ok
100616219	MIR4765	ok
100616224	MIR4753	ok
100616229	MIR4473	ok
100616230	MIR4646	ok
100616231	MIR4519	ok
100616237	MIR4640	ok
100616241	MIR4717	ok
100616243	MIR4759	ok
100616246	MIR4799	ok
100616249	MIR4768	ok
100616253	MIR4762	ok
100616256	MIR4721	ok
100616257	MIR3975	ok
100616258	MIR4516	ok
100616262	MIR4701	ok
100616266	MIR4733	ok
100616268	MIR4472-1	ok
100616269	MIR4639	ok
100616271	MIR4637	ok
100616274	MIR4802	ok
100616277	MIR4522	ok
100616278	MIR4540	ok
100616280	MIR4503	ok
100616282	MIR4738	ok
100616283	MIR4766	ok
100616284	MIR4489	ok
100616285	MIR4645	ok
100616294	MIR4740	ok
100616296	MIR4678	ok
100616299	MIR4450	ok
100616300	MIR4710	ok
100616301	MIR4674	ok
100616304	MIR4499	ok
100616308	MIR4666A	ok
100616313	MIR4749	ok
100616315	MIR4781	ok
100616317	MIR4777	ok
100616318	MIR4664	ok
100616322	MIR4682	ok
100616323	MIR4482	ok
100616326	MIR4636	ok
100616327	MIR4484	ok
100616328	MIR4424	ok
100616330	MIR4491	ok
100616337	MIR4747	ok
100616339	MIR548AE2	ok
100616342	MIR4638	ok
100616343	MIR4677	ok
100616344	MIR3689D2	ok
100616348	MIR4659A	ok
100616349	MIR4451	ok
100616350	MIR4660	ok
100616352	MIR4642	ok
100616354	MIR550A3	ok
100616355	MIR4531	ok
100616359	MIR4730	ok
100616360	MIR2467	ok
100616364	MIR4785	ok
100616367	MIR4467	ok
100616368	MIR4688	ok
100616371	MIR4746	ok
100616378	MIR4784	ok
100616379	MIR4511	ok
100616380	MIR4671	ok
100616384	MIR548AC	ok
100616385	MIR4732	ok
100616387	MIR3064	ok
100616388	MIR4723	ok
100616394	MIR4444-1	ok
100616396	MIR4712	ok
100616397	MIR4440	ok
100616398	MIR4681	ok
100616399	MIR4436A	ok
100616401	MIR4520-1	ok
100616402	MIR4696	ok
100616403	MIR4691	ok
100616405	MIR4518	ok
100616406	MIR4521	ok
100616408	MIR5047	ok
100616409	MIR4711	ok
100616410	MIR4692	ok
100616413	MIR4462	ok
100616414	MIR4761	ok
100616416	MIR4727	ok
100616417	MIR4786	ok
100616419	MIR4434	ok
100616420	MIR4744	ok
100616421	MIR4689	ok
100616425	MIR4748	ok
100616426	MIR4694	ok
100616429	MIR4672	ok
100616430	MIR4644	ok
100616432	MIR4714	ok
100616434	MIR4755	ok
100616435	MIR4801	ok
100616438	MIR4632	ok
100616441	MIR4474	ok
100616449	MIR4725	ok
100616452	MIR2682	ok
100616468	MIR4742	ok
100616471	MIR4798	ok
100616475	MIR548AD	ok
100616479	MIR4635	ok
100616480	MIR4479	ok
100616481	MIR4423	ok
100616482	MIR4685	ok
100616484	MIR4470	ok
100616486	MIR4698	ok
100616489		no_symbol_in_gene_info
100616490	MIR4706	ok
100616491	MIR3978	ok
100616492	MIR378F	ok
100616493	MIR4441	ok
100616498	MIR378E	ok
100616499	MIR4435-1	ok
100616530	CFAP418-AS1	ok
100616668	TPTE2P5	ok
10062	NR1H3	ok
100628307	DIO2-AS1	ok
100628315	DNM3OS	ok
10063	COX17	ok
100630918	PARTICL	ok
100631378	WDR87BP	ok
100652730	LINC00659	ok
100652739	RAET1E-AS1	ok
100652740	PYCARD-AS1	ok
100652749	SPATA8-AS1	ok
100652758		no_symbol_in_gene_info
100652759	PRICKLE2-AS1	ok
100652768		no_symbol_in_gene_info
100652770	DSG2-AS1	ok
100652772	NNT-AS1	ok
100652781	SNX29P1	ok
100652791		no_symbol_in_gene_info
100652824	KIAA2012	ok
100652846	CACNA1C-AS1	ok
100652853	LINC01023	ok
100652857	TMCO5B	ok
100652883	ALOX15P1	ok
100652909	LINC00904	ok
100652999	ATF7-AS1	ok
100653515	CEP295NL	ok
10066	SCAMP2	ok
10067	SCAMP3	ok
10068	IL18BP	ok
10069	RWDD2B	ok
1007	CDH9	ok
10071	MUC12	ok
10072	DPP3	ok
10073	SNUPN	ok
10075	HUWE1	ok
100750225	PCAT1	ok
100750247	HIF1A-AS2	ok
100750325	RCAN3AS	ok
100750326	HTT-AS	ok
10076	PTPRU	ok
10077	TSPAN32	ok
100775104	KLHL7-DT	ok
100775107	RBM5-AS1	ok
10078	TSSC4	ok
10079	ATP9A	ok
1008	CDH10	ok
10081	PDCD7	ok
10082	GPC6	ok
100820829	MYZAP	ok
10083	USH1C	ok
10084	PQBP1	ok
100846996	MIR5007	ok
100846998	MIR5689	ok
100847000	MIR5579	ok
100847003	MIR5693	ok
100847004	MIR5188	ok
100847007	MIR5696	ok
100847008	MIR4524B	ok
100847010	MIR5581	ok
100847012	MIR5004	ok
100847015	MIR5691	ok
100847017	MIR5692C2	ok
100847020	MIR5582	ok
100847021	MIR5002	ok
100847022	MIR5093	ok
100847023	MIR5091	ok
100847026	MIR5006	ok
100847028	MIR5587	ok
100847031	MIR5700	ok
100847032	MIR5707	ok
100847035	MIR548AR	ok
100847036	MIR5186	ok
100847039	MIR5092	ok
100847044	MIR5087	ok
100847046	MIR5010	ok
100847048	MIR5690	ok
100847049	MIR4999	ok
100847050	MIR5191	ok
100847051	MIR5194	ok
100847057	MIR5189	ok
100847059	MIR5094	ok
100847063	MIR548AX	ok
100847067	MIR5089	ok
100847070	MIR5196	ok
100847072	MIR5008	ok
100847073	MIR5090	ok
100847075	MIR5685	ok
100847076	MIR5580	ok
100847079	MIR5193	ok
100847080	MIR5190	ok
100847081	MIR5703	ok
100847083	MIR548AV	ok
100847086	MIR5699	ok
100847087	MIR5192	ok
100847088	MIR5586	ok
100847089	MIR5584	ok
100847090	MIR5187	ok
10085	EDIL3	ok
100852408	EGFLAM-AS4	ok
100852410	ZRANB2-DT	ok
100859921	LINC00536	ok
100859930	HEIH	ok
10086	HHLA1	ok
100861402	CERS6-AS1	ok
100861504	LINC00538	ok
100861510	LRRC3-DT	ok
100861519	GDNF-AS1	ok
100861520	POU6F2-AS1	ok
100861540	CYP3A7-CYP3A51P	ok
100861554	LINC00563	ok
100861555	SWINGN	ok
100862662	ALDH1L1-AS2	ok
100862679	NAALADL2-AS3	ok
100862680	LINC00507	ok
100862692	DIP2A-IT1	ok
100862704	RB1-DT	ok
100862728	UPK1A-AS1	ok
10087	CERT1	ok
100873065	PTCHD1-AS	ok
100873749	RNU6-34P	ok
100873753	RNU6-16P	ok
100873761	RNU6-52P	ok
100873770	RNU6-66P	ok
100873778	RNU6-78P	ok
100873922	ZFX-AS1	ok
100873932	DPYD-AS1	ok
100873935	MTOR-AS1	ok
100873939	LNX1-AS1	ok
100873941	OPA1-AS1	ok
100873942	PHEX-AS1	ok
100873945	HLTF-AS1	ok
100873946	VAV3-AS1	ok
100873954	SNRK-AS1	ok
100873955	LNX1-AS2	ok
100873962	LINC00278	ok
100873965	MED4-AS1	ok
100873969	GPC5-AS1	ok
100873973	GPC6-AS2	ok
100873976	CNTN4-AS2	ok
100873982	ABCC5-AS1	ok
100873983	MAGI1-AS1	ok
100873989	GRM5-AS1	ok
100873997	KCNQ5-AS1	ok
100874012	NAV2-AS5	ok
100874016	SYNPR-AS1	ok
100874018	EPN2-AS1	ok
100874021	MAGI2-AS2	ok
100874027	TPRG1-AS2	ok
100874028	SGO1-AS1	ok
100874029	CFAP44-AS1	ok
100874032	PRRT3-AS1	ok
100874037	CADM2-AS2	ok
100874041	MACC1-AS1	ok
100874042	HM13-AS1	ok
100874047	LINC00499	ok
100874051	LZTS1-AS1	ok
100874052	LINC00534	ok
100874053	JRKL-AS1	ok
100874054	FALEC	ok
100874055	LINC00570	ok
100874056	NLGN4Y-AS1	ok
100874058	COX10-DT	ok
100874059	LINC00297	ok
100874064	PCDH9-AS2	ok
100874074	DLEU7-AS1	ok
100874083	KCNAB1-AS2	ok
100874084	KCNAB1-AS1	ok
100874086	PCDH9-AS3	ok
100874090	SLC6A1-AS1	ok
100874093	BRWD1-AS1	ok
100874095	ADIPOQ-AS1	ok
100874102	HS6ST2-AS1	ok
100874107	MTUS2-AS1	ok
100874114	CCDC13-AS1	ok
100874123	ZNRF3-AS1	ok
100874127	LINC00332	ok
100874128	LINC00333	ok
100874137	LINC00351	ok
100874147	LINC00366	ok
100874150	LINC00379	ok
100874151	LINC00381	ok
100874158	LINC00398	ok
100874164		no_symbol_in_gene_info
100874167	LINC00423	ok
100874173	LINC00443	ok
100874175	LINC00446	ok
100874179	LINC00457	ok
100874182	LINC00424	ok
100874184	LINC00502	ok
100874185	FRMD6-AS2	ok
100874187	LINC00559	ok
100874188	LINC00571	ok
100874190	SAMSN1-AS1	ok
100874194	CLDN10-AS1	ok
100874195	DIAPH3-AS1	ok
100874196	DIAPH3-AS2	ok
100874197	EFCAB6-AS1	ok
100874198	SHANK2-AS1	ok
100874200	ARHGEF3-AS1	ok
100874203	COL4A2-AS1	ok
100874204	ALDH1L1-AS1	ok
100874206	OSBPL10-AS1	ok
100874207	ST3GAL6-AS1	ok
100874208	NDFIP2-AS1	ok
100874212	MYCBP2-AS1	ok
100874222	OBI1-AS1	ok
100874231	SPATA13-AS1	ok
100874234	CACNA1C-AS4	ok
100874236	COL18A1-AS2	ok
100874237	CACNA2D3-AS1	ok
100874239	ARHGAP26-AS1	ok
100874241	STARD13-AS	ok
100874242	PRICKLE2-AS2	ok
100874243	PRICKLE2-AS3	ok
100874249	DENND5B-AS1	ok
100874251	KIRREL3-AS2	ok
100874253	LINC00853	ok
100874255	RNASEH2B-AS1	ok
100874261	CCDC200	ok
100874264	AOAH-IT1	ok
100874282	MLIP-IT1	ok
100874300	SYNJ2-IT1	ok
100874309	EPN2-IT1	ok
100874323	HOXA10-AS	ok
100874342	RNF216-IT1	ok
100874353	RPS6KA2-IT1	ok
100874361	PPP2R2B-IT1	ok
100874362	HOXB-AS1	ok
100874366	HOXC13-AS	ok
100874370	CACNA1C-IT3	ok
100874377	SMIM2-IT1	ok
100874392	ANKRD20A12P	ok
100885775	BANCR	ok
100885776	UGDH-AS1	ok
100885777	PCCA-AS1	ok
100885778	NALCN-AS1	ok
100885779	LINC-ROR	ok
100885781	LINC00348	ok
100885782	MYO16-AS1	ok
100885795	LARS2-AS1	ok
100885796	SLC9A9-AS1	ok
100885848	PTGES3L	ok
100885850	PTGES3L-AARSD1	ok
100886964	PTCSC3	ok
100887750	MRPS31P5	ok
100887754	LINC00359	ok
100887755	TRERNA1	ok
10089	KCNK7	ok
1009	CDH11	ok
10090	UST	ok
10092	ARPC5	ok
10093	ARPC4	ok
10094	ARPC3	ok
10095	ARPC1B	ok
10096	ACTR3	ok
10097	ACTR2	ok
10098	TSPAN5	ok
10099	TSPAN3	ok
100996255	LINC02256	ok
100996280	LINC00911	ok
100996291	LINC01993	ok
100996295	DNAH17-AS1	ok
100996307	LIPE-AS1	ok
100996325	CEP72-DT	ok
100996455	LINC02724	ok
100996485	PITX1-AS1	ok
100996569	NAMA	ok
100996634		no_symbol_in_gene_info
100996669	LINC01544	ok
100996712	SRGAP2D	ok
100996939	PYURF	ok
101	ADAM8	ok
1010	CDH12	ok
10100	TSPAN2	ok
10101	NUBP2	ok
10102	TSFM	ok
10103	TSPAN1	ok
10105	PPIF	ok
101054525	PGR-AS1	ok
101055625	OVCH1-AS1	ok
101059948	SAXO3	ok
10106	CTDSP2	ok
101060200	ZNF891	ok
10107	TRIM10	ok
10109	ARPC2	ok
10110	SGK2	ok
101101772	LINC00601	ok
101101773	LINC00609	ok
101101775	TMEM220-AS1	ok
101101776	BMS1P17	ok
10111	RAD50	ok
10112	KIF20A	ok
10113	PREB	ok
10114	HIPK3	ok
10116	FEM1B	ok
10117	ENAM	ok
101180976	IFNL4	ok
1012	CDH13	ok
10120	ACTR1B	ok
10121	ACTR1A	ok
10123	ARL4C	ok
10124	ARL4A	ok
101241902	C4orf46P3	ok
101243544		no_symbol_in_gene_info
101243545	LINC02067	ok
10125	RASGRP1	ok
10126	DNAL4	ok
10127	ZNF263	ok
10128	LRPPRC	ok
10129	FRY	ok
1013	CDH15	ok
10130	PDIA6	ok
10131	TRAP1	ok
10133	OPTN	ok
10134	BCAP31	ok
101340251	SNORD124	ok
10135	NAMPT	ok
10136	CELA3A	ok
10137	RBM12	ok
10138	YAF2	ok
10139	ARFRP1	ok
1014	CDH16	ok
10140	TOB1	ok
101409254	LINC00681	ok
101409256		no_symbol_in_gene_info
101409257	EZR-AS1	ok
101409258	OSGEPL1-AS1	ok
101409261	OGFR-AS1	ok
10141	LINC01587	ok
101410533	YTHDF3-DT	ok
101410534	DLGAP1-AS4	ok
101410535	LAMTOR5-AS1	ok
101410537	MAGEA8-AS1	ok
101410538	MMP24OS	ok
101410540	FANK1-AS1	ok
101410541	LINC00678	ok
101410542	UCHL1-DT	ok
101410543	XXYLT1-AS2	ok
101410544	RMDN2-AS1	ok
101410545	STPG2-AS1	ok
10142	AKAP9	ok
10143	CLEC3A	ok
10144	FAM13A	ok
101448202		no_symbol_in_gene_info
10146	G3BP1	ok
10147	SUGP2	ok
10148	EBI3	ok
10149	ADGRG2	ok
1015	CDH17	ok
10150	MBNL2	ok
10151	HNRNPA3P1	ok
10152	ABI2	ok
10153	CEBPZ	ok
10154	PLXNC1	ok
10155	TRIM28	ok
101559451	PELP1-DT	ok
10156	RASA4	ok
10157	AASS	ok
10158	PDZK1IP1	ok
10159	ATP6AP2	ok
1016	CDH18	ok
10160	FARP1	ok
10161	LPAR6	ok
10162	LPCAT3	ok
10163	WASF2	ok
10164	CHST4	ok
10165	SLC25A13	ok
10166	SLC25A15	ok
10168	ZNF197	ok
10169	SERF2	ok
1017	CDK2	ok
10170	DHRS9	ok
10171	RCL1	ok
10172	ZNF256	ok
10174	SORBS3	ok
10175	CNIH1	ok
10178	TENM1	ok
10179	RBM7	ok
1018	CDK3	ok
10180	RBM6	ok
10181	RBM5	ok
10184	LHFPL2	ok
10186	LHFPL6	ok
10188	TNK2	ok
10189	ALYREF	ok
1019	CDK4	ok
10190	TXNDC9	ok
10193	RNF41	ok
10194	TSHZ1	ok
10195	ALG3	ok
10196	PRMT3	ok
10197	PSME3	ok
10198	MPHOSPH9	ok
10199	MPHOSPH10	ok
102	ADAM10	ok
1020	CDK5	ok
10200	MPHOSPH6	ok
10201	NME6	ok
10202	DHRS2	ok
10203	CALCRL	ok
10204	NUTF2	ok
10205	MPZL2	ok
10206	TRIM13	ok
10207	PATJ	ok
10208	USPL1	ok
10209	EIF1	ok
1021	CDK6	ok
10210	TOPORS	ok
10211	FLOT1	ok
10212	DDX39A	ok
10213	PSMD14	ok
10214	SSX3	ok
10215	OLIG2	ok
10216	PRG4	ok
10217	CTDSPL	ok
10218	ANGPTL7	ok
10219	KLRG1	ok
1022	CDK7	ok
10220	GDF11	ok
10221	TRIB1	ok
10223	GPA33	ok
10224	ZNF443	ok
10225	CD96	ok
10226	PLIN3	ok
10227	SLC75A1	ok
10228	STX6	ok
10229	COQ7	ok
10230	NBR2	ok
10231	RCAN2	ok
10232	MSLN	ok
10233	LRRC23	ok
10234	LRRC17	ok
10235	RASGRP2	ok
10236	HNRNPR	ok
10237	SLC35B1	ok
10238	DCAF7	ok
10239	AP3S2	ok
1024	CDK8	ok
10240	MRPS31	ok
10241	CALCOCO2	ok
10242	KCNMB2	ok
10243	GPHN	ok
10244	RABEPK	ok
10245	TIMM17B	ok
10246	SLC17A2	ok
10247	RIDA	ok
10248	POP7	ok
10249	GLYAT	ok
1025	CDK9	ok
10250	SRRM1	ok
10251	SPRY3	ok
10252	SPRY1	ok
10253	SPRY2	ok
10254	STAM2	ok
10255	HCG9	ok
10256	CNKSR1	ok
10257	ABCC4	ok
1026	CDKN1A	ok
10260	DENND4A	ok
10261	IGSF6	ok
10262	SF3B4	ok
10263	CDK2AP2	ok
10265	IRX5	ok
10266	RAMP2	ok
10267	RAMP1	ok
10268	RAMP3	ok
10269	ZMPSTE24	ok
1027	CDKN1B	ok
10270	AKAP8	ok
10272	FSTL3	ok
10273	STUB1	ok
10274	STAG1	ok
10276	NET1	ok
10277	UBE4B	ok
10278	EFS	ok
10279	PRSS16	ok
1028	CDKN1C	ok
10280	SIGMAR1	ok
10281	DSCR4	ok
10282	BET1	ok
10283	CWC27	ok
10284	SAP18	ok
10285	SMNDC1	ok
10286	BCAS2	ok
10287	RGS19	ok
10288	LILRB2	ok
10289	EIF1B	ok
1029	CDKN2A	ok
10290	SPEG	ok
10291	SF3A1	ok
10293	TRAIP	ok
10294	DNAJA2	ok
10295	BCKDK	ok
10296	MAEA	ok
10297	APC2	ok
10298	PAK4	ok
10299	MARCHF6	ok
103	ADAR	ok
1030	CDKN2B	ok
10300	KATNB1	ok
10301	DLEU1	ok
10302	SNAPC5	ok
10307	APBB3	ok
10308	ZNF267	ok
10309	CCNO	ok
1031	CDKN2C	ok
10311	VPS26C	ok
10312	TCIRG1	ok
10313	RTN3	ok
10314	LANCL1	ok
10316	NMUR1	ok
10317	B3GALT5	ok
10318	TNIP1	ok
10319	LAMC3	ok
1032	CDKN2D	ok
10320	IKZF1	ok
10321	CRISP3	ok
10322	SMYD5	ok
10324	KLHL41	ok
10325	RRAGB	ok
10326	SIRPB1	ok
10327	AKR1A1	ok
10328	EMC8	ok
10329	RXYLT1	ok
1033	CDKN3	ok
10330	CNPY2	ok
10331	B3GNT3	ok
10332	CLEC4M	ok
10333	TLR6	ok
10335	IRAG1	ok
10336	PCGF3	ok
10342	TFG	ok
10343	PKDREJ	ok
10344	CCL26	ok
10345	TRDN	ok
10346	TRIM22	ok
10347	ABCA7	ok
10349	ABCA10	ok
10350	ABCA9	ok
10351	ABCA8	ok
10352	WARS2	ok
1036	CDO1	ok
10360	NPM3	ok
10361	NPM2	ok
10362	HMG20B	ok
10363	HMG20A	ok
10365	KLF2	ok
10367	MICU1	ok
10368	CACNG3	ok
10369	CACNG2	ok
10370	CITED2	ok
10371	SEMA3A	ok
10376	TUBA1B	ok
1038	CDR1	ok
10380	BPNT1	ok
10381	TUBB3	ok
10382	TUBB4A	ok
10383	TUBB4B	ok
10384	BTN3A3	ok
10385	BTN2A2	ok
10388	SYCP2	ok
10389	SCML2	ok
1039	CDR2	ok
10390	CEPT1	ok
10391	CORO2B	ok
103910	MYL12B	ok
10392	NOD1	ok
10393	ANAPC10	ok
10394	PRG3	ok
10395	DLC1	ok
10396	ATP8A1	ok
10397	NDRG1	ok
10398	MYL9	ok
10399	RACK1	ok
104	ADARB1	ok
1040	CDS1	ok
10400	PEMT	ok
10401	PIAS3	ok
10402	ST3GAL6	ok
10403	NDC80	ok
10404	CPQ	ok
10406	WFDC2	ok
10408	MYCNOS	ok
10409	BASP1	ok
1041	CDSN	ok
10410	IFITM3	ok
10411	RAPGEF3	ok
10412	NSA2	ok
10413	YAP1	ok
10417	SPON2	ok
10418	SPON1	ok
10419	PRMT5	ok
10420	TESK2	ok
10421	CD2BP2	ok
10422	UBAC1	ok
10423	CDIPT	ok
10424	PGRMC2	ok
10425	ARIH2	ok
10426	TUBGCP3	ok
10427	SEC24B	ok
10428	CFDP1	ok
1043	CD52	ok
10430	TMEM147	ok
10432	RBM14	ok
10434	LYPLA1	ok
10435	CDC42EP2	ok
10436	EMG1	ok
10438	C1D	ok
10439	OLFM1	ok
1044	CDX1	ok
10440	TIMM17A	ok
10443	N4BP2L2	ok
10444	ZER1	ok
10445	MCRS1	ok
10446	LRRN2	ok
10447	FAM3C	ok
10449	ACAA2	ok
1045	CDX2	ok
10450	PPIE	ok
10451	VAV3	ok
10452	TOMM40	ok
10454	TAB1	ok
10455	ECI2	ok
10456	HAX1	ok
10457	GPNMB	ok
10458	BAIAP2	ok
10459	MAD2L2	ok
1046	CDX4	ok
10460	TACC3	ok
10461	MERTK	ok
10462	CLEC10A	ok
10463	SLC30A9	ok
10464	PIBF1	ok
10465	PPIH	ok
10466	COG5	ok
10467	ZNHIT1	ok
10468	FST	ok
10469	TIMM44	ok
1047	CLGN	ok
10471	PFDN6	ok
10472	ZBTB18	ok
10473	HMGN4	ok
10474	TADA3	ok
10475	TRIM38	ok
10476	ATP5PD	ok
10477	UBE2E3	ok
10478	SLC25A17	ok
10479	SLC9A6	ok
1048	CEACAM5	ok
10480	EIF3M	ok
10481	HOXB13	ok
10482	NXF1	ok
10483	SEC23B	ok
10484	SEC23A	ok
10485	MIR9-1HG	ok
10486	CAP2	ok
10487	CAP1	ok
10488	CREB3	ok
10489	LRRC41	ok
10490	VTI1B	ok
10491	CRTAP	ok
10492	SYNCRIP	ok
10493	VAT1	ok
10494	STK25	ok
10495	ENOX2	ok
10497	UNC13B	ok
10498	CARM1	ok
10499	NCOA2	ok
105	ADARB2	ok
1050	CEBPA	ok
10500	SEMA6C	ok
10501	SEMA6B	ok
10505	SEMA4F	ok
10507	SEMA4D	ok
10509	SEMA4B	ok
1051	CEBPB	ok
10512	SEMA3C	ok
10513	APPBP2	ok
10514	MYBBP1A	ok
10516	FBLN5	ok
10517	FBXW10	ok
10518	CIB2	ok
10519	CIB1	ok
1052	CEBPD	ok
10520	ZNF211	ok
10521	DDX17	ok
10522	DEAF1	ok
10523	CHERP	ok
10524	KAT5	ok
10525	HYOU1	ok
10526	IPO8	ok
10527	IPO7	ok
10528	NOP56	ok
10529	NEBL	ok
1053	CEBPE	ok
10531	PITRM1	ok
10533	ATG7	ok
10534	ZNRD2	ok
10535	RNASEH2A	ok
10536	P3H3	ok
10537	UBD	ok
10538	BATF	ok
10539	GLRX3	ok
1054	CEBPG	ok
10540	DCTN2	ok
10541	ANP32B	ok
10542	LAMTOR5	ok
10544	PROCR	ok
10548	TM9SF1	ok
10549	PRDX4	ok
10550	ARL6IP5	ok
10551	AGR2	ok
10552	ARPC1A	ok
10553	HTATIP2	ok
10554	AGPAT1	ok
10555	AGPAT2	ok
10556	RPP30	ok
10557	RPP38	ok
10558	SPTLC1	ok
10559	SLC35A1	ok
1056	CEL	ok
10560	SLC19A2	ok
10561	IFI44	ok
10562	OLFM4	ok
10563	CXCL13	ok
10564	ARFGEF2	ok
10565	ARFGEF1	ok
10566	AKAP3	ok
10567	RABAC1	ok
10568	SLC34A2	ok
10569	SLU7	ok
1057	CELP	ok
10570	DPYSL4	ok
10572	SIVA1	ok
10573	MRPL28	ok
10574	CCT7	ok
10575	CCT4	ok
10576	CCT2	ok
10577	NPC2	ok
10578	GNLY	ok
10579	TACC2	ok
1058	CENPA	ok
10580	SORBS1	ok
10581	IFITM2	ok
10584	COLEC10	ok
10585	POMT1	ok
10586	MAB21L2	ok
10587	TXNRD2	ok
10588	MTHFS	ok
10589	DRAP1	ok
1059	CENPB	ok
10590	SCGN	ok
10591	DNPH1	ok
10592	SMC2	ok
10594	PRPF8	ok
10595	ERN2	ok
10597	TRAPPC2B	ok
10598	AHSA1	ok
10599	SLCO1B1	ok
1060	CENPC	ok
10600	USP16	ok
10602	CDC42EP3	ok
10603	SH2B2	ok
10605	PAIP1	ok
10606	PAICS	ok
10607	TBL3	ok
10608	MXD4	ok
10609	P3H4	ok
10610	ST6GALNAC2	ok
10611	PDLIM5	ok
10612	TRIM3	ok
10613	ERLIN1	ok
10614	HEXIM1	ok
10615	SPAG5	ok
10616	RBCK1	ok
10617	STAMBP	ok
10618	TGOLN2	ok
1062	CENPE	ok
10620	ARID3B	ok
10621	POLR3F	ok
10622	POLR3G	ok
10623	POLR3C	ok
10625	IVNS1ABP	ok
10626	TRIM16	ok
10627	MYL12A	ok
10628	TXNIP	ok
10629	TAF6L	ok
1063	CENPF	ok
10630	PDPN	ok
10631	POSTN	ok
10632	ATP5MG	ok
10633	RASL10A	ok
10634	GAS2L1	ok
10635	RAD51AP1	ok
10636	RGS14	ok
10637	LEFTY1	ok
10640	EXOC5	ok
10641	NPRL2	ok
10642	IGF2BP1	ok
10643	IGF2BP3	ok
10644	IGF2BP2	ok
10645	CAMKK2	ok
10647	SCGB1D2	ok
10650	PRELID3A	ok
10651	MTX2	ok
10652	YKT6	ok
10653	SPINT2	ok
10654	PMVK	ok
10655	DMRT2	ok
10656	KHDRBS3	ok
10657	KHDRBS1	ok
10658	CELF1	ok
10659	CELF2	ok
1066	CES1	ok
10660	LBX1	ok
10661	KLF1	ok
10663	CXCR6	ok
10664	CTCF	ok
10665	TSBP1	ok
10666	CD226	ok
10667	FARS2	ok
10668	CGRRF1	ok
10669	CGREF1	ok
10670	RRAGA	ok
10671	DCTN6	ok
10672	GNA13	ok
10673	TNFSF13B	ok
10675	CSPG5	ok
10677	AVIL	ok
10678	B3GNT2	ok
10681	GNB5	ok
10682	EBP	ok
10683	DLL3	ok
10686	CLDN16	ok
10687	PNMA2	ok
1069	CETN2	ok
10690	FUT9	ok
10691	GMEB1	ok
10692	RRH	ok
10693	CCT6B	ok
10694	CCT8	ok
10695	CNPY3	ok
10699	CORIN	ok
107	ADCY1	ok
1070	CETN3	ok
1071	CETP	ok
10712	ENTREP3	ok
10713	USP39	ok
10714	POLD3	ok
10715	CERS1	ok
10716	TBR1	ok
10717	AP4B1	ok
10718	NRG3	ok
1072	CFL1	ok
10720	UGT2B11	ok
10721	POLQ	ok
10723	SLC12A7	ok
10724	OGA	ok
10725	NFAT5	ok
10726	NUDC	ok
10728	PTGES3	ok
1073	CFL2	ok
10730	YME1L1	ok
10732	TCFL5	ok
10733	PLK4	ok
10734	STAG3	ok
10735	STAG2	ok
10736	SIX2	ok
10737	RFPL3S	ok
10738	RFPL3	ok
10739	RFPL2	ok
10740	RFPL1S	ok
10741	RBBP9	ok
10742	RAI2	ok
10743	RAI1	ok
10744	PTTG2	ok
10745	PHTF1	ok
10746	MAP3K2	ok
10747	MASP2	ok
10748	KLRA1P	ok
10749	KIF1C	ok
1075	CTSC	ok
10750	GRAP	ok
10752	CHL1	ok
10753	CAPN9	ok
10755	GIPC1	ok
10758	TRAF3IP2	ok
10761	PLAC1	ok
10762	NUP50	ok
10763	NES	ok
10765	KDM5B	ok
10766	TOB2	ok
10767	HBS1L	ok
10768	AHCYL1	ok
10769	PLK2	ok
10771	ZMYND11	ok
10772	SRSF10	ok
10773	ZBTB6	ok
10775	POP4	ok
10776	ARPP19	ok
10777	ARPP21	ok
10778	ZNF271P	ok
10780	ZNF234	ok
10781	ZNF266	ok
10782	ZNF274	ok
10783	NEK6	ok
10785	WDR4	ok
10786	SLC17A3	ok
10787	NCKAP1	ok
10788	IQGAP2	ok
10791	VAMP5	ok
10793	ZNF273	ok
10794	ZNF460	ok
10795	ZNF268	ok
10797	MTHFD2	ok
10798	OR5I1	ok
10799	RPP40	ok
108	ADCY2	ok
1080	CFTR	ok
10800	CYSLTR1	ok
10801	SEPTIN9	ok
10802	SEC24A	ok
10803	CCR9	ok
10804	GJB6	ok
10806	SDCCAG8	ok
10807	ENTR1	ok
10808	HSPH1	ok
10809	STARD10	ok
1081	CGA	ok
10810	WASF3	ok
10811	NOXA1	ok
10813	UTP14A	ok
10814	CPLX2	ok
10815	CPLX1	ok
10817	FRS3	ok
10818	FRS2	ok
10819	OR7E14P	ok
1082	CGB3	ok
10821	OR7E12P	ok
10825	NEU3	ok
10826	FAXDC2	ok
10827	FAM114A2	ok
10838	ZNF275	ok
1084	CEACAM3	ok
10840	ALDH1L1	ok
10841	FTCD	ok
10842	PPP1R17	ok
10844	TUBGCP2	ok
10845	CLPX	ok
10846	PDE10A	ok
10847	SRCAP	ok
10848	PPP1R13L	ok
10849	POLR1G	ok
10850	CCL27	ok
10855	HPSE	ok
10856	RUVBL2	ok
10857	PGRMC1	ok
10858	CYP46A1	ok
10859	LILRB1	ok
10861	SLC26A1	ok
10863	ADAM28	ok
10864	SLC22A7	ok
10865	ARID5A	ok
10866	HCP5	ok
10867	TSPAN9	ok
10868	USP20	ok
10869	USP19	ok
1087	CEACAM7	ok
10870	HCST	ok
10871	CD300C	ok
10873	ME3	ok
10874	NMU	ok
10875	FGL2	ok
10876	EDDM3A	ok
10877	CFHR4	ok
10878	CFHR3	ok
10879	SMR3B	ok
1088	CEACAM8	ok
10880	ACTL7B	ok
10881	ACTL7A	ok
10882	C1QL1	ok
10884	MRPS30	ok
10885	WDR3	ok
10886	NPFFR2	ok
10887	PROKR1	ok
10888	GPR83	ok
1089	CEACAM4	ok
10890	RAB10	ok
10891	PPARGC1A	ok
10892	MALT1	ok
10893	MMP24	ok
10894	LYVE1	ok
10895	PPBPP2	ok
10896		no_symbol_in_gene_info
10897	YIF1A	ok
10898	CPSF4	ok
10899	JTB	ok
109	ADCY3	ok
10900	RUNDC3A	ok
10901	DHRS4	ok
10902	BRD8	ok
10903	MTMR11	ok
10904	BLCAP	ok
10905	MAN1A2	ok
10906	TRAFD1	ok
10907	TXNL4A	ok
10908	PNPLA6	ok
10910	SUGT1	ok
10911	UTS2	ok
10912	GADD45G	ok
10913	EDAR	ok
10914	PAPOLA	ok
10915	TCERG1	ok
10916	MAGED2	ok
10917	BTNL3	ok
10919	EHMT2	ok
10920	COPS8	ok
10921	RNPS1	ok
10922	FASTK	ok
10923	SUB1	ok
10924	SMPDL3A	ok
10926	DBF4	ok
10927	SPIN1	ok
10928	RALBP1	ok
10930	APOBEC2	ok
10933	MORF4L1	ok
10935	PRDX3	ok
10936	GPR75	ok
10938	EHD1	ok
10939	AFG3L2	ok
10940	POP1	ok
10941	UGT2A1	ok
10942	PRSS21	ok
10943	MSL3	ok
10944	C11orf58	ok
10945	KDELR1	ok
10946	SF3A3	ok
10947	AP3M2	ok
10948	STARD3	ok
10949	HNRNPA0	ok
10950	BTG3	ok
10951	CBX1	ok
10952	SEC61B	ok
10953	TOMM34	ok
10954	PDIA5	ok
10955	SERINC3	ok
10956	OS9	ok
10957	PNRC1	ok
10959	TMED2	ok
10960	LMAN2	ok
10961	ERP29	ok
10962	MLLT11	ok
10963	STIP1	ok
10964	IFI44L	ok
10965	ACOT2	ok
10966	RAB40B	ok
10969	EBNA1BP2	ok
10970	CKAP4	ok
10971	YWHAQ	ok
10972	TMED10	ok
10973	ASCC3	ok
10974	ADIRF	ok
10975	UQCR11	ok
10978	CLP1	ok
10979	FERMT2	ok
10980	COPS6	ok
10981	RAB32	ok
10982	MAPRE2	ok
10983	CCNI	ok
10984	KCNQ1OT1	ok
10985	GCN1	ok
10987	COPS5	ok
10988	METAP2	ok
10989	IMMT	ok
10990	LILRB5	ok
10991	SLC38A3	ok
10992	SF3B2	ok
10993	SDS	ok
10994	HACL2	ok
10998	SLC27A5	ok
10999	SLC27A4	ok
11000	SLC27A3	ok
11001	SLC27A2	ok
11004	KIF2C	ok
11005	SPINK5	ok
11006	LILRB4	ok
11007	CCDC85B	ok
11009	IL24	ok
1101	CHAD	ok
11010	GLIPR1	ok
11011	TLK2	ok
11012	KLK11	ok
11013	TMSB15A	ok
11014	KDELR2	ok
11015	KDELR3	ok
11016	ATF7	ok
11017	SNRNP27	ok
11018	TMED1	ok
11019	LIAS	ok
1102	RCBTB2	ok
11020	IFT27	ok
11021	RAB35	ok
11022	TDRKH	ok
11023	VAX1	ok
11024	LILRA1	ok
11025	LILRB3	ok
11026	LILRA3	ok
11027	LILRA2	ok
1103	CHAT	ok
11030	RBPMS	ok
11031	RAB31	ok
11033	ADAP1	ok
11034	DSTN	ok
11035	RIPK3	ok
11036	GTF2A1L	ok
11037	STON1	ok
11039	GUSBP14	ok
1104	RCC1	ok
11040	PIM2	ok
11041	B4GAT1	ok
11042	GUSBP15	ok
11043	MID2	ok
11044	TENT4A	ok
11045	UPK1A	ok
11046	SLC35D2	ok
11047	ADRM1	ok
1105	CHD1	ok
11051	NUDT21	ok
11052	CPSF6	ok
11054	OGFR	ok
11055	ZPBP	ok
11056	DDX52	ok
11057	ABHD2	ok
11059	WWP1	ok
1106	CHD2	ok
11060	WWP2	ok
11061	CNMD	ok
11062	DUS4L	ok
11063	SOX30	ok
11064	CNTRL	ok
11065	UBE2C	ok
11066	SNRNP35	ok
11067	DEPP1	ok
11068	CYB561D2	ok
11069	RAPGEF4	ok
1107	CHD3	ok
11070	TMEM115	ok
11072	DUSP14	ok
11073	TOPBP1	ok
11074	TRIM31	ok
11075	STMN2	ok
11076	TPPP	ok
11077	HSF2BP	ok
11078	TRIOBP	ok
11079	RER1	ok
1108	CHD4	ok
11080	DNAJB4	ok
11081	KERA	ok
11082	ESM1	ok
11083	DIDO1	ok
11085	ADAM30	ok
11086	ADAM29	ok
1109	AKR1C4	ok
11091	WDR5	ok
11092	SPACA9	ok
11093	ADAMTS13	ok
11094	CACFD1	ok
11095	ADAMTS8	ok
11096	ADAMTS5	ok
11097	NUP42	ok
11098	PRSS23	ok
11099	PTPN21	ok
111	ADCY5	ok
11100	HNRNPUL1	ok
11101	ATE1	ok
11102	RPP14	ok
11103	KRR1	ok
11104	KATNA1	ok
11105	PRDM7	ok
11107	PRDM5	ok
11108	PRDM4	ok
1111	CHEK1	ok
11112	HIBADH	ok
11113	CIT	ok
11116	CEP43	ok
11117	EMILIN1	ok
11118	BTN3A2	ok
11119	BTN3A1	ok
1112	FOXN3	ok
11120	BTN2A1	ok
11122	PTPRT	ok
11123	RCAN3	ok
11124	FAF1	ok
11126	CD160	ok
11127	KIF3A	ok
11128	POLR3A	ok
11129	CLASRP	ok
1113	CHGA	ok
11130	ZWINT	ok
11131	CAPN11	ok
11132	CAPN10	ok
11133	KPTN	ok
11135	CDC42EP1	ok
11136	SLC7A9	ok
11137	PWP1	ok
11138	TBC1D8	ok
1114	CHGB	ok
11140	CDC37	ok
11141	IL1RAPL1	ok
11142	PKIG	ok
11143	KAT7	ok
11144	DMC1	ok
11145	PLAAT3	ok
11146	GLMN	ok
11147	ANKRD13C-DT	ok
11148	HHLA2	ok
11149	POPDC1	ok
11151	CORO1A	ok
11152	WDR45	ok
11153	FICD	ok
11154	AP4S1	ok
11155	LDB3	ok
11156	PTP4A3	ok
11157	LSM6	ok
11158	RABL2B	ok
11159	RABL2A	ok
1116	CHI3L1	ok
11160	ERLIN2	ok
11161	ERG28	ok
11162	NUDT6	ok
11163	NUDT4	ok
11164	NUDT5	ok
11165	NUDT3	ok
11166	SOX21	ok
11167	FSTL1	ok
11168	PSIP1	ok
11169	WDHD1	ok
1117	CHI3L2	ok
11170	FAM107A	ok
11171	STRAP	ok
11172	INSL6	ok
11173	ADAMTS7	ok
11174	ADAMTS6	ok
11176	BAZ2A	ok
11177	BAZ1A	ok
11178	LZTS1	ok
11179	ZNF277	ok
1118	CHIT1	ok
11180	WDR6	ok
11181	TREH	ok
11182	SLC2A6	ok
11183	MAP4K5	ok
11184	MAP4K1	ok
11185	INMT	ok
11186	RASSF1	ok
11187	PKP3	ok
11188	NISCH	ok
11189	CELF3	ok
1119	CHKA	ok
11190	CEP250	ok
11191	PTENP1	ok
11193	WBP4	ok
11194	ABCB8	ok
11196	SEC23IP	ok
11197	WIF1	ok
11198	SUPT16H	ok
11199	ANXA10	ok
112	ADCY6	ok
1120	CHKB	ok
11200	CHEK2	ok
11201	POLI	ok
11202	KLK8	ok
11209	MST1P2	ok
1121	CHM	ok
11211	FZD10	ok
11212	PLPBP	ok
11213	IRAK3	ok
11214	AKAP13	ok
11215	AKAP11	ok
11216	AKAP10	ok
11217		no_symbol_in_gene_info
11218	DDX20	ok
11219	TREX2	ok
1122	CHML	ok
11221	DUSP10	ok
11222	MRPL3	ok
11223	MST1L	ok
11224	RPL35	ok
11226	GALNT6	ok
11227	GALNT5	ok
11228	RASSF8	ok
1123	CHN1	ok
11230	PRAF2	ok
11231	SEC63	ok
11232	POLG2	ok
11234	HPS5	ok
11235	PDCD10	ok
11236	RNF139	ok
11237	RNF24	ok
11238	CA5B	ok
112398	EGLN2	ok
112399	EGLN3	ok
1124	CHN2	ok
11240	PADI2	ok
11243	PMF1	ok
11244	ZHX1	ok
11245	GPR176	ok
112464	CAVIN3	ok
11247	NXPH4	ok
112476	PRRT2	ok
112479	ERI2	ok
11248	NXPH3	ok
112483	SAT2	ok
112487	DTD2	ok
11249	NXPH2	ok
112495	GTF3C6	ok
11250	GPR45	ok
11251	PTGDR2	ok
11252	PACSIN2	ok
11253	MAN1B1	ok
11254	SLC6A14	ok
11255	HRH3	ok
11257	TP53TG1	ok
112574	SNX18	ok
11258	DCTN3	ok
11259	FILIP1L	ok
112597	CYTOR	ok
11260	XPOT	ok
112609	MRAP2	ok
11261	CHP1	ok
112611	RWDD2A	ok
112616	CMTM7	ok
11262	SP140	ok
11264	PXMP4	ok
11266	DUSP12	ok
11267	SNF8	ok
11269	DDX19B	ok
11270	NRM	ok
112703	GARIN5A	ok
112714	TUBA3E	ok
11272	PRR4	ok
112724	RDH13	ok
11273	ATXN2L	ok
11274	USP18	ok
112744	IL17F	ok
11275	KLHL2	ok
112752	IFT43	ok
112755	STX1B	ok
11276	SYNRG	ok
11277	TREX1	ok
112770	GLMP	ok
11278	KLF12	ok
11279	KLF8	ok
1128	CHRM1	ok
11280	SCN11A	ok
112802	KRT71	ok
11281	POU6F2	ok
112812	FDX2	ok
112817	HOGA1	ok
11282	MGAT4B	ok
11283	CYP4F8	ok
11284	PNKP	ok
112840	WDR89	ok
112849	L3HYPDH	ok
11285	B4GALT7	ok
112858	TP53RK	ok
112869	SGF29	ok
112885	PHF21B	ok
1129	CHRM2	ok
112936	VPS26B	ok
112937	GLB1L3	ok
112939	NACC1	ok
112942	CFAP36	ok
112950	MED8	ok
113	ADCY7	ok
1130	LYST	ok
113000	RPUSD1	ok
113026	PLCD3	ok
11309	SLCO2B1	ok
1131	CHRM3	ok
11311	VPS45	ok
113115	MTFR2	ok
11313	LYPLA2	ok
113130	CDCA5	ok
11314	CD300A	ok
113146	AHNAK2	ok
11315	PARK7	ok
113157	RPLP0P2	ok
11316	COPE	ok
11317	RBPJL	ok
113174	SAAL1	ok
113177	IZUMO4	ok
113178	SCAMP4	ok
113179	ADAT3	ok
11318	ACKR5	ok
113189	CHST14	ok
11319	ECD	ok
1132	CHRM4	ok
11320	MGAT4A	ok
113201	GOLM2	ok
11321	GPN1	ok
11322	TMC6	ok
113220	KIF12	ok
113230	MISP3	ok
113235	SLC46A1	ok
113246	C12orf57	ok
11325	DDX42	ok
113251	LARP4	ok
11326	VSIG4	ok
113263	GLCCI1	ok
113277	TMEM106A	ok
113278	SLC52A3	ok
11328	FKBP9	ok
11329	STK38	ok
1133	CHRM5	ok
11330	CTRC	ok
11331	PHB2	ok
11332	ACOT7	ok
11333	PDAP1	ok
11334	TUSC2	ok
11335	CBX3	ok
11336	EXOC3	ok
11337	GABARAP	ok
11338	U2AF2	ok
11339	OIP5	ok
1134	CHRNA1	ok
11340	EXOSC8	ok
113402	SFT2D1	ok
11341	SCRG1	ok
113419	TEX261	ok
11342	RNF13	ok
11343	MGLL	ok
11344	TWF2	ok
113444	SMIM12	ok
11345	GABARAPL2	ok
113451	AZIN2	ok
113452	TMEM54	ok
113457	TUBA3D	ok
11346	SYNPO	ok
1135	CHRNA2	ok
113510	HELQ	ok
113540	CMTM1	ok
1136	CHRNA3	ok
113612	CYP2U1	ok
113622	ADPRHL1	ok
113655	SLC33A2	ok
113675	SDSL	ok
113691	LRRC74BNL	ok
1137	CHRNA4	ok
113730	KLHDC7B	ok
113746	CIMAP1A	ok
113763	ZBED10P	ok
113791	PIK3IP1	ok
1138	CHRNA5	ok
113802	HENMT1	ok
113828	SACK1F	ok
113829	SLC35A4	ok
113835	ZNF257	ok
113878	DTX2	ok
1139	CHRNA7	ok
114	ADCY8	ok
1140	CHRNB1	ok
114026	ZIM3	ok
114034	TOE1	ok
114036	LINC00310	ok
114038	LINC00313	ok
114041	B3GALT5-AS1	ok
114043	TSPEAR-AS2	ok
114044	MCM3AP-AS1	ok
114049	BUD23	ok
114088	TRIM9	ok
1141	CHRNB2	ok
114112	TXNRD3	ok
114131	UCN3	ok
114132	SIGLEC11	ok
114134	SLC2A13	ok
1142	CHRNB3	ok
114294	LACTB	ok
114299		no_symbol_in_gene_info
1143	CHRNB4	ok
114327	EFHC1	ok
114335	CGB1	ok
114336	CGB2	ok
1144	CHRND	ok
1145	CHRNE	ok
114548	NLRP3	ok
114569	MAL2	ok
114571	SLC22A9	ok
114599	SNORD15B	ok
1146	CHRNG	ok
114609	TIRAP	ok
114614	MIR155HG	ok
114625	ERMAP	ok
114659	LRRC37B	ok
1147	CHUK	ok
114757	CYGB	ok
114769	CARD16	ok
114770	PGLYRP2	ok
114771	PGLYRP3	ok
114780	PKD1L2	ok
114781	BTBD9	ok
114783	LMTK3	ok
114784	CSMD2	ok
114785	MBD6	ok
114786	XKR4	ok
114787	GPRIN1	ok
114788	CSMD3	ok
114789	SLC25A25	ok
114790	STK11IP	ok
114791	TUBGCP5	ok
114792	KLHL32	ok
114793	FMNL2	ok
114794	ELFN2	ok
114795	TMEM132B	ok
114796	PSMG3-AS1	ok
114798	SLITRK1	ok
114799	ESCO1	ok
114800	CCDC85A	ok
114801	TMEM200A	ok
114803	MYSM1	ok
114804	RNF157	ok
114805	GALNT13	ok
114815	SORCS1	ok
114818	KLHL29	ok
114819	CROCCP3	ok
114821	SCAND3	ok
114822	RHPN1	ok
114823	LENG8	ok
114824	PNMA5	ok
114825	PWWP2A	ok
114826	SMYD4	ok
114827	FHAD1	ok
114836	SLAMF6	ok
114876	OSBPL1A	ok
114879	OSBPL5	ok
114880	OSBPL6	ok
114881	OSBPL7	ok
114882	OSBPL8	ok
114883	OSBPL9	ok
114884	OSBPL10	ok
114885	OSBPL11	ok
114897	C1QTNF1	ok
114898	C1QTNF2	ok
114899	C1QTNF3	ok
1149	CIDEA	ok
114900	C1QTNF4	ok
114904	C1QTNF6	ok
114905	C1QTNF7	ok
114907	FBXO32	ok
114908	TMEM123	ok
114915	EPB41L4A-AS1	ok
114926	SMIM19	ok
114928	GPRASP2	ok
114932	MRFAP1L1	ok
114960	TSGA13	ok
114971	PTPMT1	ok
114984	FLYWCH2	ok
114987	WDR31	ok
114990	VASN	ok
114991	ZNF618	ok
115	ADCY9	ok
115004	CGAS	ok
115019	SLC26A9	ok
115024	NT5C3B	ok
115098	CCDC124	ok
115106	HAUS1	ok
115110	TNFRSF14-AS1	ok
115111	SLC26A7	ok
115123	MARCHF3	ok
115196	ZNF554	ok
1152	CKB	ok
115201	ATG4A	ok
115207	KCTD12	ok
115209	OMA1	ok
115265	DDIT4L	ok
115273	RAB42	ok
115286	SLC25A26	ok
115290	FBXO17	ok
115294	PCMTD1	ok
1153	CIRBP	ok
115330	GPR146	ok
115350	FCRL1	ok
115352	FCRL3	ok
115353	LRRC42	ok
115361	GBP4	ok
115362	GBP5	ok
115399	LRRC56	ok
1154	CISH	ok
115416	MALSU1	ok
115426	UHRF2	ok
1155	TBCB	ok
115509	ZNF689	ok
115548	FCHO2	ok
115557	ARHGEF25	ok
115560	ZNF501	ok
115572	TENT5B	ok
115584	SLC5A11	ok
115650	TNFRSF13C	ok
115653	KIR3DL3	ok
115677	NOSTRIN	ok
115701	ALPK2	ok
115703	ARHGAP33	ok
115704	EVI5L	ok
115708	TRMT61A	ok
115727	RASGRP4	ok
115749	C12orf56	ok
115752	DIS3L	ok
115761	ARL11	ok
115795	FANCD2OS	ok
1158	CKM	ok
115811	DRC10	ok
115817	DHRS1	ok
115825	WDFY2	ok
115827	RAB3C	ok
115861	NXNL1	ok
1159	CKMT1B	ok
115908	CTHRC1	ok
115939	TSR3	ok
115948	ODAD3	ok
115950	ZNF653	ok
115992	RNF166	ok
116	ADCYAP1	ok
1160	CKMT2	ok
116028	RMI2	ok
116039	OSR2	ok
116064	LRRC58	ok
116068	LYSMD3	ok
116071	BATF2	ok
116085	SLC22A12	ok
116092	DNTTIP1	ok
116093	DIRC1	ok
1161	ERCC8	ok
116113	FOXP4	ok
116115	ZNF526	ok
116123	FMO9P	ok
116135	LRRC3B	ok
116138	KLHDC3	ok
116143	DNAAF10	ok
116150	NUS1	ok
116151	MIMS2	ok
116154	PHACTR3	ok
116159	CYYR1	ok
116173	CMTM5	ok
116179	TGM7	ok
116211	TM4SF19	ok
116224	PABIR1	ok
116225	ZMYND19	ok
116228	COX20	ok
116236	ABHD15	ok
116238	TLCD1	ok
116254	GINM1	ok
116255	MOGAT1	ok
116285	ACSM1	ok
1163	CKS1B	ok
116328	C8orf34	ok
116337	PANX3	ok
116349	EXOC3-AS1	ok
116362	RBP7	ok
116369	SLC26A8	ok
116372	LYPD1	ok
116379	IL22RA2	ok
1164	CKS2	ok
116412	ZNF837	ok
116437	LINC01257	ok
116441	TM4SF18	ok
116442	RAB39B	ok
116443	GRIN3A	ok
116444	GRIN3B	ok
116447	TOP1MT	ok
116448	OLIG1	ok
116449	CLNK	ok
116461	TSEN15	ok
116496	NIBAN1	ok
116511	MAS1L	ok
116512	MRGPRD	ok
116519	APOA5	ok
116534	MRGPRE	ok
116535	MRGPRF	ok
116541	MRPL54	ok
116729	PPP1R27	ok
116828	N4BP2L2-IT2	ok
116832	RPL39L	ok
116835	HSPA12B	ok
116840	CNTROB	ok
116841	SNAP47	ok
116842	LEAP2	ok
116843	SLC18B1	ok
116844	LRG1	ok
116931	MED12L	ok
116933	CLRN1-AS1	ok
116966	WDR17	ok
116969	ART5	ok
116983	ACAP3	ok
116984	ARAP2	ok
116985	ARAP1	ok
116986	AGAP2	ok
116987	AGAP1	ok
116988	AGAP3	ok
117	ADCYAP1R1	ok
117143	TADA1	ok
117144	CATSPER1	ok
117145	THEM4	ok
117153		no_symbol_in_gene_info
117154	DACH2	ok
117155	CATSPER2	ok
117156	SCGB3A2	ok
117157	SH2D1B	ok
117159	DCD	ok
117166	WFIKKN1	ok
117177	RAB3IP	ok
117178	SSX2IP	ok
117194	MRGPRX2	ok
117195	MRGPRX3	ok
117196	MRGPRX4	ok
117245	PLAAT5	ok
117246	FTSJ3	ok
117247	SLC16A10	ok
117248	GALNT15	ok
117283	IP6K3	ok
117286	CIB3	ok
117289	TAGAP	ok
1173	AP2M1	ok
1174	AP1S1	ok
1175	AP2S1	ok
117531	TMC1	ok
117532	TMC2	ok
117579	RLN3	ok
117581	TWIST2	ok
117583	PARD3B	ok
117584	RFFL	ok
1176	AP3S1	ok
117608	ZNF354B	ok
1178	CLC	ok
117854	TRIM6	ok
1179	CLCA1	ok
118	ADD1	ok
1180	CLCN1	ok
1181	CLCN2	ok
1182	CLCN3	ok
1183	CLCN4	ok
1184	CLCN5	ok
118421	LINC00161	ok
118424	UBE2J2	ok
118425	PCAT4	ok
118426	BORCS5	ok
118427	OLFM3	ok
118429	ANTXR2	ok
118430	MUCL1	ok
118432	RPL29P2	ok
118433	RPL23AP7	ok
118442	GPR62	ok
118460	EXOSC6	ok
118461	C10orf71	ok
118471	PRAP1	ok
118472	ZNF511	ok
118487	CHCHD1	ok
118490	MSS51	ok
118491	CFAP70	ok
1185	CLCN6	ok
1186	CLCN7	ok
118611	C10orf90	ok
118663	BTBD16	ok
118670	FAM24A	ok
118672	PSTK	ok
1187	CLCNKA	ok
118738	ZNF488	ok
118788	PIK3AP1	ok
1188	CLCNKB	ok
118812	MORN4	ok
118813	ZFYVE27	ok
118856	MMP21	ok
118881	COMTD1	ok
118924	FRA10AC1	ok
118932	ANKRD22	ok
118980	SFXN2	ok
118987	PDZD8	ok
119	ADD2	ok
119016	AGAP4	ok
119032	BORCS7	ok
1191	CLU	ok
119180	LYZL2	ok
1192	CLIC1	ok
1193	CLIC2	ok
119369	NUDT9P1	ok
119385	AGAP11	ok
119391	GSTO2	ok
119392	SFR1	ok
119395	CALHM3	ok
119437	CTAGE7P	ok
119467	CLRN3	ok
1195	CLK1	ok
119504	ANAPC16	ok
119548	PNLIPRP3	ok
119559	SFXN4	ok
119587	CPXM2	ok
1196	CLK2	ok
119678	OR52E2	ok
1197	CLK2P1	ok
119710	IFTAP	ok
119764	OR4X2	ok
119772	OR52M1	ok
119774	OR52K2	ok
1198	CLK3	ok
12	SERPINA3	ok
120	ADD3	ok
1200	TPP1	ok
120066	OR5P3	ok
120071	LARGE2	ok
1201	CLN3	ok
120103	SLC36A4	ok
120114	FAT3	ok
120224	TMEM45B	ok
120227	CYP2R1	ok
120237	DBX1	ok
1203	CLN5	ok
120376	POU2AF3	ok
120379	PIH1D2	ok
120400	NXPE1	ok
120406	NXPE2	ok
120425	JAML	ok
120526	DNAJC24	ok
120534	ARL14EP	ok
120586	OR8I2	ok
1207	CLNS1A	ok
120775	OR2D3	ok
120776	OR2D2	ok
120787	OR52W1	ok
120796	OR56A1	ok
1208	CLPS	ok
120863	DEPDC4	ok
120892	LRRK2	ok
1209	CLPTM1	ok
120935	CCDC38	ok
120939	TMEM52B	ok
121006	FAM186A	ok
121053	NOPCHAP1	ok
1211	CLTA	ok
121129	OR2AP1	ok
121130	OR10P1	ok
1212	CLTB	ok
121214	SDR9C7	ok
121227	LRIG3	ok
121256	TMEM132D	ok
121260	SLC15A4	ok
121268	RHEBL1	ok
121273	LYLDT1	ok
121274	ZNF641	ok
121275	OR10AD1	ok
121278	TPH2	ok
1213	CLTC	ok
121340	SP7	ok
121355	GTSF1	ok
121391	KRT74	ok
121441	NEDD1	ok
121456	SLC9A7P1	ok
121457	IKBIP	ok
1215	CMA1	ok
121504	H4C16	ok
121506	ERP27	ok
121512	FGD4	ok
121536	AEBP2	ok
121549	ASCL4	ok
121551	ABTB3	ok
121599	SPIC	ok
121601	ANO4	ok
121642	ALKBH2	ok
121643	FOXN4	ok
121665	SPPL3	ok
121793	TEX29	ok
121838	NRAD1	ok
121952	METTL21EP	ok
122011	CSNK1A1L	ok
122042	RXFP2	ok
122046	TEX26	ok
122060	SLAIN1	ok
122258	SPACA7	ok
122402	TDRD9	ok
122416	ANKRD9	ok
122481	AK7	ok
122509	IFI27L1	ok
122525	DORIP1	ok
122553	TRAPPC6B	ok
122616	CLBA1	ok
122618	PLD4	ok
122622	ADSS1	ok
122651	RNASE11	ok
122664	TPPP2	ok
122665	RNASE8	ok
122704	MRPL52	ok
122706	PSMB11	ok
122748	OR11H6	ok
122769	LRR1	ok
122773	KLHDC1	ok
122786	FRMD6	ok
122809	SOCS4	ok
122830	NAA30	ok
122876	GPHB5	ok
122945	NOXRED1	ok
122953	JDP2	ok
122961	ISCA2	ok
122970	ACOT4	ok
123	PLIN2	ok
1230	CCR1	ok
123016	TTC8	ok
123036	TC2N	ok
123041	SLC24A4	ok
123096	SLC25A29	ok
123099	DEGS2	ok
123103	KLHL33	ok
123169	LEO1	ok
1232	CCR3	ok
123207	C15orf40	ok
123228	SENP8	ok
123263	MTFMT	ok
123264	SLC51B	ok
123283	TARS3	ok
1233	CCR4	ok
123346	HIGD2B	ok
123355	LRRC28	ok
1234	CCR5	ok
1235	CCR6	ok
123591	TMEM266	ok
1236	CCR7	ok
123606	NIPA1	ok
123624	AGBL1	ok
123688	HYKK	ok
1237	CCR8	ok
123720	WHAMM	ok
123722	FSD2	ok
123745	PLA2G4E	ok
123775	C16orf46	ok
1238	ACKR2	ok
123803	NTAN1	ok
123811	CEP20	ok
123872	DNAAF1	ok
123876	ACSM2A	ok
123879	DCUN1D3	ok
123904	NRN1L	ok
123920	CMTM3	ok
123970	C16orf78	ok
124	ADH1A	ok
1240	CMKLR1	ok
124044	SPATA2L	ok
124045	SPATA33	ok
124056	NOXO1	ok
124093	CCDC78	ok
1241	LTB4R	ok
124149	ANKRD26P1	ok
124152	IQCK	ok
124220	ZG16B	ok
124221	PRSS30P	ok
124222	PAQR4	ok
124245	ZC3H18	ok
124359	CDYL2	ok
1244	ABCC2	ok
124401	ANKS3	ok
124402	UBALD1	ok
124404	SEPTIN12	ok
124411	KRABD5	ok
124446	TMEM219	ok
124454	EARS2	ok
124460	SNX20	ok
124491	TMEM170A	ok
124512	METTL23	ok
124535	HSF5	ok
124538	OR4D2	ok
124540	MSI2	ok
124565	SLC38A10	ok
124583	CANT1	ok
124590	USH1G	ok
124599	CD300LB	ok
124602	KIF19	ok
124626	ZPBP2	ok
124637	CYB5D1	ok
124739	USP43	ok
124751	KRABD2	ok
124773	CHCT1	ok
124783	SPATA32	ok
124790	HEXIM2	ok
124801	LSM12	ok
124808	CCDC43	ok
124817	CNTD1	ok
124842	TMEM132E	ok
124857	WFIKKN2	ok
124871		no_symbol_in_gene_info
124872	B4GALNT2	ok
124912	SPACA3	ok
124923	RSKR	ok
124925	SEZ6	ok
124930	ANKRD13B	ok
124935	SLC43A2	ok
124936	CYB5D2	ok
124961	ZFP3	ok
124975	GGT6	ok
124976	SPNS2	ok
124989	EFCAB13	ok
124995	MRPL10	ok
124997	WDR81	ok
125	ADH1B	ok
125058	TBC1D16	ok
125061	AFMID	ok
125111	GJD3	ok
125113	KRT222	ok
125115	KRT40	ok
125144	SNHG29	ok
125150	ZSWIM7	ok
125170	MIEF2	ok
125206	SLC5A10	ok
125228	MIMS1	ok
125336	LOXHD1	ok
125476	INO80C	ok
125488	TTC39C	ok
125704	DIPK1C	ok
1258	CNGB1	ok
125875	CLDND2	ok
125893	ZNF816	ok
1259	CNGA1	ok
125919	ZNF543	ok
125931	CEACAM20	ok
125950	RAVER1	ok
125958	OR7D4	ok
125962	OR7G1	ok
125965	COX6B2	ok
125972	CALR3	ok
125981	ACER1	ok
125988	MICOS13	ok
125997	MBD3L2	ok
126	ADH1C	ok
1260	CNGA2	ok
126003	TRAPPC5	ok
126006	PCP2	ok
126014	OSCAR	ok
126017	ZNF813	ok
126068	ZNF441	ok
126069	ZNF491	ok
126070	ZNF440	ok
126074	SWSAP1	ok
126075	CCDC159	ok
1261	CNGA3	ok
126119	JOSD2	ok
126123	IZUMO2	ok
126129	CPT1C	ok
126133	ALDH16A1	ok
126147	NTN5	ok
1262	CNGA4	ok
126204	NLRP13	ok
126205	NLRP8	ok
126206	NLRP5	ok
126208	ZNF787	ok
126231	ZNF573	ok
126248	WDR88	ok
126259	TMIGD2	ok
126272	EID2B	ok
126282	TIPE1	ok
126295	ZNF57	ok
126298	IRGQ	ok
126299	ZNF428	ok
1263	PLK3	ok
126306	JSRP1	ok
126308	MOB3A	ok
126321	MFSD12	ok
126326	GIPC3	ok
126328	NDUFA11	ok
126353	MISP	ok
126364	LRRC25	ok
126374	WTIP	ok
126375	ZNF792	ok
126382	NR2C2AP	ok
126393	HSPB6	ok
1264	CNN1	ok
126402	TEKTL1	ok
126410	CYP4F22	ok
126432	RINL	ok
126433	FBXO27	ok
1265	CNN2	ok
126520	PLK5	ok
126526	C19orf47	ok
126536	LINC00661	ok
126549	ANKLE1	ok
126567	C2CD4C	ok
1266	CNN3	ok
126626	GABPB2	ok
126637	TCHHL1	ok
126638	RPTN	ok
126661	CCDC163	ok
126668	TDRD10	ok
126669	SHE	ok
126695	KDF1	ok
1267	CNP	ok
126731	CCSAP	ok
126755	LRRC38	ok
126767	AADACL3	ok
126789	PUSL1	ok
126792	B3GALT6	ok
1268	CNR1	ok
126820	DNAI3	ok
126823	KLHDC9	ok
126859	AXDND1	ok
126868	MAB21L3	ok
1269	CNR2	ok
126917	IFFO2	ok
126969	SLC44A3	ok
127	ADH4	ok
1270	CNTF	ok
127002	ATXN7L2	ok
127003	CFAP276	ok
127018	LYPLAL1	ok
127064	OR2T12	ok
127066	OR14C36	ok
127068	OR2T34	ok
127069	OR2T10	ok
127074	OR2T4	ok
1271	CNTFR	ok
127124	ATP6V1G3	ok
1272	CNTN1	ok
127247	ASB17	ok
127253	TYW3	ok
127254	ERICH3	ok
127255	LRRIQ3	ok
127262	TPRG1L	ok
127281	PRXL2B	ok
127294	MYOM3	ok
127343	DMBX1	ok
127385	OR10J5	ok
127391	TMCO2	ok
127396	ZNF684	ok
127428	TCEANC2	ok
127435	PODN	ok
127495	LRRC39	ok
127534	GJB4	ok
127540	HMGB4	ok
127544	RNF19B	ok
127550	A3GALT2	ok
127579	DCST2	ok
127602	DNAH14	ok
127623	OR2B11	ok
127665	ZNF648	ok
127670	TEDDM1	ok
127687	C1orf122	ok
1277	COL1A1	ok
127700	OSCP1	ok
127703	C1orf216	ok
127707	KLHDC7A	ok
127731	VWA5B1	ok
127733	UBXN10	ok
127795	C1orf87	ok
1278	COL1A2	ok
127829	ARL8A	ok
127833	SYT2	ok
127841	LINC00628	ok
127845	GOLT1A	ok
127933	UHMK1	ok
127943	FCRLB	ok
128	ADH5	ok
1280	COL2A1	ok
128025	WDR64	ok
128061	FSAF1	ok
128077	LIX1L	ok
1281	COL3A1	ok
128102	HSD3BP4	ok
128153	SPATA17	ok
128178	EDARADD	ok
1282	COL4A1	ok
128209	KLF17	ok
128218	TMEM125	ok
128229	TSACC	ok
128239	IQGAP3	ok
128240	NAXE	ok
128272	ARHGEF19	ok
128308	MRPL55	ok
128312	H2BC26	ok
128338	DRAM2	ok
128344	CIMAP3	ok
128346	C1orf162	ok
128367	OR10X1	ok
128371	OR6K6	ok
128372	OR6N1	ok
128387	TATDN3	ok
1284	COL4A2	ok
128414	NKAIN4	ok
128434	VSTM2L	ok
128439	SNHG11	ok
128486	FITM2	ok
128488	WFDC12	ok
128497	SPATA25	ok
1285	COL4A3	ok
128506	OCSTAMP	ok
128553	TSHZ2	ok
1286	COL4A4	ok
128602	CIMIP1	ok
128611	ZNF831	ok
128637	TBC1D20	ok
128646	SIRPD	ok
128653	C20orf141	ok
128674	PROKR2	ok
1287	COL4A5	ok
128710	SLX4IP	ok
1288	COL4A6	ok
128817	CSTL1	ok
128822	CST9	ok
128826	MIR1-1HG	ok
128853	DUSP15	ok
128854	TSPY26P	ok
128859	BPIFB6	ok
128864	C20orf144	ok
128866	CHMP4B	ok
128869	PIGU	ok
128872	HMGB3P1	ok
128876	SACK1C	ok
1289	COL5A1	ok
128954	GAB4	ok
128977	C22orf39	ok
128989	TANGO2	ok
1290	COL5A2	ok
129025	ZNF280A	ok
129049	SGSM1	ok
129080	EMID1	ok
1291	COL6A1	ok
129138	ANKRD54	ok
1292	COL6A2	ok
129285	PPP1R21	ok
129293	TRABD2A	ok
1293	COL6A3	ok
129303	TMEM150A	ok
1294	COL7A1	ok
129401	NUP35	ok
129446	XIRP2	ok
129450	TYW5	ok
1295	COL8A1	ok
129530	LYG1	ok
129531	MITD1	ok
129563	DIS3L2	ok
1296	COL8A2	ok
129607	CMPK2	ok
129642	MBOAT2	ok
129684	CNTNAP5	ok
129685	TAF8	ok
1297	COL9A1	ok
129787	TMEM18	ok
129790		no_symbol_in_gene_info
1298	COL9A2	ok
129804	FBLN7	ok
129807	NEU4	ok
129831	RBM45	ok
129852	CIMIP6	ok
129868	TRIM43	ok
129880	BBS5	ok
129881	CFAP210	ok
1299	COL9A3	ok
13	AADAC	ok
130	ADH6	ok
1300	COL10A1	ok
130013	ACMSD	ok
130026	ICA1L	ok
130074	FAM168B	ok
130075	OR9A4	ok
1301	COL11A1	ok
130106	CIB4	ok
130120	REG3G	ok
130132	RFTN2	ok
130162	CLHC1	ok
1302	COL11A2	ok
130271	PLEKHH2	ok
1303	COL12A1	ok
130340	AP1S3	ok
130355	C2orf76	ok
130367	SGPP2	ok
130399	ACVR1C	ok
130497	OSR1	ok
1305	COL13A1	ok
130502	TTC32	ok
130507	UBR3	ok
130535	KCTD18	ok
130540	FLACC1	ok
130557	ZNF513	ok
130560	SPATA3	ok
130574	LYPD6	ok
130576	LYPD6B	ok
130589	GALM	ok
1306	COL15A1	ok
130612	TMEM198	ok
130617	ZFAND2B	ok
1307	COL16A1	ok
130733	TMEM178A	ok
130749	CPO	ok
130752	MDH1B	ok
1308	COL17A1	ok
130813	CIMIP5	ok
130814	SLC66A3	ok
130827	TMEM182	ok
130872	AHSA2P	ok
130888	FBXO36	ok
130916	MTERF4	ok
130940	CCDC148	ok
130951	M1AP	ok
131	ADH7	ok
1310	COL19A1	ok
131034	CPNE4	ok
131076	MIX23	ok
131096	KCNH8	ok
1311	COMP	ok
131118	DNAJC19	ok
131149	OTOL1	ok
131177	FAM3D	ok
1312	COMT	ok
131368	ZPLD1	ok
131375	LYZL4	ok
131377	KLHL40	ok
1314	COPA	ok
131405	TRIM71	ok
131408	FAM131A	ok
131450	CD200R1	ok
131474	CHCHD4	ok
1315	COPB1	ok
131540	ZDHHC19	ok
131544	CRYBG3	ok
131566	DCBLD2	ok
131578	LRRC15	ok
131583	FAM43A	ok
1316	KLF6	ok
131601	TPRA1	ok
131616	TMEM42	ok
131669	UROC1	ok
1317	SLC31A1	ok
1318	SLC31A2	ok
131831	ERICH6	ok
131870	NUDT16	ok
131873	COL6A6	ok
131890	GRK7	ok
131909	ARB2BP	ok
131920	TMEM207	ok
131965	METTL6	ok
132	ADK	ok
132001	TAMM41	ok
132014	IL17RE	ok
132112	RTP1	ok
132141	IQCF1	ok
132158	GLYCTK	ok
132160	PPM1M	ok
132200	C3orf49	ok
132203	SNTN	ok
132204	SYNPR	ok
132228	LSMEM2	ok
132241	RPL32P3	ok
132299	OCIAD2	ok
132320	SCLT1	ok
132321	C4orf33	ok
132332	SMIM43	ok
132430	PABPC4L	ok
1325	CORT	ok
1326	MAP3K8	ok
132612	ADAD1	ok
132625	ZFP42	ok
132660	LIN54	ok
132671	SPATA18	ok
1327	COX4I1	ok
132720	FAM241A	ok
132724	TMPRSS11B	ok
132789	GNPDA2	ok
132851	SPATA4	ok
132864	CPEB2	ok
132884	EVC2	ok
1329	COX5B	ok
132946	ARL9	ok
132949	AASDH	ok
132954	PDCL2	ok
132989	C4orf36	ok
133	ADM	ok
133015	PACRGL	ok
133022	TRAM1L1	ok
133060	OTOP1	ok
133121	ENPP6	ok
133308	SLC9B2	ok
133383	SETD9	ok
133396	IL31RA	ok
133418	EMB	ok
133482	SLCO6A1	ok
133491	C5orf47	ok
133522	PPARGC1B	ok
133558	MROH2B	ok
133584	EGFLAM	ok
133619	PRRC1	ok
133686	NADK2	ok
133688	UGT3A1	ok
133690	CAPSL	ok
1337	COX6A1	ok
133746	JMY	ok
133874	C5orf58	ok
1339	COX6A2	ok
133923	ZNF474	ok
133957	CCDC127	ok
134	ADORA1	ok
1340	COX6B1	ok
134111	UBE2QL1	ok
134121	CFAP90	ok
134145	ATPSCKMT	ok
134147	CMBL	ok
134187	POU5F2	ok
134218	DNAJC21	ok
134265	AFAP1L1	ok
134266	GRPEL2	ok
134285	TMEM171	ok
134353	LSM11	ok
134359	POC5	ok
134391	GPR151	ok
134429	STARD4	ok
134430	WDR36	ok
134466	ZNF300P1	ok
134492	NUDCD2	ok
1345	COX6C	ok
134510	UBLCP1	ok
134526	ACOT12	ok
134548	SOWAHA	ok
134549	SHROOM1	ok
134553	C5orf24	ok
1346	COX7A1	ok
134637	ADAT2	ok
1347	COX7A2	ok
134701	RIPPLY2	ok
134728	IRAK1BP1	ok
134829	CLVS2	ok
134864	TAAR1	ok
1349	COX7B	ok
134957	STXBP5	ok
135	ADORA2A	ok
1350	COX7C	ok
1351	COX8A	ok
135112	NCOA7	ok
135114	HINT3	ok
135138	PACRG	ok
135152	B3GAT2	ok
135154	SDHAF4	ok
1352	COX10	ok
135228	CD109	ok
135250	RAET1E	ok
135293	PM20D2	ok
135295	SRSF12	ok
1353	COX11	ok
135398	C6orf141	ok
135458	HUS1B	ok
1355	COX15	ok
1356	CP	ok
135644	TRIM40	ok
135656	MUCL3	ok
1357	CPA1	ok
1358	CPA2	ok
135886	TMEM270	ok
135892	TRIM50	ok
1359	CPA3	ok
135924	OR9A2	ok
135927	SOFU1	ok
135932	TMEM139	ok
135935	NOBOX	ok
135941	OR2A14	ok
136	ADORA2B	ok
1360	CPB1	ok
136051	ZNF786	ok
1361	CPB2	ok
1362	CPD	ok
136227	COL26A1	ok
136242	PRSS37	ok
136259	KLF14	ok
136263	SSMEM1	ok
136288	C7orf57	ok
1363	CPE	ok
136306	SVOPL	ok
136332	LRGUK	ok
136371	ASB10	ok
1364	CLDN4	ok
1365	CLDN3	ok
136541	PRSS58	ok
1366	CLDN7	ok
136647	MPLKIP	ok
1368	CPM	ok
136853	SSC4D	ok
136895	SPMIP4	ok
1369	CPN1	ok
136991	ASZ1	ok
1370	CPN2	ok
137075	CLDN23	ok
1371	CPOX	ok
137209	ZNF572	ok
1373	CPS1	ok
137362	GOT1L1	ok
137392	CIBAR1	ok
1374	CPT1A	ok
137492	VPS37A	ok
1375	CPT1B	ok
1376	CPT2	ok
137682	NDUFAF6	ok
137695	TMEM68	ok
137735	ABRA	ok
137797	LYPD2	ok
1378	CR1	ok
137814	NKX2-6	ok
137835	TMEM71	ok
137868	SGCZ	ok
137872	ADHFE1	ok
137886	UBXN2B	ok
1379	CR1L	ok
137902	PXDNL	ok
137964	GPAT4	ok
137970	UNC5D	ok
137994	LETM2	ok
1380	CR2	ok
138009	DCAF4L2	ok
138046	RALYL	ok
138050	HGSNAT	ok
138065	RNF183	ok
1381	CRABP1	ok
138151	NACC2	ok
138162	PIERCE1	ok
138199	CARNMT1	ok
1382	CRABP2	ok
138240	C9orf57	ok
138241	C9orf85	ok
138255	CFAP95	ok
138307	LCN8	ok
138311	DIPK1B	ok
1384	CRAT	ok
138428	PTRH1	ok
138429	PIP5KL1	ok
138474	TAF1L	ok
1385	CREB1	ok
1386	ATF2	ok
138639	PTPDC1	ok
138649	ANKRD19P	ok
1387	CREBBP	ok
138715	ARID3C	ok
138716	RPP25L	ok
138724	SPATA31G1	ok
138799	OR13C5	ok
1388	ATF6B	ok
138881	OR1L8	ok
138882	OR1N2	ok
138883	OR1N1	ok
1389	CREBL2	ok
138948	DBH-AS1	ok
1390	CREM	ok
139065	SLITRK4	ok
139067	SPANXN3	ok
139081	MAGEC3	ok
139105	BEND2	ok
139135	PASD1	ok
139170	DCAF12L1	ok
139189	DGKK	ok
1392	CRH	ok
139201	MAP2K4P1	ok
139212	DNAAF6	ok
139221	PWWP3B	ok
139231	FAM199X	ok
139285	AMER1	ok
1393	CRHBP	ok
139322	APOOL	ok
139324	HDX	ok
139341	FUNDC1	ok
139378	ADGRG4	ok
1394	CRHR1	ok
139411	PTCHD1	ok
139420	PPP4R3C	ok
139422	MAGEB10	ok
139425	DCAF8L1	ok
1395	CRHR2	ok
139538	VENTXP1	ok
139562	OTUD6A	ok
139596	UPRT	ok
139599	MAGEE2	ok
1396	CRIP1	ok
139604	MAGEB16	ok
139628	FOXR2	ok
1397	CRIP2	ok
139716	GAB3	ok
139728	PNCK	ok
139735	ZFP92	ok
139760	GPR119	ok
139793	PAGE3	ok
1398	CRK	ok
139818	DOCK11	ok
139886	SPIN4	ok
1399	CRKL	ok
14	AAMP	ok
140	ADORA3	ok
1400	CRMP1	ok
140032	RPS4Y2	ok
1401	CRP	ok
140258	KRTAP13-1	ok
140290	TCP10L	ok
1404	HAPLN1	ok
140432	RNF113B	ok
140453	MUC17	ok
140456	ASB11	ok
140458	ASB5	ok
140459	ASB6	ok
140460	ASB7	ok
140461	ASB8	ok
140462	ASB9	ok
140465	MYL6B	ok
140467	ZNF358	ok
140469	MYO3B	ok
140545	RNF32	ok
140564	APOBEC3D	ok
140576	S100A16	ok
140578	CHODL	ok
140597	TCEAL2	ok
1406	CRX	ok
140606	SELENOM	ok
140609	NEK7	ok
140612	ZFP28	ok
140628	GATA5	ok
140678	MLLT10P1	ok
140679	SLC32A1	ok
140680	C20orf96	ok
140683	BPIFA2	ok
140685	ZBTB46	ok
140686	WFDC3	ok
140687	GCNT7	ok
140688	NOL4L	ok
140689	CBLN4	ok
140690	CTCFL	ok
140691	TRIM69	ok
140699	MROH8	ok
1407	CRY1	ok
140700	SAMD10	ok
140701	ABHD16B	ok
140706	CCM2L	ok
140707	BRI3BP	ok
140710	MTCL2	ok
140711	TLDC2	ok
140730	RIMS4	ok
140733	MACROD2	ok
140735	DYNLL2	ok
140738	TMEM37	ok
140739	UBE2F	ok
140766	ADAMTS14	ok
140767	NRSN1	ok
140771	SMCR5	ok
140775	SMCR8	ok
140776		no_symbol_in_gene_info
1408	CRY2	ok
140801	RPL10L	ok
140803	TRPM6	ok
140807	KRT72	ok
140809	SRXN1	ok
140823	ROMO1	ok
140825	NEURL2	ok
140828	LINC00261	ok
140831	ZSWIM3	ok
140832	WFDC10A	ok
140836	BANF2	ok
140838	NANP	ok
140849		no_symbol_in_gene_info
140862	ISM1	ok
140873	C20orf173	ok
140875	LINC00028	ok
140876	RIPOR3	ok
140880	CST11	ok
140883	ZNF280B	ok
140885	SIRPA	ok
140886	PABPC5	ok
140890	SREK1	ok
140893	RBBP8NL	ok
140894	CNBD2	ok
1409	CRYAA	ok
140901	STK35	ok
140902	R3HDML	ok
140947	DCANP1	ok
141	ADPRH	ok
1410	CRYAB	ok
1411	CRYBA1	ok
1412	CRYBA2	ok
1413	CRYBA4	ok
1414	CRYBB1	ok
1415	CRYBB2	ok
1416	CRYBB2P1	ok
1417	CRYBB3	ok
1418	CRYGA	ok
142	PARP1	ok
1421	CRYGD	ok
142678	MIB2	ok
142679	DUSP19	ok
142680	SLC34A3	ok
142683	ITLN2	ok
142684	RAB40A	ok
142685	ASB15	ok
142686	ASB14	ok
1427	CRYGS	ok
1428	CRYM	ok
142827	ACSM6	ok
142891	SAMD8	ok
1429	CRYZ	ok
142910	LIPJ	ok
142913	CFL1P1	ok
142940	TRUB1	ok
143	PARP4	ok
143098	MPP7	ok
1431	CS	ok
143162	FRMPD2	ok
143187	VTI1A	ok
1432	MAPK14	ok
143241	DYDC1	ok
143244	EIF5AL1	ok
143279	HECTD2	ok
143282	FGFBP3	ok
143379	SPMIP5	ok
143384	CACUL1	ok
1434	CSE1L	ok
143425	SYT9	ok
143458	LDLRAD3	ok
143471	PSMA8	ok
143496	OR52B4	ok
1435	CSF1	ok
143502	OR52I2	ok
143503	OR51E1	ok
143570	XRRA1	ok
1436	CSF1R	ok
143630	UBQLNL	ok
143662	MUC15	ok
143666		no_symbol_in_gene_info
143678	FREY1	ok
143684	FAM76B	ok
143686	SESN3	ok
143689	PIWIL4	ok
1437	CSF2	ok
1438	CSF2RA	ok
143872	ARHGAP42	ok
143879	KBTBD3	ok
143884	CWF19L2	ok
143888	POGLUT3	ok
1439	CSF2RB	ok
143903	LAYN	ok
143941	TTC36	ok
1440	CSF3	ok
144097	SPINDOC	ok
1441	CSF3R	ok
144100	PLEKHA7	ok
144108	SPTY2D1	ok
144110	TMEM86A	ok
144125	OR2AG1	ok
144132	DNHD1	ok
144165	PRICKLE1	ok
144193	AMDHD1	ok
144195	SLC2A14	ok
1442	CSH1	ok
144233	BCDIN3D	ok
144245	ALG10B	ok
1443	CSH2	ok
144321	GLIPR1L2	ok
144347	RFLNA	ok
144348	ZNF664	ok
144360	LINC00477	ok
144363	ETFRF1	ok
1444	CSHL1	ok
144402	CPNE8	ok
144404	TMEM120B	ok
144406	CFAP251	ok
144423	GLT1D1	ok
144448	TSPAN19	ok
144453	BEST3	ok
144455	E2F7	ok
144481	SOCS2-AS1	ok
144486	CEP83-DT	ok
1445	CSK	ok
144501	KRT80	ok
144568	A2ML1	ok
144571	A2M-AS1	ok
144577	KICS2	ok
1446	CSN1S1	ok
144608	C12orf60	ok
144699	FBXL14	ok
1447	CSN2	ok
144715	RAD9B	ok
144717	PHETA1	ok
144742	LINC00934	ok
144776	LINC00410	ok
1448	CSN3	ok
144809	FAM216B	ok
144811	LACC1	ok
144817	LINC00330	ok
144983	HNRNPA1L2	ok
145165	ST13P4	ok
145173	B3GLCT	ok
1452	CSNK1A1	ok
145200	LINC00239	ok
145216	PPP1R13B-DT	ok
145226	RDH12	ok
145241	ADAM21P1	ok
145258	GSC	ok
145264	SERPINA12	ok
145270	PRIMA1	ok
145282	MIPOL1	ok
1453	CSNK1D	ok
145376	PPP1R36	ok
145389	SLC38A6	ok
1454	CSNK1E	ok
145407	ARMH4	ok
145438	FRMD6-AS1	ok
145447	ABHD12B	ok
145474		no_symbol_in_gene_info
145482	PTGR2	ok
145483	FAM161B	ok
145497	LRRC74A	ok
1455	CSNK1G2	ok
145501	ISM2	ok
145508	CEP128	ok
145553	MDP1	ok
145567	TTC7B	ok
145581	LRFN5	ok
1456	CSNK1G3	ok
145624	PWAR1	ok
145645	TERB2	ok
145663		no_symbol_in_gene_info
1457	CSNK2A1	ok
145741	C2CD4A	ok
145748	LYSMD4	ok
145773	FAM81A	ok
145781	GCOM1	ok
145783	TCF12-DT	ok
145788	PIERCE2	ok
145814	PGPEP1L	ok
145820	LINC00924	ok
145837	DRAIC	ok
145845		no_symbol_in_gene_info
145853	C15orf61	ok
145858	C15orf32	ok
145864	HAPLN3	ok
145873	MESP2	ok
1459	CSNK2A2	ok
145942	TMCO5A	ok
145946	SPATA8	ok
145957	NRG4	ok
145978	LINC00052	ok
146	ADRA1D	ok
1460	CSNK2B	ok
146050	ZSCAN29	ok
146057	TTBK2	ok
146059	CDAN1	ok
146167	SLC38A8	ok
146177	VWA3A	ok
146183	OTOA	ok
146198	ZFP90	ok
1462	VCAN	ok
146206	CARMIL2	ok
146212	KCTD19	ok
146223	CMTM4	ok
146225	CMTM2	ok
146227	BEAN1	ok
146279	TEKT5	ok
1463	NCAN	ok
146310	RNF151	ok
146325	PRR35	ok
146330	FBXL16	ok
146336	SSTR5-AS1	ok
146395	GSG1L	ok
1464	CSPG4	ok
146429	SLC22A31	ok
146433	IL34	ok
146434	ZNF597	ok
146439	BICDL2	ok
146456	TMED6	ok
146481	FRG2DP	ok
1465	CSRP1	ok
146512		no_symbol_in_gene_info
146513	LINC02135	ok
146540	ZNF785	ok
146542	ZNF688	ok
146547	PRSS36	ok
146556	C16orf89	ok
146562	DNAAF8	ok
1466	CSRP2	ok
146664	MGAT5B	ok
146691	TOM1L2	ok
146705	TEPSIN	ok
146712	QTGAL	ok
146713	RBFOX3	ok
146722	CD300LF	ok
146723	CD300LD-AS1	ok
146754	DNAH2	ok
146760	RTN4RL1	ok
146771	TCAM1P	ok
146779	EFCAB3	ok
1468	SLC25A10	ok
146802	SLC47A2	ok
146822	CDRT15	ok
146845	CFAP52	ok
146849	CCDC42	ok
146850	PIK3R6	ok
146852	ODF4	ok
146853	PGBDF	ok
146857	SLFN13	ok
146861	SLC35G3	ok
146862	UNC45B	ok
146880	ARHGAP27P1	ok
146894	CD300LG	ok
1469	CST1	ok
146909	KIF18B	ok
146923	RUNDC1	ok
146956	EME1	ok
147	ADRA1B	ok
1470	CST2	ok
147007	VMA12	ok
147011	PROCA1	ok
147015	DHRS13	ok
147040	KCTD11	ok
147081	LINC02210	ok
147093	LINC00974	ok
1471	CST3	ok
147111	NOTUM	ok
147138	TMC8	ok
147166	TRIM16L	ok
147172	LRRC37BP1	ok
147179	WIPF2	ok
147183	KRT25	ok
147184	KRT10-AS1	ok
147199	SCGB1C1	ok
1472	CST4	ok
1473	CST5	ok
147323	STARD6	ok
147339	ARK2N	ok
147372	CCBE1	ok
147381	CBLN2	ok
1474	CST6	ok
147407	SLC25A52	ok
147409	DSG4	ok
147429	AQP4-AS1	ok
147463	ANKRD29	ok
147495	APCDD1	ok
1475	CSTA	ok
147525	LINC00526	ok
1476	CSTB	ok
147645	VSIG10L	ok
147646	C19orf84	ok
147650	SPACA6	ok
147657	ZNF480	ok
147658	ZNF534	ok
147660	ZNF578	ok
147664	ERVV-1	ok
147670	SMIM17	ok
147685	C19orf18	ok
147686	ZNF418	ok
147687	ZNF417	ok
147694	ZNF548	ok
147699	PPM1N	ok
1477	CSTF1	ok
147700	KLC3	ok
147710	IGSF23	ok
147719	LYPD4	ok
147727	ILF3-DT	ok
147741	ZNF560	ok
147744	TMEM190	ok
147746	HIPK4	ok
147798	TMC4	ok
1478	CSTF2	ok
147804	TPM3P9	ok
147807	ZNF524	ok
147808	ZNF784	ok
147837	ZNF563	ok
147841	SPC24	ok
147872	KASH5	ok
1479	CSTF3	ok
147906	DACT3	ok
147912	SIX5	ok
147920	IGFL2	ok
147923	ZNF420	ok
147929	ZNF565	ok
147945	NLRP4	ok
147947	ZNF542P	ok
147948	ZNF582	ok
147949	ZNF583	ok
147965	TSLIG3C	ok
147968	CAPN12	ok
147991	DPY19L3	ok
148	ADRA1A	ok
148003	LGALS16	ok
148014	TTC9B	ok
148022	TICAM1	ok
148046	CIRBP-AS1	ok
148066	ZNRF4	ok
148103	ZNF599	ok
148109	FAM187B	ok
148113	CILP2	ok
148137	PROSER3	ok
148145	LINC00906	ok
148156	ZNF558	ok
148170	CDC42EP5	ok
148189	LINC00662	ok
148198	ZNF98	ok
1482	NKX2-5	ok
148203	ZNF738	ok
148206	ZNF714	ok
148213	ZNF681	ok
148223	C19orf25	ok
148229	ATP8B3	ok
148231	LINC00905	ok
148252	DIRAS1	ok
148254	ZNF555	ok
148266	ZNF569	ok
148268	ZNF570	ok
148281	SYT6	ok
148304	C1orf74	ok
148327	CREB3L4	ok
148345	CIROZ	ok
148362	BROX	ok
148398	SAMD11	ok
148413	MRPL20-AS1	ok
148418	SAMD13	ok
148423	C1orf52	ok
148479	PHF13	ok
148523	CIART	ok
148534	TLCD4	ok
148545	NBPF4	ok
148581	UBE2U	ok
1486	CTBS	ok
148641	SLC35F3	ok
148696		no_symbol_in_gene_info
1487	CTBP1	ok
148709	ACTG1P25	ok
148713	PTPRVP	ok
148738	HJV	ok
148741	ANKRD35	ok
148753	FAM163A	ok
148789	B3GALNT2	ok
1488	CTBP2	ok
148808	SLC60A1	ok
148811	PM20D1	ok
148823	GCSAML	ok
148824	GCSAML-AS1	ok
148867	SLC30A7	ok
148870	CCDC27	ok
148898	ZNF436-AS1	ok
1489	CTF1	ok
148932	MOB3C	ok
148979	GLIS1	ok
1490	CCN2	ok
149013	NBPF12	ok
149018	LELP1	ok
149041	RC3H1	ok
149047		no_symbol_in_gene_info
149069	DCDC2B	ok
149076	ZNF362	ok
149086	LDC1P	ok
149095	DCST1	ok
1491	CTH	ok
149111	CNIH3	ok
149134	LINC01341	ok
149175	MANEAL	ok
149233	IL23R	ok
149281	NTMT2	ok
149297	FAM78B	ok
1493	CTLA4	ok
149345	SHISA4	ok
149371	EXOC8	ok
149373	TRIM67-AS1	ok
149420	PDIK1L	ok
149428	BNIPL	ok
149461	CLDN19	ok
149465	CFAP57	ok
149466	C1orf210	ok
149473	CCDC24	ok
149478	BTBD19	ok
149483	CCDC17	ok
149499	LRRC71	ok
1495	CTNNA1	ok
149563	SRARP	ok
1496	CTNNA2	ok
149603	RNF187	ok
149620	CHIAP2	ok
149628	PYHIN1	ok
149643	SPATA45	ok
149647	GARIN4	ok
149685	ADIG	ok
149699	GTSF1L	ok
1497	CTNS	ok
149708	WFDC5	ok
149773	APCDD1L-DT	ok
149775	GNAS-AS1	ok
149830	PRNT	ok
149837	LINC00654	ok
149840	SHLD1	ok
1499	CTNNB1	ok
149934	NCOR1P1	ok
149950	NOL4L-DT	ok
149951	COMMD7	ok
149954	BPIFB4	ok
149986	LSM14B	ok
149992	ANKRD30BP2	ok
149998	LIPI	ok
15	AANAT	ok
150	ADRA2A	ok
1500	CTNND1	ok
150000	ABCC13	ok
150082	LCA5L	ok
150084	IGSF5	ok
150094	SIK1	ok
1501	CTNND2	ok
150135	LINC00479	ok
150147	UMODL1-AS1	ok
150159	SLC9B1	ok
150160	CCT8L2	ok
150165	XKR3	ok
150197	LINC00896	ok
150209	AIFM3	ok
150221	RIMBP3C	ok
150223	YDJC	ok
150244	ZDHHC8BP	ok
150248	C22orf15	ok
150274	HSCB	ok
150275	CCDC117	ok
150280	HORMAD2	ok
150290	DUSP18	ok
150291	MORC2-AS1	ok
150297	C22orf42	ok
1503	CTPS1	ok
150350	ENTHD1	ok
150353	DNAJB7	ok
150356	CHADL	ok
150365	MEI1	ok
150368	PHETA2	ok
150372	NFAM1	ok
150379	PNPLA5	ok
150381	PRR34-AS1	ok
150383	CDPF1	ok
150384	GTSE1-DT	ok
1504	CTRB1	ok
150465	TTL	ok
150468	CKAP2L	ok
150472	ZNG1B	ok
150483	TEKT4	ok
150538	SATB2-AS1	ok
150568	LINC01102	ok
150572	SMYD1	ok
150590	C2orf15	ok
1506	CTRL	ok
150622	SILC1	ok
150677	OTOS	ok
150678	COPS9	ok
150681	OR6B3	ok
150684	COMMD1	ok
150696	PROM2	ok
150709	ANKAR	ok
150726	FBXO41	ok
150737	IFT70B	ok
150763	GPAT2	ok
150771	ITPRIPL1	ok
150776	SMPD4BP	ok
150786	RAB6D	ok
1508	CTSB	ok
150864	FAM117B	ok
1509	CTSD	ok
150921	TCF23	ok
150935		no_symbol_in_gene_info
150946	GAREM2	ok
150962	PUS10	ok
150967	LINC01963	ok
150992	LINC00309	ok
151	ADRA2B	ok
1510	CTSE	ok
151011	SEPTIN10	ok
151050	KANSL1L	ok
151056	PLB1	ok
1511	CTSG	ok
151112	ZSWIM2	ok
151126	ZNF385B	ok
151171	LINC01107	ok
151174	LINC02610	ok
151188	ARL6IP6	ok
151194	METTL21A	ok
151195	CCNYL1	ok
1512	CTSH	ok
151230	KLHL23	ok
151234	SULT1C5P	ok
151242	PPP1R1C	ok
151246	SGO2	ok
151254	CATSPERT	ok
151258	SLC38A11	ok
151278	CCDC140	ok
151295	SLC23A3	ok
1513	CTSK	ok
151306	GPBAR1	ok
151313	FAHD2B	ok
151325	MYADML	ok
151354	LRATD1	ok
151393	RMDN2	ok
1514	CTSL	ok
151449	GDF7	ok
151473	SLC16A14	ok
151475	LINC01907	ok
151477	LINC00471	ok
151484	GCSIR	ok
1515	CTSV	ok
151507	MSL3B	ok
151516	ASPRV1	ok
151525	WDSUB1	ok
151531	UPP2	ok
151534	LBX2-AS1	ok
151556	GPR155	ok
151613	TTC14	ok
151636	DTX3L	ok
151647	TAFA4	ok
151648	SGO1	ok
151649	PP2D1	ok
151651	EFHB	ok
151658	LINC00635	ok
1517	CTSLP2	ok
151742	PPM1L	ok
151790	WDR49	ok
1518	CTSLP8	ok
151827	LRRC34	ok
151835	CPNE9	ok
151871	DPPA2	ok
151887	CCDC80	ok
151888	BTLA	ok
1519	CTSO	ok
151903	CCDC12	ok
151963	MB21D2	ok
151987	PPP4R2	ok
152	ADRA2C	ok
1520	CTSS	ok
152002	XXYLT1	ok
152006	RNF38	ok
152007	GLIPR2	ok
152015	ROPN1B	ok
152024	LINC00691	ok
152065	C3orf22	ok
152078	SLC66A1LP	ok
152098	ZCWPW2	ok
1521	CTSW	ok
152100	CMC1	ok
152110	NEK10	ok
152118	LINC02877	ok
152137	CCDC50	ok
152138	PYDC2	ok
152185	SPICE1	ok
152189	CMTM8	ok
152195	NUDT16L2P	ok
1522	CTSZ	ok
152206	CCDC13	ok
152217	NCBP2AS2	ok
152225	RDUR	ok
152273	FGD5	ok
1523	CUX1	ok
152302	CIDECP1	ok
152330	CNTN4	ok
1524	CX3CR1	ok
152404	IGSF11	ok
152405	TEX55	ok
152485	ZNF827	ok
1525	CXADR	ok
152503	SH3D19	ok
152518	NFXL1	ok
152519	NIPAL1	ok
152559	PAQR3	ok
152573	SHISA3	ok
152578	LINC01618	ok
152579	SCFD2	ok
152586	MGAT4D	ok
152641	WWC2-AS2	ok
152687	ZNF595	ok
152742	LINC01085	ok
152756	FAM218A	ok
152789	JAKMIP1	ok
1528	CYB5A	ok
152815	THAP6	ok
152816	ODAPH	ok
152831	KLB	ok
152877	FAM53A	ok
152926	PPM1K	ok
152940	SPMIP2	ok
152992	TRMT44	ok
153	ADRB1	ok
153020	RASGEF1B	ok
153090	DAB2IP	ok
153129	SLC38A9	ok
153163	SNCAIP-AS3	ok
153201	SLC36A2	ok
153218	SPINK13	ok
153222	CREBRF	ok
153241	CEP120	ok
153328	SLC25A48	ok
153339	TMEM167A	ok
153364	MBLAC2	ok
153396	TMEM161B	ok
1534	CYB561	ok
153443	SRFBP1	ok
153469	JAKMIP2-AS1	ok
153478	PLEKHG4B	ok
1535	CYBA	ok
153527	ZMAT2	ok
153562	MARVELD2	ok
153571	IRX2-DT	ok
153572	IRX2	ok
153579	BTNL9	ok
1536	CYBB	ok
153642	ARSK	ok
153643	FAM81B	ok
153657	TTC23L	ok
153684	ANXA2R-AS1	ok
1537	CYC1	ok
153733	CCDC112	ok
153743	PPP1R2B	ok
153745	GARIN3	ok
153768	PRELID2	ok
153769	SH3RF2	ok
153770	PLAC8L1	ok
1538	CYLC1	ok
153830	RNF145	ok
153910		no_symbol_in_gene_info
153918	ZC2HC1B	ok
154	ADRB2	ok
1540	CYLD	ok
154007	SNRNP48	ok
154043	CNKSR3	ok
154064	RAET1L	ok
154075	SAMD3	ok
154089	LINC01312	ok
154091	SLC2A12	ok
154092	LINC01010	ok
154141	MBOAT1	ok
154150	HDGFL1	ok
154197	PNLDC1	ok
154214	RNF217	ok
154215	NKAIN2	ok
154288	KHDC3L	ok
1543	CYP1A1	ok
154313	CFAP206	ok
154386	LINC01600	ok
1544	CYP1A2	ok
154442	POPDC1-AS1	ok
154449		no_symbol_in_gene_info
154467	CCDC167	ok
1545	CYP1B1	ok
154661	RUNDC3B	ok
154664	ABCA13	ok
154743	SAMTOR	ok
154754	PRSS3P2	ok
154761		no_symbol_in_gene_info
154790	CLEC2L	ok
154791	FMC1	ok
154796	AMOT	ok
1548	CYP2A6	ok
154807	VKORC1L1	ok
154810	AMOTL1	ok
154822	LINC00689	ok
154860	FEZF1-AS1	ok
154865	IQUB	ok
154872	LINC03043	ok
154881	KCTD7	ok
1549	CYP2A7	ok
155	ADRB3	ok
155006	TMEM213	ok
155038	GIMAP8	ok
155051	CRYGN	ok
155054	ZNF425	ok
155060		no_symbol_in_gene_info
155061	ZNF746	ok
155066	ATP6V0E2	ok
1551	CYP3A7	ok
155184	SLC2A7	ok
155185	AMZ1	ok
1553	CYP2A13	ok
155368	METTL27	ok
155370	SBDSP1	ok
155382	VPS37D	ok
155400	NSUN5P1	ok
155435	RBM33	ok
155465	AGR3	ok
1555	CYP2B6	ok
1556	CYP2B7P	ok
1557	CYP2C19	ok
1558	CYP2C8	ok
1559	CYP2C9	ok
156	GRK2	ok
1562	CYP2C18	ok
1564	CYP2D7	ok
1565	CYP2D6	ok
157	GRK3	ok
1571	CYP2E1	ok
1572	CYP2F1	ok
157247		no_symbol_in_gene_info
157273		no_symbol_in_gene_info
157285	PRAG1	ok
1573	CYP2J2	ok
157310	PEBP4	ok
157313	CDCA2	ok
157378	TMEM65	ok
157381	LINC00964	ok
157506	RDH10	ok
157556	BAALC-AS2	ok
157567	ANKRD46	ok
157570	ESCO2	ok
157574	FBXO16	ok
1576	CYP3A4	ok
157627	MIR124-1HG	ok
157638	LRATD2	ok
157657	CFAP418	ok
157680	VPS13B	ok
157695	TDRP	ok
157697	ERICH1	ok
1577	CYP3A5	ok
157724	SLC7A13	ok
157739	TDH	ok
157753	TMEM74	ok
157769	FAM91A1	ok
157773	C8orf48	ok
157777	MCMDC2	ok
157807	CLVS1	ok
157848	NKX6-3	ok
157855	KCNU1	ok
157869	SBSPON	ok
1579	CYP4A11	ok
157922	CAMSAP1	ok
157983	DOCK8-AS1	ok
158	ADSL	ok
1580	CYP4B1	ok
158035	REXO6P	ok
158038	LINGO2	ok
158046	NXNL2	ok
158055	C9orf163	ok
158056	MAMDC4	ok
158062	LCN6	ok
158067	AK8	ok
1581	CYP7A1	ok
158131	OR1Q1	ok
158135	TTLL11	ok
158158	RASEF	ok
158160	HSD17B7P2	ok
1582	CYP8B1	ok
158219	TTC39B	ok
158228	FAM201A	ok
158234	TRMT10B	ok
158248	TTC16	ok
158257	LINC02603	ok
158293	FAM120AOS	ok
158297	SAXO1	ok
1583	CYP11A1	ok
158314	LINC00475	ok
158326	FREM1	ok
158358	BRD10	ok
158376	SPAAR	ok
158381	ATP8B5P	ok
158399	ZNF483	ok
1584	CYP11B1	ok
158401	SHOC1	ok
158405	KIAA1958	ok
158427	TSTD2	ok
158431	ZNF782	ok
158434		no_symbol_in_gene_info
158435		no_symbol_in_gene_info
158471	PRUNE2	ok
1585	CYP11B2	ok
158506	CBLL2	ok
158511	CSAG1	ok
158521	FMR1NB	ok
158572	USP27X-DT	ok
158584	FAAH2	ok
158586	ZXDB	ok
1586	CYP17A1	ok
158696		no_symbol_in_gene_info
1587	ADAM3A	ok
158724	FAM47A	ok
158747	MOSPD2	ok
158763	ARHGAP36	ok
158787	RIBC1	ok
158798	AKAP14	ok
1588	CYP19A1	ok
158800	RHOXF1	ok
158801	NKAPP1	ok
158809	MAGEB6	ok
158830	CXorf65	ok
158833	AWAT1	ok
158835	AWAT2	ok
158866	ZDHHC15	ok
158880	USP51	ok
1589	CYP21A2	ok
158931	TCEAL6	ok
158983	H2BW1	ok
159	ADSS2	ok
1590	CYP21A1P	ok
159013	CXorf38	ok
159090	PABIR2	ok
159091	PABIR3	ok
1591	CYP24A1	ok
159125	RBMY2EP	ok
159195	USP54	ok
1592	CYP26A1	ok
159296	NKX2-3	ok
1593	CYP27A1	ok
159371	SLC35G1	ok
1594	CYP27B1	ok
1595	CYP51A1	ok
159686	CFAP58	ok
159963	SLC5A12	ok
159989	DEUP1	ok
16	AARS1	ok
160	AP2A1	ok
1600	DAB1	ok
160065	PATE1	ok
1601	DAB2	ok
160140	C11orf65	ok
1602	DACH1	ok
160287	LDHAL6A	ok
160298	C11orf42	ok
1603	DAD1	ok
160335	TMTC2	ok
160364	CLEC12A	ok
160365	CLECL1	ok
1604	CD55	ok
160418	TMTC3	ok
160419	ZC3H11D	ok
160428	ALDH1L2	ok
160492	LMNTD1	ok
1605	DAG1	ok
160518	DENND5B	ok
1606	DGKA	ok
160622	TAMALIN	ok
1607	DGKB	ok
160728	SLC5A8	ok
160760	PPTC7	ok
160762	CCDC63	ok
160777	CCDC60	ok
1608	DGKG	ok
160851	DGKH	ok
160857	CCDC122	ok
160897	GPR180	ok
1609	DGKQ	ok
161	AP2A2	ok
1610	DAO	ok
161003	STOML3	ok
1611	DAP	ok
161142	GARIN2	ok
161145	TMEM229B	ok
161159	ACTN1-DT	ok
161176	SYNE3	ok
161198	CLEC14A	ok
1612	DAPK1	ok
161247	FITM1	ok
161253	REM2	ok
161291	CDC50B	ok
1613	DAPK3	ok
161357	MDGA2	ok
161394	SAMD15	ok
161424	NOP9	ok
161436	EML5	ok
161497	STRC	ok
1615	DARS1	ok
161502	CFAP161	ok
161582	DNAAF4	ok
1616	DAXX	ok
161635	CSNK1A1P1	ok
161725	OTUD7A	ok
161742	SPRED1	ok
161753	CIMAP1C	ok
161779	PGBD4	ok
1618	DAZL	ok
161823	MAPDA	ok
161829	EXD1	ok
161835	FSIP1	ok
161882	ZFPM1	ok
161931	ADAD2	ok
162	AP1B1	ok
1620	BRINP1	ok
162073	ITPRIPL2	ok
162083	C16orf82	ok
1621	DBH	ok
1622	DBI	ok
162239	ZFP1	ok
162282	ANKFN1	ok
162333	MARCHF10	ok
162387	MFSD6L	ok
162394	SLFN5	ok
162417	NAGS	ok
162427	RETREG3	ok
162461	TMEM92	ok
162466	PHOSPHO1	ok
162494	RHBDL3	ok
162514	TRPV3	ok
162515	SLC16A11	ok
162517	FBXO39	ok
162540	SPPL2C	ok
162605	KRT28	ok
162632	USP32P1	ok
162655	ZNF519	ok
162681	C18orf54	ok
162699	ELOA3P	ok
1627	DBN1	ok
1628	DBP	ok
1629	DBT	ok
162962	ZNF836	ok
162963	ZNF610	ok
162966	ZNF600	ok
162967	ZNF320	ok
162968	ZNF497	ok
162972	ZNF550	ok
162979	ZNF296	ok
162989	DEDD2	ok
162993	ZNF846	ok
162998	OR7D2	ok
163	AP2B1	ok
1630	DCC	ok
163033	ZNF579	ok
163049	ZNF791	ok
163050	ZNF564	ok
163051	ZNF709	ok
163059	ZNF433	ok
163071	ZNF114	ok
163081	ZNF567	ok
163087	ZNF383	ok
163115	ZNF781	ok
163126	EID2	ok
163131	ZNF780B	ok
163154	PRR22	ok
163175	LGI4	ok
163183	SYNE4	ok
1632	ECI1	ok
163223	ZNF676	ok
163227	ZNF100	ok
163255	ZNF540	ok
163259	DENND2C	ok
1633	DCK	ok
163351	GBP6	ok
1634	DCN	ok
163404	PLPPR5	ok
163479	FNDC7	ok
163486	DENND1B	ok
1635	DCTD	ok
163589	TDRD5	ok
163590	TOR1AIP2	ok
1636	ACE	ok
163688	CALML6	ok
163702	IFNLR1	ok
163720	CYP4Z2P	ok
163732	CITED4	ok
163742	SLC25A3P1	ok
163747	CIMAP2	ok
163778	SPRR4	ok
163782	KANK4	ok
163786	SASS6	ok
1638	DCT	ok
163859	SDE2	ok
163882	CNST	ok
1639	DCTN1	ok
163933	FAM43B	ok
164	AP1G1	ok
164045	HFM1	ok
164091	PAQR7	ok
1641	DCX	ok
164118	TTC24	ok
164127	CCDC185	ok
164153	UBL4B	ok
1642	DDB1	ok
164237	WFDC13	ok
164284	APCDD1L	ok
1643	DDB2	ok
164312	LRRN4	ok
164380	CST13P	ok
164395	TTLL9	ok
1644	DDC	ok
1645	AKR1C1	ok
164592	CCDC116	ok
1646	AKR1C2	ok
164633	CABP7	ok
164656	TMPRSS6	ok
164668	APOBEC3H	ok
164684	WBP2NL	ok
1647	GADD45A	ok
164781	DAW1	ok
164832	LONRF2	ok
1649	DDIT3	ok
165	AEBP1	ok
1650	DDOST	ok
165055	CCDC138	ok
165082	ADGRF3	ok
165100	TEX44	ok
165140	OXER1	ok
165186	TOGARAM2	ok
1652	DDT	ok
165215	FAM171B	ok
165257	C1QL2	ok
1653	DDX1	ok
165324	UBXN2A	ok
1654	DDX3X	ok
1655	DDX5	ok
165530	CLEC4F	ok
165545	DQX1	ok
1656	DDX6	ok
165631	PARP15	ok
165679	SPTSSB	ok
1657	DMXL1	ok
165721	DNAJB8	ok
165829	GPR156	ok
1659	DHX8	ok
165904	XIRP1	ok
165918	RNF168	ok
166	TLE5	ok
1660	DHX9	ok
166012	CHST13	ok
1662	DDX10	ok
1663	DDX11	ok
166336	PRICKLE2	ok
166348	KBTBD12	ok
166378	AFG2A	ok
166379	BBS12	ok
1665	DHX15	ok
1666	DECR1	ok
166614	DCLK2	ok
166647	ADGRA3	ok
166752	FREM3	ok
166785	MMAA	ok
166793	ZBTB49	ok
166815	TIGD2	ok
166824	RASSF6	ok
166863	RBM46	ok
1669	DEFA4	ok
166929	SGMS2	ok
166968	MIER3	ok
166979	CDC20B	ok
1671	DEFA6	ok
167127	UGT3A2	ok
167153	TENT2	ok
1672	DEFB1	ok
167227	DCP2	ok
1673	DEFB4A	ok
167359	NIM1K	ok
1674	DES	ok
167410	LIX1	ok
167465	ZNF366	ok
1675	CFD	ok
167555	FAM151B	ok
1676	DFFA	ok
167681	PRSS35	ok
167691	LCA5	ok
1677	DFFB	ok
1678	TIMM8A	ok
167826	OLIG3	ok
167838	TXLNB	ok
168002	DACT2	ok
168090	C6orf118	ok
168374	ZNF92	ok
168391	GALNTL5	ok
168400	DDX53	ok
168417	ZNF679	ok
168433	RNF133	ok
168448	CDC14C	ok
168451	THAP5	ok
168455	CCDC71L	ok
168507	PKD1L1	ok
168537	GIMAP7	ok
168544	ZNF467	ok
168620	BHLHA15	ok
168667	BMPER	ok
1687	GSDME	ok
168850	ZNF800	ok
168975	CNBD1	ok
1690	COCH	ok
169026	SLC30A8	ok
169044	COL22A1	ok
169166	SNX31	ok
169200	TMEM64	ok
169270	ZNF596	ok
169355	IDO2	ok
169436	STKLD1	ok
169522	KCNV2	ok
169611	OLFML2A	ok
169693	TMEM252	ok
169714	QSOX2	ok
169792	GLIS3	ok
169834	ZNF883	ok
169841	ZNF169	ok
169966	TENT5D	ok
169981	SPIN3	ok
170063		no_symbol_in_gene_info
170067	SUPT20HL2	ok
170082	TCEANC	ok
170261	ZCCHC12	ok
170302	ARX	ok
170370	FAM170B	ok
170371	TMEM273	ok
170384	POFUT4	ok
170392	OIT3	ok
170393	LINC02870	ok
170394	PWWP2B	ok
170425	LINC00858	ok
170463	SSBP4	ok
170482	CLEC4C	ok
170487	ACTL10	ok
170506	DHX36	ok
170572	HTR3C	ok
170575	GIMAP1	ok
170589	GPHA2	ok
170591	S100Z	ok
170622	COMMD6	ok
170626	XAGE3	ok
170627	XAGE5	ok
170679	PSORS1C1	ok
170680	PSORS1C2	ok
170685	NUDT10	ok
170689	ADAMTS15	ok
170690	ADAMTS16	ok
170691	ADAMTS17	ok
170692	ADAMTS18	ok
170712	COX7B2	ok
170825	GSX2	ok
170850	KCNG3	ok
170954	PPP1R18	ok
170958	ZNF525	ok
170959	ZNF431	ok
170960	ZNF721	ok
170961	ANKRD24	ok
171017	ZNF384	ok
171019	ADAMTS19	ok
171022	BICDL3P	ok
171023	ASXL1	ok
171024	SYNPO2	ok
171169	SPACA4	ok
171177	RHOV	ok
171220	DSTNP2	ok
171389	NLRP6	ok
171391	GATD1-DT	ok
171392	ZNF675	ok
171423	PDIA3P1	ok
171425	CLYBL	ok
171482	FAM9A	ok
171483	FAM9B	ok
171484	FAM9C	ok
171489		no_symbol_in_gene_info
171546	SPTSSA	ok
171558	PTCRA	ok
171568	POLR3H	ok
171586	ABHD3	ok
1716	DGUOK	ok
1717	DHCR7	ok
1718	DHCR24	ok
1719	DHFR	ok
172	AFG3L1P	ok
1720	DHFRP3	ok
1723	DHODH	ok
1725	DHPS	ok
1727	CYB5R3	ok
1728	NQO1	ok
1729	DIAPH1	ok
173	AFM	ok
1730	DIAPH2	ok
1731	SEPTIN1	ok
1733	DIO1	ok
1734	DIO2	ok
1735	DIO3	ok
1736	DKC1	ok
1737	DLAT	ok
1738	DLD	ok
1739	DLG1	ok
174	AFP	ok
1740	DLG2	ok
1741	DLG3	ok
1742	DLG4	ok
1743	DLST	ok
1745	DLX1	ok
1746	DLX2	ok
1747	DLX3	ok
1748	DLX4	ok
1749	DLX5	ok
175	AGA	ok
1750	DLX6	ok
1755	DMBT1	ok
1756	DMD	ok
1757	SARDH	ok
1758	DMP1	ok
1759	DNM1	ok
176	ACAN	ok
1760	DMPK	ok
1761	DMRT1	ok
1762	DMWD	ok
1763	DNA2	ok
1767	DNAH5	ok
1768	DNAH6	ok
1769	DNAH8	ok
177	AGER	ok
1770	DNAH9	ok
1773	DNASE1	ok
1774	DNASE1L1	ok
1775	DNASE1L2	ok
1776	DNASE1L3	ok
1777	DNASE2	ok
1778	DYNC1H1	ok
178	AGL	ok
1780	DYNC1I1	ok
1781	DYNC1I2	ok
1783	DYNC1LI2	ok
1785	DNM2	ok
1786	DNMT1	ok
1787	TRDMT1	ok
1788	DNMT3A	ok
1789	DNMT3B	ok
1791	DNTT	ok
1793	DOCK1	ok
1794	DOCK2	ok
1795	DOCK3	ok
1796	DOK1	ok
1797	DXO	ok
1798	DPAGT1	ok
18	ABAT	ok
1800	DPEP1	ok
1801	DPH1	ok
1802	DPH2	ok
1803	DPP4	ok
1804	DPP6	ok
1805	DPT	ok
1806	DPYD	ok
1807	DPYS	ok
1808	DPYSL2	ok
1809	DPYSL3	ok
181	AGRP	ok
1810	DR1	ok
1811	SLC26A3	ok
1812	DRD1	ok
1813	DRD2	ok
1814	DRD3	ok
1815	DRD4	ok
1816	DRD5	ok
1819	DRG2	ok
182	JAG1	ok
1820	ARID3A	ok
1821	DRP2	ok
1822	ATN1	ok
1823	DSC1	ok
1824	DSC2	ok
1825	DSC3	ok
1826	DSCAM	ok
1827	RCAN1	ok
1828	DSG1	ok
1829	DSG2	ok
183	AGT	ok
1830	DSG3	ok
1831	TSC22D3	ok
1832	DSP	ok
1833	EPYC	ok
1834	DSPP	ok
1836	SLC26A2	ok
1837	DTNA	ok
1838	DTNB	ok
1839	HBEGF	ok
1840	DTX1	ok
1841	DTYMK	ok
1842	ECM2	ok
1843	DUSP1	ok
1844	DUSP2	ok
1845	DUSP3	ok
1846	DUSP4	ok
1847	DUSP5	ok
1848	DUSP6	ok
1849	DUSP7	ok
185	AGTR1	ok
1850	DUSP8	ok
1852	DUSP9	ok
1854	DUT	ok
1855	DVL1	ok
1856	DVL2	ok
1857	DVL3	ok
1859	DYRK1A	ok
186	AGTR2	ok
1861	TOR1A	ok
1869	E2F1	ok
187	APLNR	ok
1870	E2F2	ok
1871	E2F3	ok
1874	E2F4	ok
1875	E2F5	ok
1876	E2F6	ok
1877	E4F1	ok
1879	EBF1	ok
1880	GPR183	ok
1889	ECE1	ok
189	AGXT	ok
1890	TYMP	ok
1891	ECH1	ok
1892	ECHS1	ok
1893	ECM1	ok
1894	ECT2	ok
1896	EDA	ok
19	ABCA1	ok
190	NR0B1	ok
1901	S1PR1	ok
1902	LPAR1	ok
1903	S1PR3	ok
1906	EDN1	ok
1907	EDN2	ok
1908	EDN3	ok
1909	EDNRA	ok
191	AHCY	ok
1910	EDNRB	ok
1911	PHC1	ok
1912	PHC2	ok
1915	EEF1A1	ok
191585	PLAC4	ok
1917	EEF1A2	ok
192111	PGAM5	ok
192134	B3GNT6	ok
192286	HIGD2A	ok
192666	KRT24	ok
192668	CYS1	ok
192669	AGO3	ok
192670	AGO4	ok
192683	SCAMP5	ok
1933	EEF1B2	ok
1936	EEF1D	ok
193629	LINC00189	ok
1937	EEF1G	ok
1938	EEF2	ok
1939	EIF2D	ok
1942	EFNA1	ok
1943	EFNA2	ok
1944	EFNA3	ok
1945	EFNA4	ok
1946	EFNA5	ok
1947	EFNB1	ok
1948	EFNB2	ok
1949	EFNB3	ok
1950	EGF	ok
1951	CELSR3	ok
1952	CELSR2	ok
1953	MEGF6	ok
1954	MEGF8	ok
1955	MEGF9	ok
1956	EGFR	ok
1958	EGR1	ok
195814	SDR16C5	ok
195827	PRXL2C	ok
195828	ZNF367	ok
1959	EGR2	ok
196	AHR	ok
1960	EGR3	ok
196047	EMX2OS	ok
196051	PLPP4	ok
196074	METTL15	ok
1961	EGR4	ok
1962	EHHADH	ok
196264	MPZL3	ok
196294	IMMP1L	ok
196335	OR56B4	ok
196374	KRT78	ok
196383	RILPL2	ok
196385	DNAH10	ok
196394	AMN1	ok
1964	EIF1AX	ok
196403	DTX3	ok
196410	TMT1B	ok
196415	LINC02909	ok
196441	ZFC3H1	ok
196463	PLBD2	ok
196472	GARIN6	ok
196475	RMST	ok
196477	CCER1	ok
196483	EEF2KMT	ok
1965	EIF2S1	ok
196500	PIANP	ok
196513	DCP1B	ok
196527	ANO6	ok
196528	ARID2	ok
196541	METTL21C	ok
196549	EEF1DP3	ok
1967	EIF2B1	ok
196740	VSTM4	ok
196743	PAOX	ok
196792	FAM24B	ok
1968	EIF2S3	ok
196872	VESTAR	ok
196883	ADCY4	ok
1969	EPHA2	ok
196913	LINC01599	ok
196951	FAM227B	ok
196968	DNM1P46	ok
196993	CT62	ok
196996	GRAMD2A	ok
197	AHSG	ok
197003		no_symbol_in_gene_info
197021	LCTL	ok
197131	UBR1	ok
197135	PATL2	ok
197187	SNAI3-AS1	ok
197196	LINC00311	ok
197257	LDHD	ok
197258	FCSK	ok
197259	MLKL	ok
197320	ZNF778	ok
197322	ACSF3	ok
197335	WDR90	ok
197342	EME2	ok
197358	NLRC3	ok
197370	NSMCE1	ok
1974	EIF4A2	ok
197407	ZNF48	ok
1975	EIF4B	ok
1977	EIF4E	ok
1978	EIF4EBP1	ok
1979	EIF4EBP2	ok
1981	EIF4G1	ok
1982	EIF4G2	ok
1983	EIF5	ok
1984	EIF5A	ok
198437	LKAAEAR1	ok
199	AIF1	ok
1990	CELA1	ok
1991	ELANE	ok
1992	SERPINB1	ok
199221	DZIP1L	ok
199223	TTC21A	ok
1993	ELAVL2	ok
1994	ELAVL1	ok
1995	ELAVL3	ok
1996	ELAVL4	ok
199675	MCEMP1	ok
199692	ZNF627	ok
199699	DAND5	ok
1997	ELF1	ok
199704	ZNF585A	ok
199713	NLRP7	ok
199720	GGN	ok
199731	CADM4	ok
199745	THAP8	ok
199746	U2AF1L4	ok
199777	ZNF626	ok
199786	NIBAN3	ok
1998	ELF2	ok
199800	ADM5	ok
199834	LCE4A	ok
199857	ALG14	ok
199870	FAM76A	ok
199899	LINC00466	ok
1999	ELF3	ok
199920	FYB2	ok
199953	TMEM201	ok
199964	TMEM61	ok
199974	CYP4Z1	ok
199990	FAAP20	ok
2	A2M	ok
20	ABCA2	ok
2000	ELF4	ok
200008	CDCP2	ok
200010	SLC5A9	ok
200014	CC2D1B	ok
200035	NUDT17	ok
200058		no_symbol_in_gene_info
200081	TXLNA	ok
2001	ELF5	ok
200132	DYNLT5	ok
200150	PLD5	ok
200159	SPMIP3	ok
200162	SPAG17	ok
200172	SLFNL1	ok
200185	KRTCAP2	ok
200186	CRTC2	ok
200197	TMEM51-AS1	ok
2002	ELK1	ok
200205	IBA57	ok
200232	FAM209A	ok
200261	LINC00656	ok
2003	ELK2AP	ok
200312	RNF215	ok
200315	APOBEC3A	ok
200316	APOBEC3F	ok
200350	FOXD4L1	ok
200373	CFAP221	ok
2004	ELK3	ok
200403	VWA3B	ok
200407	CREG2	ok
200420	ALMS1P1	ok
200424	TET3	ok
2005	ELK4	ok
200504	GKN2	ok
200523	SPMIP9	ok
200539	ANKRD23	ok
200558	APLF	ok
200576	PIKFYVE	ok
2006	ELN	ok
200634	KRTCAP3	ok
200726	FAM237A	ok
200728	TMEM17	ok
200734	SPRED2	ok
200765	TIGD1	ok
200772	UICLM	ok
200810	ALG1L1P	ok
200844	CFAP20DC	ok
200845	KCTD6	ok
200879	LIPH	ok
200894	ARL13B	ok
200895	DHFR2	ok
2009	EML1	ok
200909	HTR3D	ok
200916	RPL22L1	ok
200931	SLC51A	ok
200933	FBXO45	ok
200942	KLHDC8B	ok
200958	MUC20	ok
200959	GABRR3	ok
2010	EMD	ok
2011	MARK2	ok
201134	CEP112	ok
201140	DHRS7C	ok
201158	TVP23C	ok
201161	CENPV	ok
201163	FLCN	ok
201164	PLD6	ok
201176	ARHGAP27	ok
201181	ZNF385C	ok
201191	SAMD14	ok
2012	EMP1	ok
201229	LYRM9	ok
201232	SLC16A13	ok
201243	SPEM2	ok
201254	CENPX	ok
201255	LRRC45	ok
201266	SLC39A11	ok
201283	AMZ2P1	ok
201292	TRIM65	ok
201294	UNC13D	ok
201299	RDM1	ok
2013	EMP2	ok
201305	SPNS3	ok
2014	EMP3	ok
201456	FBXO15	ok
201475	RAB12	ok
201477	DLGAP1-AS3	ok
2015	ADGRE1	ok
201501	ZBTB7C	ok
201514	ZNF584	ok
201516	ZSCAN4	ok
201562	HACD2	ok
201595	STT3B	ok
2016	EMX1	ok
201617	LINC00870	ok
201625	DNAH12	ok
201626	PDE12	ok
201627	DENND6A	ok
201633	TIGIT	ok
201651	AADACP1	ok
2017	CTTN	ok
201725	C4orf46	ok
201780	SLC10A4	ok
201798	TIGD4	ok
201799	TMEM154	ok
2018	EMX2	ok
201895	SMIM14	ok
2019	EN1	ok
201931	TMEM192	ok
201965	RWDD4	ok
201973	PRIMPOL	ok
202	CRYBG1	ok
2020	EN2	ok
202018	TAPT1	ok
202020	TAPT1-AS1	ok
202051	SPATA24	ok
202052	DNAJC18	ok
2021	ENDOG	ok
202134	FAM153B	ok
202151	RANBP3L	ok
202181	SIMC1P1	ok
2022	ENG	ok
202243	CCDC125	ok
202299	LINC01554	ok
2023	ENO1	ok
202309	GAPT	ok
202333	CMYA5	ok
202374	STK32A	ok
202459	OSTCP1	ok
202500	DRC5	ok
202559	KHDRBS2	ok
2026	ENO2	ok
2027	ENO3	ok
202781	PAXIP1-DT	ok
2028	ENPEP	ok
202865	C7orf33	ok
2029	ENSA	ok
202915	TMEM184A	ok
203	AK1	ok
2030	SLC29A1	ok
203054	ADCK5	ok
203062	TSNARE1	ok
203068	TUBB	ok
203069	R3HCC1	ok
203074	PRSS55	ok
203076	C8orf74	ok
203100	HTRA4	ok
203102	ADAM32	ok
203111	ERICH5	ok
203190	LGI3	ok
203197	TMEM268	ok
203228	C9orf72	ok
203238	CCDC171	ok
203245	NAIF1	ok
203259	FAM219A	ok
203260	CCDC107	ok
203286	ANKS6	ok
2033	EP300	ok
203328	SUSD3	ok
2034	EPAS1	ok
203413	CT83	ok
203427	SLC25A43	ok
203430	RTL3	ok
203447	NRK	ok
2035	EPB41	ok
203510	HMGB3P30	ok
203522	INTS6L	ok
203523	ZNF449	ok
203547	VMA21	ok
203562	TMEM31	ok
203569	PAGE2	ok
2036	EPB41L1	ok
2037	EPB41L2	ok
2038	EPB42	ok
203859	ANO5	ok
2039	DMTN	ok
204	AK2	ok
2040	STOM	ok
204010	RPSAP52	ok
2041	EPHA1	ok
2042	EPHA3	ok
204219	CERS3	ok
2043	EPHA4	ok
2044	EPHA5	ok
204474	PDILT	ok
2045	EPHA7	ok
2046	EPHA8	ok
2047	EPHB1	ok
2048	EPHB2	ok
204801	NLRP11	ok
204851	HIPK1	ok
2049	EPHB3	ok
204962	SLC44A5	ok
205	AK4	ok
2050	EPHB4	ok
2051	EPHB6	ok
205147	AMER3	ok
2052	EPHX1	ok
205251	MTLN	ok
2053	EPHX2	ok
205327	C2orf69	ok
2054	STX2	ok
205428	DIPK2A	ok
2055	CLN8	ok
205564	SENP5	ok
2056	EPO	ok
2057	EPOR	ok
205717	USF3	ok
2058	EPRS1	ok
205860	TRIML2	ok
2059	EPS8	ok
2060	EPS15	ok
2063	NR2F6	ok
206338	LVRN	ok
206358	SLC36A1	ok
2064	ERBB2	ok
206412	C6orf163	ok
206426	PIP5K1P1	ok
2065	ERBB3	ok
2066	ERBB4	ok
2067	ERCC1	ok
2068	ERCC2	ok
2069	EREG	ok
207	AKT1	ok
2070	EYA4	ok
2071	ERCC3	ok
207107	SFTA1P	ok
2072	ERCC4	ok
2073	ERCC5	ok
2074	ERCC6	ok
2077	ERF	ok
2078	ERG	ok
2079	ERH	ok
208	AKT2	ok
2081	ERN1	ok
2086	ERV3-1	ok
2091	FBL	ok
2098	ESD	ok
2099	ESR1	ok
21	ABCA3	ok
210	ALAD	ok
2100	ESR2	ok
2101	ESRRA	ok
2103	ESRRB	ok
2104	ESRRG	ok
2107	ETF1	ok
2108	ETFA	ok
2109	ETFB	ok
211	ALAS1	ok
2110	ETFDH	ok
2113	ETS1	ok
2114	ETS2	ok
2115	ETV1	ok
2116	ETV2	ok
2117	ETV3	ok
2118	ETV4	ok
2119	ETV5	ok
212	ALAS2	ok
2120	ETV6	ok
2121	EVC	ok
2122	MECOM	ok
2123	EVI2A	ok
2124	EVI2B	ok
2125	EVPL	ok
2128	EVX1	ok
213	ALB	ok
2130	EWSR1	ok
2131	EXT1	ok
2132	EXT2	ok
2134	EXTL1	ok
2135	EXTL2	ok
2137	EXTL3	ok
2138	EYA1	ok
2139	EYA2	ok
214	ALCAM	ok
2140	EYA3	ok
2145	EZH1	ok
2146	EZH2	ok
2147	F2	ok
2149	F2R	ok
215	ABCD1	ok
2150	F2RL1	ok
2151	F2RL2	ok
2152	F3	ok
2153	F5	ok
2155	F7	ok
2157	F8	ok
2158	F9	ok
2159	F10	ok
216	ALDH1A1	ok
2160	F11	ok
2161	F12	ok
2162	F13A1	ok
2165	F13B	ok
2166	FAAH	ok
2167	FABP4	ok
2168	FABP1	ok
2169	FABP2	ok
217	ALDH2	ok
2170	FABP3	ok
2171	FABP5	ok
2172	FABP6	ok
2173	FABP7	ok
2175	FANCA	ok
2176	FANCC	ok
2177	FANCD2	ok
2178	FANCE	ok
218	ALDH3A1	ok
2180	ACSL1	ok
2181	ACSL3	ok
2182	ACSL4	ok
2184	FAH	ok
2185	PTK2B	ok
2186	BPTF	ok
2187	FANCB	ok
2188	FANCF	ok
2189	FANCG	ok
219	ALDH1B1	ok
2191	FAP	ok
2192	FBLN1	ok
219285	SAMD9L	ok
219287	AMER2	ok
219293	ATAD3C	ok
2193	FARSA	ok
219333	USP12	ok
219347	TMEM254-AS1	ok
219348	PLAC9	ok
2194	FASN	ok
219402	MTIF3	ok
219409	GSX1	ok
219429	OR4C11	ok
219432	OR4C6	ok
219438	OR5D18	ok
219445	OR7E5P	ok
219453	OR8K5	ok
219464	OR5T2	ok
219473	OR8K3	ok
219482	OR5M3	ok
2195	FAT1	ok
219525	OR5AK4P	ok
219527	LRRC55	ok
219537	SMTNL1	ok
219539	YPEL4	ok
219541	MED19	ok
219557	TEX47	ok
219578	ZNF804B	ok
219595	FOLH1B	ok
2196	FAT2	ok
219621	CABCOCO1	ok
219623	TMEM26	ok
219654	ZCCHC24	ok
219670	ENKUR	ok
219681	ARMC3	ok
219699	UNC5B	ok
2197	FAU	ok
219731	PROSER2-AS1	ok
219736	STOX1	ok
219738	FAM241B	ok
219743	TYSND1	ok
219749	ZNF25	ok
219770	GJD4	ok
219771	CCNY	ok
219790	RTKN2	ok
219793	TBATA	ok
219833	KCNJ5-AS1	ok
219844	HYLS1	ok
219854	TMEM218	ok
219855	SLC37A2	ok
219858	OR8B12	ok
219873	OR10S1	ok
219899	TBCEL	ok
2199	FBLN2	ok
219902	TLCD5	ok
219927	MRPL21	ok
219931	TPCN2	ok
219938	SPATA19	ok
219956	OR9Q1	ok
219960	OR10Q1	ok
219968	OR5B21	ok
219970	GLYATL2	ok
219972	MPEG1	ok
219983	OR4D6	ok
219988	PATL1	ok
219990	OOSP2	ok
219995	MS4A15	ok
22	ABCB7	ok
220	ALDH1A3	ok
2200	FBN1	ok
220001	VWCE	ok
220002	CYB561A3	ok
220004	SAXO4	ok
220032	GDPD4	ok
220042	DDIAS	ok
220047	CCDC83	ok
220064	LTO1	ok
220074	LRTOMT	ok
220081	ERICH6B	ok
220082	CBY2	ok
2201	FBN2	ok
220107	DLEU7	ok
220108	FAM124A	ok
220115	TPTE2P3	ok
220134	SKA1	ok
220136	CFAP53	ok
220164	DOK6	ok
2202	EFEMP1	ok
220202	ATOH7	ok
220213	OTUD1	ok
220296	HEPACAM	ok
2203	FBP1	ok
220323	OAF	ok
220359	TIGD3	ok
220382	FAM181B	ok
220388	CCDC89	ok
2204	FCAR	ok
220429	CTAGE10P	ok
220441	RNF152	ok
2205	FCER1A	ok
220594	USP32P2	ok
2206	MS4A2	ok
2207	FCER1G	ok
220729	SDHAP4	ok
2208	FCER2	ok
220832	FABP5P3	ok
2209	FCGR1A	ok
220906	WAC-AS1	ok
220929	ZNF438	ok
220930	ZEB1-AS1	ok
220963	SLC16A9	ok
220965	FAM13C	ok
220972	MARCHF8	ok
220979	ZNF22-AS1	ok
220980	TMEM72-AS1	ok
220988	HNRNPA3	ok
220992	ZNF485	ok
221	ALDH3B1	ok
2210	FCGR1BP	ok
221002	RASGEF1A	ok
221016		no_symbol_in_gene_info
221035	REEP3	ok
221037	JMJD1C	ok
221044	UCMA	ok
221060	RPP38-DT	ok
221061	FAM171A1	ok
221074	SLC39A12	ok
221078	NSUN6	ok
221079	ARL5B	ok
221091	LRRN4CL	ok
221092	HNRNPUL2	ok
221120	ALKBH3	ok
221122	LINC02685	ok
221143	EEF1AKMT1	ok
221150	SKA3	ok
221154	MICU2	ok
221178	SPATA13	ok
221184	CPNE2	ok
221188	ADGRG5	ok
221191	PRSS54	ok
2212	FCGR2A	ok
221223	CES5A	ok
221241	LINC00305	ok
221262	CCDC162P	ok
221264	AK9	ok
221294	NT5DC1	ok
2213	FCGR2B	ok
221301	CALHM4	ok
221302	ZUP1	ok
221303	FAM162B	ok
221322	TBC1D32	ok
221336	BEND6	ok
221357	GSTA5	ok
221391	OPN5	ok
221393	ADGRF4	ok
221395	ADGRF5	ok
2214	FCGR3A	ok
221400	TDRD6	ok
221409	SPATS1	ok
221416	LINC03040	ok
221421	RSPH9	ok
221424	LRRC73	ok
221438	TREML5P	ok
221442	ADCY10P1	ok
221443	OARD1	ok
221458	KIF6	ok
221468	TMEM217	ok
221472	FGD2	ok
221476	PI16	ok
221477	C6orf89	ok
221481	ARMC12	ok
221491	SMIM29	ok
221496	LEMD2	ok
2215	FCGR3B	ok
221504	ZBTB9	ok
221527	ZBTB12	ok
221545	C6orf136	ok
221584	ZSCAN12P1	ok
221613	H2AC1	ok
221656	KDM1B	ok
221662	RBM24	ok
221687	RNF182	ok
221692	PHACTR1	ok
2217	FCGRT	ok
221710	SMIM13	ok
221711	SYCP2L	ok
221718	LINC00518	ok
221749	PXDC1	ok
221756	SERPINB9P1	ok
221785	ZSCAN25	ok
221786	ZBED8L	ok
2218	FKTN	ok
221806	VWDE	ok
221823	PRPS1L1	ok
221830	POLR1F	ok
221833	SP8	ok
221883	HOXA11-AS	ok
221895	JAZF1	ok
2219	FCN1	ok
221908	PPP1R35	ok
221914	GPC2	ok
221927	BRAT1	ok
221935	SDK1	ok
221937	FOXK1	ok
221938	MMD2	ok
221955	DAGLB	ok
221960	CCZ1B	ok
221981	THSD7A	ok
222	ALDH3B2	ok
2220	FCN2	ok
222008	VSTM2A	ok
222029		no_symbol_in_gene_info
222068	TMED4	ok
222161		no_symbol_in_gene_info
222166	MTURN	ok
222171	PRR15	ok
222183	SRRM3	ok
222194	RSBN1L	ok
2222	FDFT1	ok
222223	ELAPOR2	ok
222229	LRWD1	ok
222234	FAM185A	ok
222235	FBXL13	ok
222236	NAPEPLD	ok
222255	ATXN7L1	ok
222256	CDHR3	ok
222389	BEND7	ok
2224	FDPS	ok
222484	LNX2	ok
222487	ADGRG3	ok
222537	HS3ST5	ok
222545	GPRC6A	ok
222546	RFX6	ok
222553	SLC35F1	ok
222584	SACK1B	ok
222611	ADGRF2P	ok
222642	TSPO2	ok
222643	UNC5CL	ok
222658	KCTD20	ok
222659	PXT1	ok
222662	LHFPL5	ok
222663	SCUBE3	ok
222696	ZSCAN23	ok
222698	NKAPL	ok
222699	TOB2P1	ok
222826	FAM217A	ok
222865	TMEM130	ok
222894	FERD3L	ok
222901	RPL23P8	ok
222950	NYAP1	ok
222962	SLC29A4	ok
222967	RSPH10B	ok
223	ALDH9A1	ok
2230	FDX1	ok
223075	ITPRID1	ok
223082	ZNRF2	ok
223117	SEMA3D	ok
2232	FDXR	ok
2235	FECH	ok
2237	FEN1	ok
2239	GPC4	ok
224	ALDH3A2	ok
2241	FER	ok
2242	FES	ok
2243	FGA	ok
2244	FGB	ok
2245	FGD1	ok
2246	FGF1	ok
2247	FGF2	ok
2248	FGF3	ok
2249	FGF4	ok
225	ABCD2	ok
2250	FGF5	ok
2251	FGF6	ok
2252	FGF7	ok
2253	FGF8	ok
2254	FGF9	ok
2255	FGF10	ok
2256	FGF11	ok
225689	MAPK15	ok
2257	FGF12	ok
2258	FGF13	ok
2259	FGF14	ok
226	ALDOA	ok
2260	FGFR1	ok
2261	FGFR3	ok
2262	GPC5	ok
2263	FGFR2	ok
2264	FGFR4	ok
2266	FGG	ok
2267	FGL1	ok
2268	FGR	ok
2271	FH	ok
2272	FHIT	ok
2273	FHL1	ok
2274	FHL2	ok
2275	FHL3	ok
2277	VEGFD	ok
22794	CASC3	ok
22795	NID2	ok
22796	COG2	ok
22797	TFEC	ok
22798	LAMB4	ok
2280	FKBP1A	ok
22800	RRAS2	ok
22801	ITGA11	ok
22802	CLCA4	ok
22803	XRN2	ok
22806	IKZF3	ok
22807	IKZF2	ok
22808	MRAS	ok
22809	ATF5	ok
2281	FKBP1B	ok
22818	COPZ1	ok
2282	FKBP1AP1	ok
22820	COPG1	ok
22821	RASA3	ok
22822	PHLDA1	ok
22823	MTF2	ok
22824	HSPA4L	ok
22826	DNAJC8	ok
22827	PUF60	ok
22828	SCAF8	ok
22829	NLGN4Y	ok
22832	CEP162	ok
22834	ZNF652	ok
22835	ZFP30	ok
22836	RHOBTB3	ok
22837	COBLL1	ok
22838	RNF44	ok
22839	DLGAP4	ok
22841	RAB11FIP2	ok
22843	PPM1E	ok
22844	FRMPD1	ok
22845	DOLK	ok
22846	VASH1	ok
22847	ZNF507	ok
22848	AAK1	ok
22849	CPEB3	ok
22850	ADNP2	ok
22852	ANKRD26	ok
22853	LMTK2	ok
22854	NTNG1	ok
22856	CHSY1	ok
22858	CILK1	ok
22859	ADGRL1	ok
2286	FKBP2	ok
22861	NLRP1	ok
22862	FNDC3A	ok
22863	ATG14	ok
22864	R3HDM2	ok
22865	SLITRK3	ok
22866	CNKSR2	ok
22868	FASTKD2	ok
22869	ZNF510	ok
2287	FKBP3	ok
22870	PPP6R1	ok
22871	NLGN1	ok
22872	SEC31A	ok
22873	DZIP1	ok
22874	PLEKHA6	ok
22875	ENPP4	ok
22876	INPP5F	ok
22877	MLXIP	ok
22878	TRAPPC8	ok
22879	MON1B	ok
2288	FKBP4	ok
22880	MORC2	ok
22881	ANKRD6	ok
22882	ZHX2	ok
22883	CLSTN1	ok
22884	WDR37	ok
22885	ABLIM3	ok
22887	FOXJ3	ok
22888	UBOX5	ok
22889	KHDC4	ok
2289	FKBP5	ok
22890	ZBTB1	ok
22891	ZNF365	ok
22893	BAHD1	ok
22894	DIS3	ok
22895	RPH3A	ok
22897	CEP164	ok
22898	DENND3	ok
22899	ARHGEF15	ok
229	ALDOB	ok
2290	FOXG1	ok
22900	CARD8	ok
22901	ARSG	ok
22902	RUFY3	ok
22903	BTBD3	ok
22904	SBNO2	ok
22905	EPN2	ok
22906	TRAK1	ok
22907	DHX30	ok
22908	SACM1L	ok
22909	FAN1	ok
22911	WDR47	ok
22913	RALY	ok
22914	KLRK1	ok
22915	MMRN1	ok
22916	NCBP2	ok
22917	ZP1	ok
22918	CD93	ok
22919	MAPRE1	ok
22920	KIFAP3	ok
22921	MSRB2	ok
22924	MAPRE3	ok
22925	PLA2R1	ok
22926	ATF6	ok
22927	HABP4	ok
22928	SEPHS2	ok
22929	SEPHS1	ok
22930	RAB3GAP1	ok
22931	RAB18	ok
22932	POMZP3	ok
22933	SIRT2	ok
22934	RPIA	ok
22936	ELL2	ok
22937	SCAP	ok
22938	SNW1	ok
2294	FOXF1	ok
22941	SHANK2	ok
22943	DKK1	ok
22944	KIN	ok
22948	CCT5	ok
22949	PTGR1	ok
2295	FOXF2	ok
22950	SLC4A1AP	ok
22952	CYP2G1P	ok
22953	P2RX2	ok
22954	TRIM32	ok
22955	SCMH1	ok
2296	FOXC1	ok
22973	LAMB2P1	ok
22974	TPX2	ok
22976	PAXIP1	ok
22977	AKR7A3	ok
22978	NT5C2	ok
22979	EFR3B	ok
2298	FOXD4	ok
22980	TCF25	ok
22981	NINL	ok
22982	DIP2C	ok
22983	MAST1	ok
22984	PDCD11	ok
22985	ACIN1	ok
22986	SORCS3	ok
22987	SV2C	ok
22989	MYH15	ok
2299	FOXI1	ok
22990	PCNX1	ok
22992	KDM2A	ok
22993	HMGXB3	ok
22994	CEP131	ok
22995	CEP152	ok
22996	TTC39A	ok
22997	IGSF9B	ok
22998	LIMCH1	ok
22999	RIMS1	ok
23	ABCF1	ok
230	ALDOC	ok
2300	FOXL1	ok
23001	WDFY3	ok
23002	DAAM1	ok
23005	MAPKBP1	ok
23007	PLCH1	ok
23008	KLHDC10	ok
2301	FOXE3	ok
23011	RAB21	ok
23012	STK38L	ok
23013	SPEN	ok
23014	FBXO21	ok
23015	GOLGA8A	ok
23016	EXOSC7	ok
23017	FAIM2	ok
23019	CNOT1	ok
2302	FOXJ1	ok
23020	SNRNP200	ok
23022	PALLD	ok
23023	TMCC1	ok
23024	PDZRN3	ok
23025	UNC13A	ok
23026	MYO16	ok
23028	KDM1A	ok
23029	RBM34	ok
2303	FOXC2	ok
23030	KDM4B	ok
23031	MAST3	ok
23032	USP33	ok
23033	DOP1A	ok
23034	SAMD4A	ok
23035	PHLPP2	ok
23036	ZNF292	ok
23037	PDZD2	ok
23038	WDTC1	ok
23039	XPO7	ok
2304	FOXE1	ok
23040	MYT1L	ok
23041	MON2	ok
23042	PDXDC1	ok
23043	TNIK	ok
23046	KIF21B	ok
23047	PDS5B	ok
23048	FNBP1	ok
23049	SMG1	ok
2305	FOXM1	ok
23051	ZHX3	ok
23052	ENDOD1	ok
23053	ZSWIM8	ok
23054	NCOA6	ok
23057	NMNAT2	ok
23059	IFT38	ok
2306	FOXD2	ok
23060	ZNF609	ok
23061	TBC1D9B	ok
23062	GGA2	ok
23063	WAPL	ok
23064	SETX	ok
23065	EMC1	ok
23066	CAND2	ok
23067	SETD1B	ok
2307	FOXS1	ok
23070	CMTR1	ok
23071	ERP44	ok
23072	HECW1	ok
23074	BLTP3B	ok
23075	SWAP70	ok
23076	RRP1B	ok
23077	MYCBP2	ok
23078	VWA8	ok
2308	FOXO1	ok
23080	AVL9	ok
23081	KDM4C	ok
23082	PPRC1	ok
23085	ERC1	ok
23086	EXPH5	ok
23087	TRIM35	ok
23089	PEG10	ok
2309	FOXO3	ok
23090	ZNF423	ok
23091	ZC3H13	ok
23092	ARHGAP26	ok
23093	TTLL5	ok
23094	SIPA1L3	ok
23095	KIF1B	ok
23096	IQSEC2	ok
23097	CDK19	ok
23098	SARM1	ok
23099	ZBTB43	ok
231	AKR1B1	ok
2310	FOXO3B	ok
23101	MCF2L2	ok
23102	TBC1D2B	ok
23105	FSTL4	ok
23107	MRPS27	ok
23108	RAP1GAP2	ok
23109	DDN	ok
23111	SPART	ok
23112	TNRC6B	ok
23113	CUL9	ok
23114	NFASC	ok
23116	TOGARAM1	ok
23117	NPIPB3	ok
23118	TAB2	ok
23119	HIC2	ok
2312	FLG	ok
23120	ATP10B	ok
23122	CLASP2	ok
23125	CAMTA2	ok
23126	POGZ	ok
23127	COLGALT2	ok
23129	PLXND1	ok
2313	FLI1	ok
23130	ATG2A	ok
23131	GPATCH8	ok
23132	RAD54L2	ok
23133	PHF8	ok
23135	KDM6B	ok
23136	EPB41L3	ok
23137	SMC5	ok
23138	N4BP3	ok
23139	MAST2	ok
2314	FLII	ok
23140	ZZEF1	ok
23141	ANKLE2	ok
23142	DCUN1D4	ok
23143	LRCH1	ok
23144	ZC3H3	ok
23145	SSPOP	ok
23148	NACAD	ok
23149	FCHO1	ok
2315	MLANA	ok
23150	FRMD4B	ok
23151	GRAMD4	ok
23152	CIC	ok
23154	NCDN	ok
23155	CLCC1	ok
23157	SEPTIN6	ok
23158	TBC1D9	ok
2316	FLNA	ok
23160	WDR43	ok
23161	SNX13	ok
23162	MAPK8IP3	ok
23163	GGA3	ok
23164	MPRIP	ok
23165	NUP205	ok
23166	STAB1	ok
23167	EFR3A	ok
23168	RTF1	ok
23169	SLC35D1	ok
2317	FLNB	ok
23170	TTLL12	ok
23171	GPD1L	ok
23172	ABRAXAS2	ok
23173	METAP1	ok
23174	ZCCHC14	ok
23175	LPIN1	ok
23176	SEPTIN8	ok
23177	CEP68	ok
23178	PASK	ok
23179	RGL1	ok
2318	FLNC	ok
23180	RFTN1	ok
23181	DIP2A	ok
23184	MESD	ok
23185	LARP4B	ok
23186	RCOR1	ok
23187	PHLDB1	ok
23189	KANK1	ok
2319	FLOT2	ok
23190	UBXN4	ok
23191	CYFIP1	ok
23192	ATG4B	ok
23193	GANAB	ok
23194	FBXL7	ok
23195	MDN1	ok
23196	FAM120A	ok
23197	FAF2	ok
23198	PSME4	ok
23199	GSE1	ok
23200	ATP11B	ok
23201	FAM168A	ok
23203	PMPCA	ok
23204	ARL6IP1	ok
23205	ACSBG1	ok
23207	PLEKHM2	ok
23208	SYT11	ok
23209	MLC1	ok
2321	FLT1	ok
23210	JMJD6	ok
23211	ZC3H4	ok
23212	RRS1	ok
23213	SULF1	ok
23214	XPO6	ok
23215	PRRC2C	ok
23216	TBC1D1	ok
23217	ZFR2	ok
23218	NBEAL2	ok
23219	FBXO28	ok
2322	FLT3	ok
23220	DTX4	ok
23221	RHOBTB2	ok
23223	RRP12	ok
23224	SYNE2	ok
23225	NUP210	ok
23228	PLCL2	ok
23229	ARHGEF9	ok
2323	FLT3LG	ok
23230	VPS13A	ok
23231	SEL1L3	ok
23232	TBC1D12	ok
23233	EXOC6B	ok
23234	DNAJC9	ok
23235	SIK2	ok
23236	PLCB1	ok
23237	ARC	ok
23239	PHLPP1	ok
2324	FLT4	ok
23240	TMEM131L	ok
23241	PACS2	ok
23242	COBL	ok
23243	ANKRD28	ok
23244	PDS5A	ok
23245	ASTN2	ok
23246	BOP1	ok
23247	KATNIP	ok
23248	RPRD2	ok
23250	ATP11A	ok
23251	MINAR1	ok
23252	OTUD3	ok
23253	ANKRD12	ok
23254	KAZN	ok
23255	MTCL1	ok
23256	SCFD1	ok
23258	DENND5A	ok
23259	DDHD2	ok
2326	FMO1	ok
23261	CAMTA1	ok
23262	PPIP5K2	ok
23263	MCF2L	ok
23264	ZC3H7B	ok
23265	EXOC7	ok
23266	ADGRL2	ok
23268	DNMBP	ok
23269	MGA	ok
2327	FMO2	ok
23270	TSPYL4	ok
23271	CAMSAP2	ok
23272	TASOR	ok
23274	CLEC16A	ok
23275	POFUT2	ok
23276	KLHL18	ok
23277	CLUH	ok
23279	NUP160	ok
2328	FMO3	ok
23281	MTUS2	ok
23283	CSTF2T	ok
23284	ADGRL3	ok
23285		no_symbol_in_gene_info
23286	WWC1	ok
23287	AGTPBP1	ok
23288	IQCE	ok
2329	FMO4	ok
23291	FBXW11	ok
23293	SMG6	ok
23294	ANKS1A	ok
23295	MGRN1	ok
23299	BICD2	ok
2330	FMO5	ok
23300	ATMIN	ok
23301	EHBP1	ok
23302	WSCD1	ok
23303	KIF13B	ok
23304	UBR2	ok
23305	ACSL6	ok
23306	NEMP1	ok
23307	FKBP15	ok
23308	ICOSLG	ok
23309	SIN3B	ok
2331	FMOD	ok
23310	NCAPD3	ok
23312	DMXL2	ok
23313	KIAA0930	ok
23314	SATB2	ok
23315	SLC9A8	ok
23316	CUX2	ok
23317	DNAJC13	ok
23318	TUT4	ok
2332	FMR1	ok
23321	TRIM2	ok
23322	RPGRIP1L	ok
23324	MAN2B2	ok
23325	WASHC4	ok
23326	USP22	ok
23327	NEDD4L	ok
23328	SASH1	ok
23329	TBC1D30	ok
23331	TTC28	ok
23332	CLASP1	ok
23333	DPY19L1	ok
23334	SZT2	ok
23335	WDR7	ok
23336	SYNM	ok
23338	JADE2	ok
23339	VPS39	ok
2334	AFF2	ok
23341	DNAJC16	ok
23344	ESYT1	ok
23345	SYNE1	ok
23347	SMCHD1	ok
23348	DOCK9	ok
23349	PHF24	ok
2335	FN1	ok
23350	U2SURP	ok
23351	KHNYN	ok
23352	UBR4	ok
23353	SUN1	ok
23354	HAUS5	ok
23355	VPS8	ok
23357	ANGEL1	ok
23358	USP24	ok
23359	ENTREP2	ok
23360	FNBP4	ok
23361	ZNF629	ok
23362	PSD3	ok
23363	OBSL1	ok
23365	ARHGEF12	ok
23366	MATCAP2	ok
23367	LARP1	ok
23368	PPP1R13B	ok
23369	PUM2	ok
23370	ARHGEF18	ok
23371	TNS2	ok
23373	CRTC1	ok
23376	UFL1	ok
23378	RRP8	ok
23379	ICE1	ok
23380	SRGAP2	ok
23381	SMG5	ok
23382	AHCYL2	ok
23383	MAU2	ok
23384	SPECC1L	ok
23385	NCSTN	ok
23386	NUDCD3	ok
23387	SIK3	ok
23389	MED13L	ok
2339	FNTA	ok
23390	ZDHHC17	ok
23392	ECPAS	ok
23394	ADNP	ok
23395	LARS2	ok
23396	PIP5K1C	ok
23397	NCAPH	ok
23398	PPWD1	ok
23399	CTDNEP1	ok
23400	ATP13A2	ok
23401	FRAT2	ok
23403	FBXO46	ok
23404	EXOSC2	ok
23405	DICER1	ok
23406	COTL1	ok
23408	SIRT5	ok
23409	SIRT4	ok
23410	SIRT3	ok
23411	SIRT1	ok
23412	COMMD3	ok
23413	NCS1	ok
23414	ZFPM2	ok
23415	KCNH4	ok
23416	KCNH3	ok
23417	MLYCD	ok
23418	CRB1	ok
2342	FNTB	ok
23420	NOMO1	ok
23421	ITGB3BP	ok
23423	TMED3	ok
23424	TDRD7	ok
23426	GRIP1	ok
23428	SLC7A8	ok
23429	RYBP	ok
23430	TPSD1	ok
23431	AP4E1	ok
23432	GPR161	ok
23433	RHOQ	ok
23434	LINC01565	ok
23435	TARDBP	ok
23436	CELA3B	ok
23438	HARS2	ok
23439	ATP1B4	ok
23440	OTP	ok
23443	SLC35A3	ok
23446	SLC44A1	ok
23450	SF3B3	ok
23451	SF3B1	ok
23452	ANGPTL2	ok
23456	ABCB10	ok
23457	ABCB9	ok
2346	FOLH1	ok
23460	ABCA6	ok
23461	ABCA5	ok
23462	HEY1	ok
23463	ICMT	ok
23464	GCAT	ok
23466	CBX6	ok
23467	NPTXR	ok
23468	CBX5	ok
23469	PHF3	ok
23471	TRAM1	ok
23473	CAPN7	ok
23474	ETHE1	ok
23475	QPRT	ok
23476	BRD4	ok
23478	SEC11A	ok
23479	ISCU	ok
2348	FOLR1	ok
23480	SEC61G	ok
23481	PES1	ok
23483	TGDS	ok
23484	LEPROTL1	ok
23491	CES3	ok
23492	CBX7	ok
23493	HEY2	ok
23495	TNFRSF13B	ok
23498	HAAO	ok
23499	MACF1	ok
2350	FOLR2	ok
23500	DAAM2	ok
23503	ZFYVE26	ok
23504	RIMBP2	ok
23505	TMEM131	ok
23506	BICRAL	ok
23507	LRRC8B	ok
23508	TTC9	ok
23509	POFUT1	ok
23510	KCTD2	ok
23511	NUP188	ok
23512	SUZ12	ok
23513	SCRIB	ok
23514	SPIDR	ok
23515	MORC3	ok
23516	SLC39A14	ok
23517	MTREX	ok
23518	R3HDM1	ok
23519	ANP32D	ok
2352	FOLR3	ok
23520	ANP32CP	ok
23521	RPL13A	ok
23522	KAT6B	ok
23523	CABIN1	ok
23524	SRRM2	ok
23526	ARHGAP45	ok
23527	ACAP2	ok
23528	ZNF281	ok
23529	CLCF1	ok
2353	FOS	ok
23530	NNT	ok
23531	MMD	ok
23532	PRAME	ok
23533	PIK3R5	ok
23534	TNPO3	ok
23536	ADAT1	ok
23539	SLC16A8	ok
2354	FOSB	ok
23541	SEC14L2	ok
23542	MAPK8IP2	ok
23543	RBFOX2	ok
23544	SEZ6L	ok
23545	ATP6V0A2	ok
23546	SYNGR4	ok
23547	LILRA4	ok
23548	TTC33	ok
23549	DNPEP	ok
2355	FOSL2	ok
23550	PSD4	ok
23551	RASD2	ok
23552	CDK20	ok
23553	HYAL4	ok
23554	TSPAN12	ok
23555	TSPAN15	ok
23556	PIGN	ok
23557	SNAPIN	ok
23558	WBP2	ok
23559	WBP1	ok
2356	FPGS	ok
23560	GTPBP4	ok
23562	CLDN14	ok
23563	CHST5	ok
23564	DDAH2	ok
23566	LPAR3	ok
23567	ZNF346	ok
23568	ARL2BP	ok
23569	PADI4	ok
2357	FPR1	ok
23574		no_symbol_in_gene_info
23576	DDAH1	ok
2358	FPR2	ok
23580	CDC42EP4	ok
23581	CASP14	ok
23582	CCNDBP1	ok
23583	SMUG1	ok
23584	VSIG2	ok
23585	TMEM50A	ok
23586	RIGI	ok
23587	ELP5	ok
23588	KLHDC2	ok
23589	CARHSP1	ok
2359	FPR3	ok
23590	PDSS1	ok
23591	FAM215A	ok
23592	LEMD3	ok
23593	HEBP2	ok
23594	ORC6	ok
23595	ORC3	ok
23596	OPN3	ok
23597	ACOT9	ok
23598	PATZ1	ok
23600	AMACR	ok
23601	CLEC5A	ok
23603	CORO1C	ok
23604	DAPK2	ok
23607	CD2AP	ok
23608	MKRN1	ok
23609	MKRN2	ok
23612	PHLDA3	ok
23613	ZMYND8	ok
23614	PPY2P	ok
23615	PYY2	ok
23616	SH3BP1	ok
23619	ZIM2	ok
23620	NTSR2	ok
23621	BACE1	ok
23623	RUSC1	ok
23624	CBLC	ok
23625	FAM89B	ok
23627	PRND	ok
23629	BRD7P3	ok
23630	KCNE5	ok
23632	CA14	ok
23633	KPNA6	ok
23635	SSBP2	ok
23636	NUP62	ok
23637	RABGAP1	ok
23639	DNAAF11	ok
23640	HSPBP1	ok
23641	LDOC1	ok
23642	SNHG1	ok
23643	LY96	ok
23644	EDC4	ok
23645	PPP1R15A	ok
23646	PLD3	ok
23647	ARFIP2	ok
23648	SSBP3	ok
23649	POLA2	ok
23650	TRIM29	ok
23654	PLXNB2	ok
23657	SLC7A11	ok
23658	LSM5	ok
23659	PLA2G15	ok
23660	ZKSCAN5	ok
23670	CEMIP2	ok
23671	TMEFF2	ok
23673	STX12	ok
23676	SMPX	ok
23677	SH3BP4	ok
23678	SGK3	ok
23682	RAB38	ok
23683	PRKD3	ok
23704	KCNE4	ok
23705	CADM1	ok
23708	GSPT2	ok
23710	GABARAPL1	ok
23729	SHPK	ok
23731	TMEM245	ok
23732	FRRS1L	ok
23741	EID1	ok
23742	NPAP1	ok
23743	BHMT2	ok
23746	AIPL1	ok
23753	SDF2L1	ok
23759	PPIL2	ok
23760	PITPNB	ok
23761	PISD	ok
23762	OSBP2	ok
23764	MAFF	ok
23765	IL17RA	ok
23766	GABARAPL3	ok
23767	FLRT3	ok
23768	FLRT2	ok
23769	FLRT1	ok
23770	FKBP8	ok
23774	BRD1	ok
23779	ARHGAP8	ok
23780	APOL2	ok
23782	AP1B1P1	ok
23783	ANKRD62P1-PARP4P3	ok
23784	POTEH	ok
23786	BCL2L13	ok
23787	MTCH1	ok
23788	MTCH2	ok
238	ALK	ok
239	ALOX12	ok
2395	FXN	ok
24	ABCA4	ok
240	ALOX5	ok
241	ALOX5AP	ok
24137	KIF4A	ok
24138	IFIT5	ok
24139	EML2	ok
24140	FTSJ1	ok
24141	LAMP5	ok
24142	NAA80	ok
24144	TFIP11	ok
24145	PANX1	ok
24146	CLDN15	ok
24147	FJX1	ok
24148	PRPF6	ok
24149	ZNF318	ok
242	ALOX12B	ok
244		no_symbol_in_gene_info
2444	FRK	ok
245	ALOX12P2	ok
245711	SPDYA	ok
245802	MS4A6E	ok
245806	VGLL2	ok
245812	CNPY4	ok
245911	DEFB108B	ok
245912	DEFB109A	ok
245913	DEFB110	ok
245935	DEFB122	ok
245936	DEFB123	ok
245937	DEFB124	ok
245972	ATP6V0D2	ok
245973	ATP6V1C2	ok
246	ALOX15	ok
246119	TTTY10	ok
246126	TXLNGY	ok
246175	CNOT6L	ok
246176	GAS2L2	ok
246181	AKR7L	ok
246182	AKR7A2P1	ok
246184	CDC26	ok
246213	SLC17A8	ok
246243	RNASEH1	ok
246269	AFG1L	ok
246312	C21orf91-OT1	ok
246329	STAC3	ok
246330	PELI3	ok
246705	LINC00314	ok
246721	POLR2J2	ok
246744	STH	ok
246754		no_symbol_in_gene_info
246777	SPESP1	ok
246778	IL27	ok
247	ALOX15B	ok
2475	MTOR	ok
248	ALPI	ok
2483	FRG1	ok
2487	FRZB	ok
249	ALPL	ok
2491	CENPI	ok
2492	FSHR	ok
2494	NR5A2	ok
2495	FTH1	ok
2498	FTH1P3	ok
25	ABL1	ok
250	ALPP	ok
251	ALPG	ok
2512	FTL	ok
2515	ADAM2	ok
2516	NR5A1	ok
2517	FUCA1	ok
2519	FUCA2	ok
2520	GAST	ok
2521	FUS	ok
2523	FUT1	ok
2524	FUT2	ok
2525	FUT3	ok
2526	FUT4	ok
2527	FUT5	ok
2528	FUT6	ok
252839	TMEM9	ok
252884	ZNF396	ok
2529	FUT7	ok
252948	TTTY16	ok
252950	TTTY18	ok
252952	TTTY19	ok
252954	TTTY22	ok
252969	NEIL2	ok
252983	STXBP4	ok
252995	FNDC5	ok
2530	FUT8	ok
253012	HEPACAM2	ok
253017	TECRL	ok
253018	HCG27	ok
253039	CUTALP	ok
253044	LINGO1-AS1	ok
2531	KDSR	ok
253128	LINC00612	ok
253143	PRR14L	ok
253152	EPHX4	ok
253190	SERHL2	ok
2532	ACKR1	ok
253260	RICTOR	ok
253264	ZNF503-AS1	ok
2533	FYB1	ok
253314	EIF4E1B	ok
2534	FYN	ok
253430	IPMK	ok
253461	ZBTB38	ok
2535	FZD2	ok
253512	SLC25A30	ok
253558	LCLAT1	ok
253559	CADM2	ok
253573	LINC02052	ok
253582	TMEM244	ok
253635	GPATCH11	ok
253639	ZNF620	ok
253650	ANKRD18A	ok
2537	IFI6	ok
253714	MMS22L	ok
253724	TTC41P	ok
253725	WASHC2C	ok
253738	EBF3	ok
253769	WDR27	ok
253782	CERS6	ok
2538	G6PC1	ok
253827	MSRB3	ok
253832	ZDHHC20	ok
253868	CRMA	ok
2539	G6PD	ok
253935	ANGPTL5	ok
253943	YTHDF3	ok
253959	RALGAPA1	ok
253962	CACNA1G-AS1	ok
253970	SFTA3	ok
253980	KCTD13	ok
253982	ASPHD1	ok
254013	ETFBKMT	ok
254042	METAP1D	ok
254048	UBN2	ok
254050	LRRC43	ok
254065	BRWD3	ok
254099	LINC01342	ok
254100	ZNRD2-DT	ok
254102	EHBP1L1	ok
254122	SNX32	ok
254128	NIFK-AS1	ok
254158	CXorf58	ok
254170	FBXO33	ok
254173	TTLL10	ok
254187	TSGA10IP	ok
2542	SLC37A4	ok
254225	RNF169	ok
254228	CALHM5	ok
254240	BPIFC	ok
254251	LCORL	ok
254263	CNIH2	ok
254268	AKNAD1	ok
254272	TBC1D28	ok
254295	PHYHD1	ok
2543	GAGE1	ok
254312	LINC00710	ok
254359	ZDHHC24	ok
254394	MCM9	ok
254427	PROSER2	ok
254428	SLC41A1	ok
254439	C11orf86	ok
254528	MEIOB	ok
254531	LPCAT4	ok
254552	NUDT8	ok
254559	MIR9-3HG	ok
2547	XRCC6	ok
254773	LYG2	ok
254778	VXN	ok
254783	OR6C74	ok
2548	GAA	ok
254827	NAALADL2	ok
254863	TMEM256	ok
254879	OR2T6	ok
254887	ZDHHC23	ok
254896		no_symbol_in_gene_info
2549	GAB1	ok
254910	LCE5A	ok
254956	MORN5	ok
2550	GABBR1	ok
255022	CALHM1	ok
255025	LINC00879	ok
255027	MPV17L	ok
255031	LINC00957	ok
255043	TMEM86B	ok
255057	CBARP	ok
255061	TAC4	ok
255082	CASC2	ok
2551	GABPA	ok
255101	CFAP65	ok
255104	TMCO4	ok
255119	CFAP299	ok
255130	IGFBP7-AS1	ok
255167	LINC01018	ok
255189	PLA2G4F	ok
255193	CSNK1G2-AS1	ok
255220	TXNDC8	ok
255231	MCOLN2	ok
255239	ANKK1	ok
255252	LRRC57	ok
255275	MYADML2	ok
2553	GABPB1	ok
255324	EPGN	ok
255349	LHFPL7	ok
255374	MBLAC1	ok
255394	TCP11L2	ok
2554	GABRA1	ok
255403	ZNF718	ok
255411	SPMIP11	ok
255426	RASGEF1C	ok
255480	TBX5-AS1	ok
255488	RNF144B	ok
2555	GABRA2	ok
255512	TOLLIP-DT	ok
255520	ELMOD2	ok
2556	GABRA3	ok
255631	COL24A1	ok
255654	LINC01743	ok
2557	GABRA4	ok
255725	OR52B2	ok
255738	PCSK9	ok
255743	NPNT	ok
255758	DYNLT2B	ok
255762	PDZD9	ok
255783	INAFM1	ok
255798	SMCO1	ok
2558	GABRA5	ok
255809	C19orf38	ok
255812	SDHAP1	ok
255877	BCL6B	ok
2559	GABRA6	ok
255919	CNEP1R1	ok
255926	ADAM5	ok
255928	SYT14	ok
255967	PAN3	ok
2560	GABRB1	ok
256006	ANKRD31	ok
256021	LINC01619	ok
256051	ZNF549	ok
256076	COL6A5	ok
2561	GABRB2	ok
256126	SYCE2	ok
256130	TMEM196	ok
256144	OR4C3	ok
256148	OR4S1	ok
2562	GABRB3	ok
256223	CDRT15L2	ok
256227	STEAP1B	ok
256236	NAPSB	ok
256281	NUDT14	ok
256297	PTF1A	ok
2563	GABRD	ok
256302	NATD1	ok
256309	CCDC110	ok
256329	LMNTD2	ok
256355	RPS2P32	ok
256356	GK5	ok
256364	EML3	ok
256369	CCDC197	ok
256380	SCML4	ok
256394	SERPINA11	ok
2564	GABRE	ok
256435	ST6GALNAC3	ok
256471	MFSD8	ok
256472	TMEM151A	ok
2565	GABRG1	ok
256536	TCERG1L	ok
256586	LYSMD2	ok
2566	GABRG2	ok
256643	BCLAF3	ok
256646	NUTM1	ok
256691	MAMDC2	ok
2567	GABRG3	ok
256710	GLIPR1L1	ok
256714	MAP7D2	ok
256764	WDR72	ok
2568	GABRP	ok
256815	C10orf67	ok
256880	H2AZ1-DT	ok
2569	GABRR1	ok
256933	NPB	ok
256949	KANK3	ok
256957	HEATR9	ok
256979	SUN3	ok
256987	SERINC5	ok
257	ALX3	ok
2570	GABRR2	ok
257000	TINCR	ok
257019	FRMD3	ok
257044	CATSPERE	ok
257062	CATSPERD	ok
257068	PLCXD2	ok
2571	GAD1	ok
257101	ZNF683	ok
257106	ARHGAP30	ok
257144	GCSAM	ok
257160	RNF214	ok
257169	C9orf43	ok
257177	CFAP126	ok
257194	NEGR1	ok
2572	GAD2	ok
257202	GPX6	ok
257203	DSCR9	ok
257218	SHPRH	ok
257236	CFAP184	ok
257240	KLHL34	ok
257313	UTS2B	ok
257357		no_symbol_in_gene_info
257358	LINC01366	ok
257364	SNX33	ok
257396	MOCS2-DT	ok
257397	TAB3	ok
257407	C2orf72	ok
257415	FAM133B	ok
25758	KIAA1549L	ok
25759	SHC2	ok
257629	ANKS4B	ok
25763	H2AP	ok
25764	HYPK	ok
25766	PRPF40B	ok
25769	SLC24A2	ok
25770	C22orf31	ok
25771	TBC1D22A	ok
25774	GSTT4	ok
25775	YWHAH-AS1	ok
25776	CBY1	ok
25777	SUN2	ok
25778	DSTYK	ok
25780	RASGRP3	ok
25782	RAB3GAP2	ok
25786	DGCR11	ok
25787		no_symbol_in_gene_info
25788	RAD54B	ok
25789	TMEM59L	ok
25790	CFAP45	ok
25791	NGEF	ok
25792	CIZ1	ok
25793	FBXO7	ok
25794	FSCN2	ok
25796	PGLS	ok
25797	QPCT	ok
25798	BRI3	ok
25799	ZNF324	ok
258	AMBN	ok
2580	GAK	ok
25800	SLC39A6	ok
25801	GCA	ok
258010	SVIP	ok
25802	LMOD1	ok
25803	SPDEF	ok
25804	LSM4	ok
25805	BAMBI	ok
25806	VAX2	ok
25807	RHBDD3	ok
25809	TTLL1	ok
2581	GALC	ok
25812	POM121L1P	ok
25813	SAMM50	ok
25814	ATXN10	ok
25816	TNFAIP8	ok
25817	TAFA5	ok
25818	KLK5	ok
25819	NOCT	ok
2582	GALE	ok
25820	ARIH1	ok
25821	MTO1	ok
25822	DNAJB5	ok
25823	TPSG1	ok
25824	PRDX5	ok
25825	BACE2	ok
25826	SNORD82	ok
25827	FBXL2	ok
25828	TXN2	ok
25829	TMEM184B	ok
2583	B4GALNT1	ok
25830	SULT4A1	ok
25831	HECTD1	ok
25832	NBPF14	ok
25833	POU2F3	ok
25834	MGAT4C	ok
25836	NIPBL	ok
25837	RAB26	ok
25839	COG4	ok
2584	GALK1	ok
25840	TMT1A	ok
25841	ABTB2	ok
25842	ASF1A	ok
25843	MOB4	ok
25844	YIPF3	ok
25845	SLC9A3-OT1	ok
25847	ANAPC13	ok
25849	PARM1	ok
2585	GALK2	ok
25850	ZNF345	ok
25851	TECPR1	ok
25852	ARMC8	ok
25853	DCAF12	ok
25854	FAM149A	ok
25855	BRMS1	ok
25859	PART1	ok
25861	WHRN	ok
25862	USP49	ok
25864	ABHD14A	ok
25865	PRKD2	ok
2587	GALR1	ok
25870	SUMF2	ok
25871	RMP64	ok
25873	RPL36	ok
25874	MPC2	ok
25875	LETMD1	ok
25876	SPEF1	ok
25878	MXRA5	ok
25879	DCAF13	ok
2588	GALNS	ok
25880	TMEM186	ok
25884	CHRDL2	ok
25885	POLR1A	ok
25886	POC1A	ok
25888	ZNF473	ok
2589	GALNT1	ok
25890	ABI3BP	ok
25891	PAMR1	ok
25893	TRIM58	ok
25894	PLEKHG4	ok
25895	EEF1AKMT3	ok
25896	INTS7	ok
25897	RNF19A	ok
25898	RCHY1	ok
259	AMBP	ok
2590	GALNT2	ok
25900	IFFO1	ok
25901	CCDC28A	ok
25902	MTHFD1L	ok
25903	OLFML2B	ok
25904	CNOT10	ok
25906	ANAPC15	ok
25907	TMEM158	ok
25909	AHCTF1	ok
2591	GALNT3	ok
25911	DPCD	ok
25912	LTAP1	ok
25913	POT1	ok
25914	RTTN	ok
25915	NDUFAF3	ok
25917	THUMPD3	ok
259173	ALS2CL	ok
259197	NCR3	ok
2592	GALT	ok
25920	NELFB	ok
25921	ZDHHC5	ok
259215	LY6G6F	ok
259217	HSPA12A	ok
25923	ATL3	ok
259230	SGMS1	ok
259232	NALCN	ok
259234	DSCR10	ok
259236	TMIE	ok
259239	WFDC11	ok
25924	MYRIP	ok
259240	WFDC9	ok
259249	MRGPRX1	ok
25925	ZNF521	ok
25926	NOL11	ok
259266	ASPM	ok
25927	CNRIP1	ok
25928	SOSTDC1	ok
259282	BOD1L1	ok
259283	MDS2	ok
259285	TAS2R39	ok
259286	TAS2R40	ok
259287	TAS2R41	ok
259289	TAS2R43	ok
25929	GEMIN5	ok
259290	TAS2R31	ok
259292	TAS2R46	ok
259293	TAS2R30	ok
259294	TAS2R19	ok
259295	TAS2R20	ok
259296	TAS2R50	ok
2593	GAMT	ok
25930	PTPN23	ok
259307	IL4I1	ok
259308	SPATA31F1	ok
25932	CLIC4	ok
25934	NIPSNAP3A	ok
25936	NSL1	ok
25937	WWTR1	ok
25938	HEATR5A	ok
25939	SAMHD1	ok
25940	TSLIG3A	ok
25941	TPGS2	ok
25942	SIN3A	ok
25943	DNAAF9	ok
25945	NECTIN3	ok
25946	ZNF385A	ok
25948	KBTBD2	ok
25949	SYF2	ok
2595	GANC	ok
25950	RWDD3	ok
25953	PNKD	ok
25956	SEC31B	ok
25957	PNISR	ok
25959	KANK2	ok
2596	GAP43	ok
25960	ADGRA2	ok
25961	NUDT13	ok
25962	VIRMA	ok
25963	TMEM87A	ok
25966	C2CD2	ok
2597	GAPDH	ok
25970	SH2B1	ok
25972	UNC50	ok
25973	PARS2	ok
25974	MMACHC	ok
25975	EGFL6	ok
25976	TIPARP	ok
25977	NECAP1	ok
25978	CHMP2B	ok
25979	DHRS7B	ok
25980	AAR2	ok
25981	DNAH1	ok
25983	NGDN	ok
25984	KRT23	ok
25987	TSKU	ok
25988	HINFP	ok
25989	ULK3	ok
25992	SNED1	ok
25994	HIGD1A	ok
25996	REXO2	ok
25998	IBTK	ok
25999	CLIP3	ok
26	AOC1	ok
26000	TBC1D10B	ok
26001	RNF167	ok
26002	MOXD1	ok
26003	GORASP2	ok
26005	C2CD3	ok
26007	TKFC	ok
26009	ZZZ3	ok
26010	SPATS2L	ok
26011	TENM4	ok
26012	NSMF	ok
26013	L3MBTL1	ok
26015	RPAP1	ok
26017	FAM32A	ok
26018	LRIG1	ok
26019	UPF2	ok
26020	LRP10	ok
26022	TMEM98	ok
26024	PTCD1	ok
26025	PCDHGA12	ok
26027	ACOT11	ok
260293	CYP4X1	ok
260294	NSUN5P2	ok
26030	PLEKHG3	ok
26031	OSBPL3	ok
26032	SUSD5	ok
26033	ATRNL1	ok
26034	IPCEF1	ok
260341	TFAMP1	ok
26035	GLCE	ok
26036	ZNF451	ok
26037	SIPA1L1	ok
26038	CHD5	ok
26039	SS18L1	ok
26040	SETBP1	ok
260425	MAGI3	ok
260429	PRSS33	ok
26043	UBXN7	ok
260434	PYDC1	ok
260436	FDCSP	ok
26045	LRRTM2	ok
26046	LTN1	ok
26047	CNTNAP2	ok
26048	ZNF500	ok
26049	FAM169A	ok
26050	SLITRK5	ok
26051	PPP1R16B	ok
26052	DNM3	ok
26053	AUTS2	ok
26054	SENP6	ok
26056	RAB11FIP5	ok
26057	ANKRD17	ok
26058	GIGYF2	ok
26059	ERC2	ok
26060	APPL1	ok
26061	HACL1	ok
26062	HYAL6P	ok
26063	DECR2	ok
26064	RAI14	ok
26065	LSM14A	ok
26070	MYRF-AS1	ok
26071	RTL8A	ok
26073	POLDIP2	ok
26074	CFAP61	ok
26077	GNAO1-AS1	ok
26080	FAM230C	ok
26082	LINC02249	ok
26083	TBC1D29P	ok
26084	ARHGEF26	ok
26085	KLK13	ok
26086	GPSM1	ok
26088	GGA1	ok
26090	ABHD12	ok
26091	HERC4	ok
26092	TOR1AIP1	ok
26093	CCDC9	ok
26094	DCAF4	ok
26095	PTPN20	ok
26097	CHTOP	ok
26098	EDRF1	ok
26099	SZRD1	ok
26100	WIPI2	ok
26102		no_symbol_in_gene_info
26103	LRIT1	ok
26108	PYGO1	ok
26112	CCDC69	ok
26115	TANC2	ok
26118	WSB1	ok
26119	LDLRAP1	ok
26121	PRPF31	ok
26122	EPC2	ok
26123	TCTN3	ok
26127	FGFR1OP2	ok
26128	KIFBP	ok
26130	GAPVD1	ok
26133	TRPC4AP	ok
26135	SERBP1	ok
26136	TES	ok
26137	ZBTB20	ok
26138	LINC00588	ok
26140	TTLL3	ok
26145	IRF2BP1	ok
26146	IFT54	ok
26147	PHF19	ok
26148		no_symbol_in_gene_info
26149	ZNF658	ok
2615	LRRC32	ok
26150	RIBC2	ok
26151	NAT9	ok
26152	ZNF337	ok
26153	KIF26A	ok
26154	ABCA12	ok
26155	NOC2L	ok
26156	RSL1D1	ok
26157	GIMAP2	ok
26160	IFT172	ok
26164	MTG2	ok
26166	RGS22	ok
26167	PCDHB5	ok
26168	SENP3	ok
2617	GARS1	ok
261726	TIPRL	ok
261729	STEAP2	ok
26173	INTS1	ok
261734	NPHP4	ok
26175	LYSET	ok
2618	GART	ok
26184	OR1F2P	ok
26188	OR1C1	ok
2619	GAS1	ok
26190	FBXW2	ok
26191	PTPN22	ok
262	AMD1	ok
2620	GAS2	ok
26205	GMEB2	ok
26206	SPAG8	ok
26207	PITPNC1	ok
2621	GAS6	ok
26211	OR2F1	ok
26212	OR2B6	ok
26219	OR1J4	ok
2622	DRC4	ok
26220	DGCR5	ok
26222		no_symbol_in_gene_info
26223	FBXL21P	ok
26224	FBXL3	ok
26225	ARL5A	ok
26226	FBXW4P1	ok
26227	PHGDH	ok
26228	STAP1	ok
26229	B3GAT3	ok
2623	GATA1	ok
26230	TIAM2	ok
26231	FBXL9P	ok
26232	FBXO2	ok
26233	FBXL6	ok
26234	FBXL5	ok
26235	FBXL4	ok
26238	LINC01558	ok
26239	LCE2B	ok
2624	GATA2	ok
26240	FAM50B	ok
26245	OR2M4	ok
26246	OR2L2	ok
26247	OR2L1P	ok
26248	OR2K2	ok
26249	KLHL3	ok
2625	GATA3	ok
26251	KCNG2	ok
26253	CLEC4E	ok
26254	OPTC	ok
26255	PTTG3P	ok
26256	CABYR	ok
26257	NKX2-8	ok
26258	BLOC1S6	ok
26259	FBXW8	ok
2626	GATA4	ok
26260	FBXO25	ok
26261	FBXO24	ok
26262	TSPAN17	ok
26263	FBXO22	ok
26266	SLC13A4	ok
26267	FBXO10	ok
26268	FBXO9	ok
26269	FBXO8	ok
2627	GATA6	ok
26270	FBXO6	ok
26271	FBXO5	ok
26272	FBXO4	ok
26273	FBXO3	ok
26275	HIBCH	ok
26276	VPS33B	ok
26277	TINF2	ok
26278	SACS	ok
26279	PLA2G2D	ok
2628	GATM	ok
26280	IL1RAPL2	ok
26281	FGF20	ok
26284	ERAL1	ok
26285	CLDN17	ok
26286	ARFGAP3	ok
26287	ANKRD2	ok
26289	AK5	ok
2629	GBA1	ok
26290	GALNT8	ok
26291	FGF21	ok
26292	MYCBP	ok
26297	SERGEF	ok
26298	EHF	ok
2630	GBA1LP	ok
26301	GBGT1	ok
2631	NIPSNAP2	ok
2632	GBE1	ok
2633	GBP1	ok
26330	GAPDHS	ok
2634	GBP2	ok
26343	OR5E1P	ok
2635	GBP3	ok
26353	HSPB8	ok
26354	GNL3	ok
26355	FAM162A	ok
2636	GBX1	ok
2637	GBX2	ok
2638	GC	ok
2639	GCDH	ok
2641	GCG	ok
2642	GCGR	ok
2643	GCH1	ok
2644	GCHFR	ok
2645	GCK	ok
2646	GCKR	ok
26468	LHX6	ok
26469	PTPN18	ok
2647	BLOC1S1	ok
26470	SEZ6L2	ok
26471	NUPR1	ok
26472	PPP1R14B	ok
26476	OR10J1	ok
2648	KAT2A	ok
2649	NR6A1	ok
26493	OR8B8	ok
26496	OR10A3	ok
26499	PLEK2	ok
265	AMELX	ok
2650	GCNT1	ok
26502	NARF	ok
26503	SLC17A5	ok
26504	CNNM4	ok
26505	CNNM3	ok
26507	CNNM1	ok
26508	HEYL	ok
26509	MYOF	ok
2651	GCNT2	ok
26511	CHIC2	ok
26512	INTS6	ok
26515	TIMM10B	ok
26517	TIMM13	ok
26519	TIMM10	ok
2652	OPN1MW	ok
26520	TIMM9	ok
26521	TIMM8B	ok
26523	AGO1	ok
26524	LATS2	ok
26525	IL36RN	ok
26526	TSPAN16	ok
26528	DAZAP1	ok
26529	OR12D2	ok
2653	GCSH	ok
26531	OR11A1	ok
26533	OR10G3	ok
26534	OR10G2	ok
26539	OR10H1	ok
26548	ITGB1BP2	ok
2657	GDF1	ok
26574	AATF	ok
26575	RGS17	ok
26576	SRPK3	ok
26577	PCOLCE2	ok
26578	OSTF1	ok
26579	MYEOV	ok
2658	GDF2	ok
26580	BSCL2	ok
26585	GREM1	ok
26586	CKAP2	ok
26589	MRPL46	ok
266	AMELY	ok
2660	MSTN	ok
26608	TBL2	ok
26609	VCX	ok
2661	GDF9	ok
26610	ELP4	ok
2662	GDF10	ok
2664	GDI1	ok
26648	OR7E24	ok
2665	GDI2	ok
26659	OR7A5	ok
266629	SEC14L3	ok
26664	OR7C1	ok
266655	BRD3OS	ok
266675	BEST4	ok
266697	POM121L4P	ok
266722	HS6ST3	ok
266727	MDGA1	ok
266743	NPAS4	ok
266747	RGL4	ok
2668	GDNF	ok
266812	NAP1L5	ok
26686	OR4E2	ok
26689	OR4D1	ok
2669	GEM	ok
266919	LINC00307	ok
26693	OR2V1	ok
266971	PIPSL	ok
266977	ADGRF1	ok
267	AMFR	ok
2670	GFAP	ok
267002	PGBD2	ok
267010	RNU12	ok
267020	ATP5MGL	ok
2671	GFER	ok
26716	OR2H1	ok
2672	GFI1	ok
2673	GFPT1	ok
26735	OR1L3	ok
26737	OR1L1	ok
2674	GFRA1	ok
26740	OR1J2	ok
26747	NUFIP1	ok
2675	GFRA2	ok
26750	RPS6KC1	ok
26751	SH3YL1	ok
2676	GFRA3	ok
26762	HAVCR1	ok
26765	SNORD12C	ok
26769	SNORD81	ok
2677	GGCX	ok
26770	SNORD79	ok
26771	SNORD102	ok
26772	SNORD4B	ok
26773	SNORD4A	ok
26775	SNORA72	ok
26776	SNORA71B	ok
26777	SNORA71A	ok
26778	SNORA70	ok
26779	SNORA69	ok
2678	GGT1	ok
26780	SNORA68	ok
26781	SNORA67	ok
26783	SNORA65	ok
26785	SNORD63	ok
26786	SNORD62A	ok
26788	SNORD60	ok
26789	SNORD59A	ok
2679	GGT3P	ok
26791	SNORD58A	ok
26795	SNORD54	ok
26796	SNORD53	ok
26797	SNORD52	ok
26798	SNORD51	ok
26799	SNORD50A	ok
268	AMH	ok
26800	SNORD49A	ok
26801	SNORD48	ok
26804	SNORD45B	ok
26805	SNORD45A	ok
26806	SNORD44	ok
26807	SNORD43	ok
26808	SNORD42B	ok
26809	SNORD42A	ok
2681	GGTA1	ok
26810	SNORD41	ok
26811	SNORD55	ok
26812	SNORD37	ok
26813	SNORD36C	ok
26814	SNORD36B	ok
26815	SNORD36A	ok
26816	SNORD35A	ok
26817	SNORD34	ok
26818	SNORD33	ok
26819	SNORD32A	ok
26820	SNORD24	ok
26821	SNORA74A	ok
26824	RNU11	ok
26828	RNU5F-1	ok
26829	RNU5E-1	ok
2683	B4GALT1	ok
2686	GGT7	ok
2687	GGT5	ok
26872	STEAP1	ok
26873	OPLAH	ok
2688	GH1	ok
269	AMHR2	ok
2690	GHR	ok
2691	GHRH	ok
2692	GHRHR	ok
2693	GHSR	ok
2694	CBLIF	ok
2695	GIP	ok
26953	RANBP6	ok
26958	COPG2	ok
26959	HBP1	ok
2696	GIPR	ok
26960	NBEA	ok
2697	GJA1	ok
26973	CHORDC1	ok
26974	ZNF285	ok
26984	SEC22A	ok
26985	AP3M1	ok
26986	PABPC1	ok
26993	AKAP8L	ok
26994	RNF11	ok
26995	TRUB2	ok
26996	GPR160	ok
26998	FETUB	ok
26999	CYFIP2	ok
27	ABL2	ok
270	AMPD1	ok
2700	GJA3	ok
27000	DNAJC2	ok
27004	TCL6	ok
27005	USP21	ok
27006	FGF22	ok
2701	GJA4	ok
27010	TPK1	ok
27012	KCNV1	ok
27013	CNPPD1	ok
27018	BEX3	ok
27019	DNAI1	ok
2702	GJA5	ok
27020	NPTN	ok
27022	FOXD3	ok
27023	FOXB1	ok
2703	GJA8	ok
27030	MLH3	ok
27031	NPHP3	ok
27032	ATP2C1	ok
27033	ZBTB32	ok
27034	ACAD8	ok
27035	NOX1	ok
27036	SIGLEC7	ok
27037	TRMT2A	ok
27039	PKD2L2	ok
27040	LAT	ok
27042	UTP25	ok
27043	PELP1	ok
27044	SND1	ok
2705	GJB1	ok
2706	GJB2	ok
27063	ANKRD1	ok
27065	NSG1	ok
27067	STAU2	ok
27068	PPA2	ok
27069	GHITM	ok
2707	GJB3	ok
27071	DAPP1	ok
27072	VPS41	ok
27074	LAMP3	ok
27075	TSPAN13	ok
27076	LYPD3	ok
27077	B9D1	ok
27079	RPUSD2	ok
27085	MTBP	ok
27086	FOXP1	ok
27087	B3GAT1	ok
27089	UQCRQ	ok
2709	GJB5	ok
27090	ST6GALNAC4	ok
27091	CACNG5	ok
27092	CACNG4	ok
27094	KCNMB3	ok
27095	TRAPPC3	ok
27097	TAF5L	ok
27098	CLUL1	ok
27099	SND1-IT1	ok
271	AMPD2	ok
2710	GK	ok
27101	CACYBP	ok
27102	EIF2AK1	ok
27106	ARRDC2	ok
27107	ZBTB11	ok
27109	DMAC2L	ok
27111	SDCBP2	ok
27112	NALF2	ok
27113	BBC3	ok
27115	PDE7B	ok
27120	DKKL1	ok
27121	DKK4	ok
27122	DKK3	ok
27123	DKK2	ok
27124	INPP5J	ok
27125	AFF4	ok
27127	SMC1B	ok
27128	CYTH4	ok
27129	HSPB7	ok
2713	GK3	ok
27130	INVS	ok
27131	SNX5	ok
27132	CPNE7	ok
27133	KCNH5	ok
27134	TJP3	ok
27136	MORC1	ok
27141	CIDEB	ok
27143	PALD1	ok
27145	FILIP1	ok
27146	FAM184B	ok
27147	DENND2A	ok
27148	STK36	ok
27151	CPAMD8	ok
27152	INTU	ok
27153	ZNF777	ok
27154	BRPF3	ok
27156	RSPH14	ok
27158	NDOR1	ok
27159	CHIA	ok
27160	INGX	ok
27161	AGO2	ok
27163	NAAA	ok
27164	SALL3	ok
27165	GLS2	ok
27166	PRELID1	ok
2717	GLA	ok
27173	SLC39A1	ok
27175	TUBG2	ok
27177	IL36B	ok
27178	IL37	ok
27179	IL36A	ok
27180	SIGLEC9	ok
27181	SIGLEC8	ok
27183	VPS4A	ok
27184	DISC2	ok
27185	DISC1	ok
27189	IL17C	ok
2719	GPC3	ok
27190	IL17B	ok
27197	GPR82	ok
27198	HCAR1	ok
27199	OXGR1	ok
272	AMPD3	ok
2720	GLB1	ok
27201	GPR78	ok
27202	C5AR2	ok
27229	TUBGCP4	ok
27230	SERP1	ok
27231	NMRK2	ok
27232	GNMT	ok
27233	SULT1C4	ok
27235	COQ2	ok
27236	ARFIP1	ok
27237	ARHGEF16	ok
27238	GPKOW	ok
27239	GPR162	ok
27240	SIT1	ok
27241	BBS9	ok
27242	TNFRSF21	ok
27243	CHMP2A	ok
27244	SESN1	ok
27245	AHDC1	ok
27246	RNF115	ok
27247	NFU1	ok
27248	ERLEC1	ok
27249	MMADHC	ok
27250	PDCD4	ok
27252	KLHL20	ok
27253	PCDH17	ok
27254	CSDC2	ok
27255	CNTN6	ok
27257	LSM1	ok
27258	LSM3	ok
27283	TINAG	ok
27284	SULT1B1	ok
27285	TEKT2	ok
27286	SRPX2	ok
27287	VENTX	ok
27288	RBMXL2	ok
27289	RND1	ok
2729	GCLC	ok
27290	SPINK4	ok
27291	R3HCC1L	ok
27292	DIMT1	ok
27293	SMPDL3B	ok
27294	DHDH	ok
27295	PDLIM3	ok
27296	TP53TG5	ok
27297	CRCP	ok
27299	ADAMDEC1	ok
273	AMPH	ok
2730	GCLM	ok
27300	ZNF544	ok
27301	APEX2	ok
27302	BMP10	ok
27303	RBMS3	ok
27304	MOCS3	ok
27306	HPGDS	ok
27309	NOAZFP	ok
2731	GLDC	ok
27314	RAB30	ok
27315	PGAP2	ok
27316	RBMX	ok
27319	BHLHE22	ok
27324	TOX3	ok
27327	TNRC6A	ok
27328	PCDH11X	ok
27329	ANGPTL3	ok
2733	GLE1	ok
27330	RPS6KA6	ok
27332	ZNF638	ok
27333	GOLIM4	ok
27334	P2RY10	ok
27335	EIF3K	ok
27336	HTATSF1	ok
27338	UBE2S	ok
27339	PRPF19	ok
2734	GLG1	ok
27340	UTP20	ok
27341	RRP7A	ok
27342	RABGEF1	ok
27343	POLL	ok
27344	PCSK1N	ok
27345	KCNMB4	ok
27346	TMEM97	ok
27347	STK39	ok
27348	TOR1B	ok
27349	MCAT	ok
2735	GLI1	ok
27350	APOBEC3C	ok
27351	DESI1	ok
27352	SGSM3	ok
2736	GLI2	ok
2737	GLI3	ok
2738	GLI4	ok
2739	GLO1	ok
274	BIN1	ok
2740	GLP1R	ok
2741	GLRA1	ok
2742	GLRA2	ok
27429	HTRA2	ok
2743	GLRB	ok
27430	MAT2B	ok
27433	TOR2A	ok
27434	POLM	ok
27436	EML4	ok
27439	TMEM121B	ok
2744	GLS	ok
27440	HDHD5	ok
27442	CECR3	ok
27443	CECR2	ok
27445	PCLO	ok
2745	GLRX	ok
2746	GLUD1	ok
2747	GLUD2	ok
2749	GLUD1P3	ok
275	AMT	ok
2752	GLUL	ok
276	AMY1A	ok
2760	GM2A	ok
2762	GMDS	ok
2764	GMFB	ok
2765	GML	ok
2766	GMPR	ok
2767	GNA11	ok
2768	GNA12	ok
2769	GNA15	ok
2770	GNAI1	ok
2771	GNAI2	ok
2773	GNAI3	ok
2774	GNAL	ok
2775	GNAO1	ok
2776	GNAQ	ok
2778	GNAS	ok
2779	GNAT1	ok
2780	GNAT2	ok
2781	GNAZ	ok
2782	GNB1	ok
2783	GNB2	ok
2784	GNB3	ok
2785	GNG3	ok
2786	GNG4	ok
2787	GNG5	ok
2788	GNG7	ok
279	AMY2A	ok
2790	GNG10	ok
2791	GNG11	ok
2792	GNGT1	ok
2793	GNGT2	ok
2794	GNL1	ok
2796	GNRH1	ok
2797	GNRH2	ok
2798	GNRHR	ok
2799	GNS	ok
28	ABO	ok
280	AMY2B	ok
2800	GOLGA1	ok
2801	GOLGA2	ok
2802	GOLGA3	ok
2803	GOLGA4	ok
2804	GOLGB1	ok
2805	GOT1	ok
2806	GOT2	ok
280636	SELENOH	ok
280655	IGBP1P1	ok
280657	SSX6P	ok
280658	SSX7	ok
280659	SSX8P	ok
280660	SSX9P	ok
280664	WFDC10B	ok
2810	SFN	ok
2811	GP1BA	ok
2813	GP2	ok
2814	GP5	ok
2815	GP9	ok
2817	GPC1	ok
2819	GPD1	ok
2820	GPD2	ok
2821	GPI	ok
2822	GPLD1	ok
2823	GPM6A	ok
28231	SLCO4A1	ok
28232	SLCO3A1	ok
28234	SLCO1B3	ok
2824	GPM6B	ok
2825	CMKLR2	ok
282566	LINC00515	ok
2826	CCR10	ok
282616	IFNL2	ok
282617	IFNL3	ok
282618	IFNL1	ok
282679	AQP11	ok
2827	GPR3	ok
282706	DAOA-AS1	ok
282763	OR51B5	ok
282770	OR10AG1	ok
282775	OR5J2	ok
2828	GPR4	ok
282808	RAB40AL	ok
282809	POC1B	ok
282890	ZNF311	ok
2829	XCR1	ok
282966	C10orf53	ok
282969	FUOM	ok
282973	JAKMIP3	ok
282974	STK32C	ok
282980	LINC00700	ok
282991	BLOC1S2	ok
282996	RBM20	ok
282997	PDCD4-AS1	ok
283	ANG	ok
2830	GPR6	ok
283011		no_symbol_in_gene_info
283025	LINC01553	ok
283033	LINC00841	ok
283038		no_symbol_in_gene_info
283050	ZMIZ1-AS1	ok
283070		no_symbol_in_gene_info
283078	MKX	ok
283089	WDR11-DT	ok
2831	NPBWR1	ok
283102	KRT8P41	ok
283104	SBF2-AS1	ok
283106	CSNK2A3	ok
283116	TRIM49B	ok
283120	H19	ok
283129	MAJIN	ok
283130	SLC25A45	ok
283131	NEAT1	ok
283143	LINC00900	ok
283149	BCL9L	ok
283150	FOXR1	ok
283152	DRC12	ok
283159	OR8D1	ok
28316	CDH20	ok
283160	OR8D2	ok
283165	KIRREL3-AS3	ok
283171	LINC02873	ok
283174		no_symbol_in_gene_info
283177	B3GAT1-DT	ok
283189	OR9G4	ok
283194	GLYATL1-AS1	ok
283197	LINC00301	ok
2832	NPBWR2	ok
283208	P4HA3	ok
283209	PGM2L1	ok
283212	KLHL35	ok
283214	DGAT2-DT	ok
283219	KCTD21	ok
283229	CRACR2B	ok
283232	TMEM80	ok
283234	CCDC88B	ok
283237	TTC9C	ok
283238	SLC22A24	ok
283248	RCOR2	ok
283254	HARBI1	ok
283267	LINC00294	ok
283284	IGSF22	ok
283297	OR10A4	ok
283298	OLFML1	ok
283299		no_symbol_in_gene_info
2833	CXCR3	ok
283303	MRGPRG-AS1	ok
283310	OTOGL	ok
283314	C1RL-AS1	ok
283316	CD163L1	ok
283332	LINC02396	ok
283335	TNS2-AS1	ok
283337	ZNF740	ok
283345	RPL13P5	ok
283349	RASSF3	ok
283358	B4GALNT3	ok
283365	OR6C6	ok
283373	ANKRD52	ok
283375	SLC39A5	ok
283377	SPRYD4	ok
283383	ADGRD1	ok
283385	MORN3	ok
283392	TRHDE-AS1	ok
2834	PRLHR	ok
283403	LINC02874	ok
283404	LINC00592	ok
283416	LINC01465	ok
283417	DPY19L2	ok
283420	CLEC9A	ok
283422	LINC01559	ok
283431	GAS2L3	ok
283432	LINC00485	ok
283440	ITFG2-AS1	ok
283446	MYO1H	ok
283450	HECTD4	ok
283455	KSR2	ok
283459	GATC	ok
283460	HNF1A-AS1	ok
283461	REDIC1	ok
283464	GXYLT1	ok
283471	TMPRSS12	ok
283480	FGF14-IT1	ok
283481	FGF14-AS2	ok
283483	ARGLU1-DT	ok
283487	PRECSIT	ok
283489	CHAMP1	ok
283491	OR7E156P	ok
2835	GPR12	ok
283507	SUGT1P3	ok
283514	SIAH3	ok
283518	KCNRG	ok
283521	TMEM272	ok
283537	SLC46A3	ok
283547	LINC00639	ok
283551	LINC01588	ok
283553	LINC00640	ok
283554	GPR137C	ok
283571	PROX2	ok
283576	ZDHHC22	ok
283578	TMED8	ok
283579	SLIRP-OT1	ok
283585	LINC01148	ok
283587	HISLA	ok
283592	FAM181A-AS1	ok
283596	SNHG10	ok
283598	LINC02914	ok
283600	SLC25A47	ok
283601	LINC00523	ok
283624	LINC00641	ok
283629	TSSK4	ok
283635	FAM177A1	ok
283638	CEP170B	ok
283643	TEDC1	ok
283651	HMGN2P46	ok
283652	SLC24A5	ok
283659	PRTG	ok
283663	LINC00926	ok
283673	EWSAT1	ok
283677	REC114	ok
283683		no_symbol_in_gene_info
283687	ST20-AS1	ok
283688	LINC00927	ok
283692	CPEB1-AS1	ok
283693	ACTG1P17	ok
2837	UTS2R	ok
283710	LINC03034	ok
283726	SAXO2	ok
283731	ISLR2-AS1	ok
283738	NTRK3-AS1	ok
283742	TSLIG3B	ok
283748	PLA2G4D	ok
283755	HERC2P3	ok
283761	LINC00928	ok
283767	GOLGA6L1	ok
283768	GOLGA8G	ok
283777	FAM169BP	ok
283788		no_symbol_in_gene_info
283796	GOLGA8IP	ok
2838	GPR15	ok
283807	FBXL22	ok
283820	NOMO2	ok
283847	TERB1	ok
283848	CES4A	ok
283849	EXOC3L1	ok
283856	GNAO1-DT	ok
283860	LINC00304	ok
283867	LINC00922	ok
283869	NPW	ok
283870	BRICD5	ok
283871	PGP	ok
283875	GREP1	ok
283876	LINC00921	ok
283888	IL21R-AS1	ok
283897	C16orf54	ok
283899	INO80E	ok
283902	HCCAT5	ok
283914	LINC01566	ok
283922	PDPR2P	ok
283927	NUDT7	ok
283932	FBXL19-AS1	ok
283933	ZNF843	ok
283948	NHLRC4	ok
283951	UQCC4	ok
283953	TMEM114	ok
283970	PDXDC2P-NPIPB14P	ok
283971	CLEC18C	ok
283982	LINC00469	ok
283985	FADS6	ok
283987	HID1	ok
283989	TSEN54	ok
283991	UBALD2	ok
283999	TMEM235	ok
284	ANGPT1	ok
2840	GPR17	ok
284001	CCDC57	ok
284004	HEXD	ok
284009		no_symbol_in_gene_info
284013	VMO1	ok
284018	C17orf58	ok
284021	MILR1	ok
284023	RNF227	ok
284029	LINC00324	ok
284034	LINC00670	ok
284040	CDRT4	ok
284047	CCDC144BP	ok
284058	KANSL1	ok
284067	CFAP97D1	ok
284069	FAM171A2	ok
284071	MEIOC	ok
284076	TTLL6	ok
284080	PICART1	ok
284083		no_symbol_in_gene_info
284085	KRT18P55	ok
284086	NEK8	ok
284098	PIGW	ok
284099	C17orf78	ok
2841	GPR18	ok
284100	YWHAEP7	ok
284106	CISD3	ok
284110	GSDMA	ok
284111	SLC13A5	ok
284114	TMEM102	ok
284116	KRT42P	ok
284119	CAVIN1	ok
284123	FAM27E5	ok
284124		no_symbol_in_gene_info
284129	SLC26A11	ok
284131	ENDOV	ok
284161	GDPD1	ok
284184	NDUFAF8	ok
284185	LINC00482	ok
284186	TMEM105	ok
284194	LGALS9B	ok
2842	GPR19	ok
284207	METRNL	ok
284215	DLGAP1-AS5	ok
284217	LAMA1	ok
284232	ANKRD20A9P	ok
284233	CYP4F35P	ok
284252	KCTD1	ok
284254	DYNAP	ok
284257	BOD1L2	ok
284260	LINC00907	ok
284266	SIGLEC15	ok
284273	PTGR3	ok
284274	SMIM21	ok
284276	LINC00908	ok
284293	HMSD	ok
284294	LINC01924	ok
284297	SSC5D	ok
2843	GPR20	ok
284306	ZNF547	ok
284307	ZIK1	ok
284309	ZNF776	ok
284312	ZSCAN1	ok
284323	ZNF780A	ok
284325	ACTMAP	ok
284338	PRR19	ok
284339	TMEM145	ok
284340	CXCL17	ok
284344		no_symbol_in_gene_info
284346	ZNF575	ok
284348	LYPD5	ok
284349	ZNF283	ok
284352	PPP1R37	ok
284353	NKPD1	ok
284355	TPRX1	ok
284358	MAMSTR	ok
284359	IZUMO1	ok
284361	EMC10	ok
284365	TMEM277P	ok
284366	KLK9	ok
284367	SIGLEC17P	ok
284369	SIGLECL1	ok
284370	ZNF615	ok
284371	ZNF841	ok
284379		no_symbol_in_gene_info
284382	ACTL9	ok
284385	ZNF561-AS1	ok
284390	ZNF763	ok
284391	ZNF844	ok
284395	VSTM2B-DT	ok
2844	GPR21	ok
284402	SCGB2B2	ok
284403	WDR62	ok
284406	ZFP82	ok
284408	ZNF790-AS1	ok
284412		no_symbol_in_gene_info
284415	VSTM1	ok
284417	TMEM150B	ok
284418	GARIN5B	ok
284422	SMIM24	ok
284424	MIR7-3HG	ok
284427	SLC25A41	ok
284433	OR10H5	ok
284434	NWD1	ok
284439	SLC25A42	ok
284440	LINC00663	ok
284443	ZNF493	ok
284451	CIMAP1D	ok
284454	MIR23AHG	ok
284459	ZNF875	ok
284467	TAFA3	ok
284485	RIIAD1	ok
284486	THEM5	ok
2845	GPR22	ok
284521	OR2L13	ok
284525	SLC9C2	ok
284532	OR14A16	ok
284541	CYP4A22	ok
284546	C1orf185	ok
284551	LINC01226	ok
284565	NBPF15	ok
284573	LINC00303	ok
284576	LEMD1-AS1	ok
284578	SLC60A1-AS1	ok
284581	PM20D1-AS1	ok
284593	FAM41C	ok
2846	LPAR4	ok
284611	EEIG2	ok
284612	SYPL2	ok
284613	CYB561D1	ok
284615	ANKRD34A	ok
284618	RUSC1-AS1	ok
284632	LINC02800	ok
284648	LINC01686	ok
284649	SMG7-AS1	ok
284654	RSPO1	ok
284656	EPHA10	ok
284661	LINC01777	ok
284677	SNHG28	ok
284680	SPATA46	ok
284688	LINC01142	ok
284695	ZNF326	ok
284697	BTBD8	ok
2847	MCHR1	ok
284702		no_symbol_in_gene_info
284716	RIMKLA	ok
284723	SLC25A34	ok
284729	ESPNP	ok
284739	C20orf204	ok
284749	LINC00494	ok
284751	LINC01270	ok
284756	LINC02910	ok
284757	MIR646HG	ok
284759	SIRPB2	ok
284788		no_symbol_in_gene_info
284798		no_symbol_in_gene_info
2848	GPR25	ok
284800	FAM182A	ok
284801	MIR663AHG	ok
284802	FRG1BP	ok
284805	C20orf203	ok
284827	KRTAP13-4	ok
284835	LINC00323	ok
284836	LINC00319	ok
284837	AATBC	ok
284865	LINC02891	ok
284889	MIF-AS1	ok
2849	GPR26	ok
284900	TTC28-AS1	ok
284904	SEC14L4	ok
284933	TAFA5-AS1	ok
284942	RPL23AP82	ok
284948	SH2D6	ok
284950		no_symbol_in_gene_info
284992	CCDC150	ok
284996	RNF149	ok
284998	LINC01114	ok
285	ANGPT2	ok
2850	GPR27	ok
285000	LINC02946	ok
285016	ALKAL2	ok
285025	CCDC141	ok
285033	STARD7-AS1	ok
285045	LINC00486	ok
285051	STPG4	ok
285074	ANAPC1P2	ok
285084	LINC01305	ok
285093	RTP5	ok
285103	MED15P9	ok
28511	NKIRAS2	ok
285116	AHCTF1P1	ok
28512	NKIRAS1	ok
285126	DNAJC5G	ok
28513	CDH19	ok
28514	DLL1	ok
285148	IAH1	ok
285150		no_symbol_in_gene_info
285154	CYP1B1-AS1	ok
285172	HYCC2	ok
285175	UNC80	ok
285180	RUFY4	ok
285189	PLGLA	ok
285190	RGPD4	ok
285193	DUSP28	ok
285194	TUSC7	ok
285195	SLC9A9	ok
2852	GPER1	ok
285203	EOGT	ok
285205	LINC00636	ok
285220	EPHA6	ok
285224	DNAJB8-AS1	ok
285231	FBXW12	ok
285237	C3orf38	ok
285242	HTR3E	ok
28526	TRDC	ok
285266	ENTPD3-AS1	ok
285267	ZNF619	ok
285268	ZNF621	ok
285282	RABL3	ok
2853	GPR31	ok
285313	IGSF10	ok
285315	MISO1	ok
285331	CCDC66	ok
285335	SLC9C1	ok
285343	TCAIM	ok
285349	ZNF660	ok
285352	KIF9-AS1	ok
285359	PDCL3P4	ok
285362	SUMF1	ok
285367	RPUSD3	ok
285368	PRRT3	ok
285370	LINC00606	ok
285375	LINC00620	ok
285381	DPH3	ok
285382	C3orf70	ok
285386	TPRG1	ok
2854	GPR32	ok
285401	LINC00698	ok
285407	ALG1L9P	ok
285419	LINC01091	ok
285429	DCAF4L1	ok
285440	CYP4V2	ok
285441	F11-AS1	ok
285456	RPL34-DT	ok
285464		no_symbol_in_gene_info
285484	JAKMIP1-DT	ok
285489	DOK7	ok
285492	LINC00955	ok
285498	RNF212	ok
285501	LINC01098	ok
285512	FAM13A-AS1	ok
285513	GPRIN3	ok
285521	COX18	ok
285525	YIPF7	ok
285527	FRYL	ok
285533	RNF175	ok
285540	SEPSECS-DT	ok
285547	LINC01097	ok
285548	LINC01096	ok
285550	ZBED11	ok
285555	STPG2	ok
285577	LINC01019	ok
285588	EFCAB9	ok
285590	SH3PXD2B	ok
285593	LINC02995	ok
285596	FAM153A	ok
285598	ARL10	ok
2856	GPR33	ok
285600	KIAA0825	ok
285601	GPR150	ok
285605	DTWD2	ok
285613	RELL2	ok
285622	NBPF22P	ok
285626	IL12B-AS1	ok
285627	LINC01845	ok
285629	LINC02159	ok
285636	RIMOC1	ok
285641	SLC36A3	ok
285643	KIF4B	ok
285659	OR2V2	ok
285668	LINC03122	ok
285671	RNF180	ok
285672	SREK1IP1	ok
285676	ZNF454	ok
285679	SPATA31J1	ok
285692	LINC02112	ok
285696	BASP1-AS1	ok
2857	GPR34	ok
285704	RGMB	ok
285735	LINC00326	ok
285740	PHACTR2-AS1	ok
285753	CEP57L1	ok
285755	PPIL6	ok
285758	MROCKI	ok
285759	LINC02880	ok
285761	DCBLD1	ok
285762		no_symbol_in_gene_info
285768	LINC01622	ok
285780	LY86-AS1	ok
285782	CAGE1	ok
285796	PACRG-AS1	ok
285800	PRR18	ok
285819		no_symbol_in_gene_info
285830	HLA-F-AS1	ok
285834	HCG22	ok
285847		no_symbol_in_gene_info
285848	PNPLA1	ok
285852	TREML4	ok
285855	RPL7L1	ok
285878	VSTM2A-OT1	ok
285888	CNPY1	ok
285889		no_symbol_in_gene_info
2859	GPR35	ok
285908	LINC00174	ok
285941	LINC02860	ok
285954	INHBA-AS1	ok
285955	SPDYE1	ok
285958	SNHG15	ok
285961	SEPTIN7P9	ok
285962	WEE2-AS1	ok
285965	EPHA1-AS1	ok
285966	TCAF2	ok
285971	ZNF775	ok
285972	LINC00996	ok
285973	ATG9B	ok
285987	DLX6-AS1	ok
285989	ZNF789	ok
286	ANK1	ok
286002	SLC26A4-AS1	ok
286006	LSMEM1	ok
286016	TPI1P2	ok
286042	FAM86B3P	ok
286046	XKR6	ok
286053	NSMCE2	ok
286059	TNFRSF10B-AS1	ok
286075	ZNF707	ok
286076	LINC02878	ok
286077	SACK1H	ok
286083		no_symbol_in_gene_info
286094	LINC01591	ok
286097	MICU3	ok
2861	GPR37	ok
286101	ZNF252P	ok
286102	TMED10P1	ok
286103	ZNF252P-AS1	ok
286114	LINC02153	ok
286122	LY6S-AS1	ok
286128	ZFP41	ok
286133	SCARA5	ok
286135	LINC02209	ok
286140	RNF5P1	ok
286144	TRIQK	ok
286148	DPY19L4	ok
286151	FBXO43	ok
286177		no_symbol_in_gene_info
286183	NKAIN3	ok
286184	LINC01289	ok
286186	LINC01299	ok
286187	PPP1R42	ok
286189	C8orf34-AS1	ok
286190	LACTB2-AS1	ok
2862	MLNR	ok
286204	CRB2	ok
286205	SCAI	ok
286207	CFAP157	ok
286223		no_symbol_in_gene_info
286234	SPATA31E1	ok
286238	LINC02843	ok
286256	LCN12	ok
286257	PAXX	ok
286262	TPRN	ok
286297		no_symbol_in_gene_info
2863	GPR39	ok
286319	TUSC1	ok
286333	FAM225A	ok
286336	FAM78A	ok
286343	LURAP1L	ok
286359		no_symbol_in_gene_info
286365	OR13D1	ok
286367		no_symbol_in_gene_info
286370	MIR4290HG	ok
286380	FOXD4L3	ok
28639	TRBC1	ok
2864	FFAR1	ok
286410	ATP11C	ok
286411	LINC00632	ok
286436	H2BW2	ok
286437		no_symbol_in_gene_info
286442	LINC01281	ok
286451	YIPF6	ok
286464	CFAP47	ok
286467	FIRRE	ok
286495	TTC3P1	ok
286499	FAM133A	ok
2865	FFAR3	ok
286514	MAGEB18	ok
286527	TMSB15B	ok
286554	BCORP1	ok
286557	RBMY1A3P	ok
28662	TRAV21	ok
286676	ILDR1	ok
2867	FFAR2	ok
28670	TRAV13-2	ok
28671	TRAV13-1	ok
28673	TRAV12-2	ok
286749	STON1-GTF2A1L	ok
286753	TRARG1	ok
28677	TRAV9-2	ok
2868	GRK4	ok
28680	TRAV8-6	ok
286826	LIN9	ok
286827	TRIM59	ok
286828	CSN1S2AP	ok
286887	KRT6C	ok
2869	GRK5	ok
286967	FAM223B	ok
287	ANK2	ok
2870	GRK6	ok
2872	MKNK2	ok
2873	GPS1	ok
2874	GPS2	ok
2875	GPT	ok
28755	TRAC	ok
2876	GPX1	ok
2877	GPX2	ok
2878	GPX3	ok
2879	GPX4	ok
288	ANK3	ok
2880	GPX5	ok
2882	GPX7	ok
2885	GRB2	ok
2886	GRB7	ok
2887	GRB10	ok
2888	GRB14	ok
2889	RAPGEF1	ok
2890	GRIA1	ok
2891	GRIA2	ok
2892	GRIA3	ok
2893	GRIA4	ok
2894	GRID1	ok
2895	GRID2	ok
28951	TRIB2	ok
28952	CCDC22	ok
28954	REM1	ok
28955	DEXI	ok
28956	LAMTOR2	ok
28957	MRPS28	ok
28958	COA3	ok
28959	TMEM176B	ok
2896	GRN	ok
28960	DCPS	ok
28962	OSTM1	ok
28964	GIT1	ok
28965	SLC27A6	ok
28966	SNX24	ok
28968	SLC6A16	ok
28969	BZW2	ok
2897	GRIK1	ok
28970	BKGD	ok
28971	AAMDC	ok
28972	SPCS1	ok
28973	MRPS18B	ok
28974	C19orf53	ok
28976	ACAD9	ok
28977	MRPL42	ok
28978	TMEM14A	ok
2898	GRIK2	ok
28981	IFT81	ok
28982	FLVCR1	ok
28983	TMPRSS11E	ok
28984	RGCC	ok
28985	MCTS1	ok
28986	MAGEH1	ok
28987	NOB1	ok
28988	DBNL	ok
28989	NTMT1	ok
2899	GRIK3	ok
28990	ASTE1	ok
28991	COMMD5	ok
28992	MACROD1	ok
28996	HIPK2	ok
28998	MRPL13	ok
28999	KLF15	ok
29	ABR	ok
290	ANPEP	ok
2900	GRIK4	ok
2901	GRIK5	ok
29015	SLC43A3	ok
29018	FOXN3-AS2	ok
2902	GRIN1	ok
29028	ATAD2	ok
2903	GRIN2A	ok
29034	CPS1-IT1	ok
29035	HAPSTR1	ok
2904	GRIN2B	ok
2905	GRIN2C	ok
29057	FAM156A	ok
29058	TMEM230	ok
2906	GRIN2D	ok
29062	WDR91	ok
29063	ZCCHC4	ok
29065	ASAP1-IT1	ok
29066	ZC3H7A	ok
29068	ZBTB44	ok
2907	GRINA	ok
29070	CFAP263	ok
29071	C1GALT1C1	ok
29072	SETD2	ok
29074	MRPL18	ok
29075	LINC00652	ok
29078	NDUFAF4	ok
29079	MED4	ok
2908	NR3C1	ok
29080	CCDC59	ok
29081	METTL5	ok
29082	CHMP4A	ok
29083	GTPBP8	ok
29085	PHPT1	ok
29086	BABAM1	ok
29087	THYN1	ok
29088	MRPL15	ok
29089	UBE2T	ok
2909	ARHGAP35	ok
29090	TIMM21	ok
29091	STXBP6	ok
29092	LINC00339	ok
29093	MRPL22	ok
29094	LGALSL	ok
29095	ORMDL2	ok
29097	CNIH4	ok
29098	RANGRF	ok
29099	COMMD9	ok
291	SLC25A4	ok
29100	TMEM208	ok
29101	SSU72	ok
29102	DROSHA	ok
29103	DNAJC15	ok
29104	HEMK2	ok
29105	CFAP20	ok
29106	SCG3	ok
29107	NXT1	ok
29108	PYCARD	ok
29109	FHOD1	ok
2911	GRM1	ok
29110	TBK1	ok
29113	C6orf15	ok
29114	TAGLN3	ok
29115	SAP30BP	ok
29116	MYLIP	ok
29117	BRD7	ok
29118	DDX25	ok
29119	CTNNA3	ok
2912	GRM2	ok
29121	CLEC2D	ok
29122	PRSS50	ok
29123	ANKRD11	ok
29124	LGALS13	ok
29125	C11orf21	ok
29126	CD274	ok
29127	RACGAP1	ok
29128	UHRF1	ok
2913	GRM3	ok
2914	GRM4	ok
2915	GRM5	ok
2916	GRM6	ok
2917	GRM7	ok
2918	GRM8	ok
2919	CXCL1	ok
292	SLC25A5	ok
2920	CXCL2	ok
2921	CXCL3	ok
2922	GRP	ok
2923	PDIA3	ok
2925	GRPR	ok
2926	GRSF1	ok
293	SLC25A6	ok
2931	GSK3A	ok
2932	GSK3B	ok
2934	GSN	ok
2935	GSPT1	ok
2936	GSR	ok
2937	GSS	ok
2938	GSTA1	ok
2939	GSTA2	ok
2940	GSTA3	ok
2941	GSTA4	ok
2944	GSTM1	ok
2946	GSTM2	ok
2947	GSTM3	ok
2948	GSTM4	ok
2949	GSTM5	ok
2950	GSTP1	ok
2952	GSTT1	ok
2953	GSTT2	ok
2954	GSTZ1	ok
2956	MSH6	ok
2957	GTF2A1	ok
2958	GTF2A2	ok
2959	GTF2B	ok
2960	GTF2E1	ok
2961	GTF2E2	ok
2962	GTF2F1	ok
2963	GTF2F2	ok
2965	GTF2H1	ok
2966	GTF2H2	ok
2967	GTF2H3	ok
2968	GTF2H4	ok
2969	GTF2I	ok
2970	GTF2IP1	ok
2971	GTF3A	ok
2972	BRF1	ok
2974	GUCY1B2	ok
2975	GTF3C1	ok
2976	GTF3C2	ok
29760	BLNK	ok
29761	USP25	ok
29763	PACSIN3	ok
29765	TMOD4	ok
29766	TMOD3	ok
29767	TMOD2	ok
2977	GUCY1A2	ok
29774	POM121L9P	ok
29775	CARD10	ok
29777	ABT1	ok
2978	GUCA1A	ok
29780	PARVB	ok
29781	NCAPH2	ok
29785	CYP2S1	ok
29789	OLA1	ok
2979	GUCA1B	ok
29796	UQCR10	ok
29797	POM121L8P	ok
29798	LINC03124	ok
29799	YPEL1	ok
2980	GUCA2A	ok
29800	ZDHHC1	ok
29801	ZDHHC8	ok
29802	VPREB3	ok
29803	REPIN1	ok
2981	GUCA2B	ok
2982	GUCY1A1	ok
2983	GUCY1B1	ok
2984	GUCY2C	ok
29841	GRHL1	ok
29842	TFCP2L1	ok
29843	SENP1	ok
29844	TFPT	ok
29850	TRPM5	ok
29851	ICOS	ok
29855	UBN1	ok
2986	GUCY2F	ok
2987	GUK1	ok
29880	ALG5	ok
29881	NPC1L1	ok
29882	ANAPC2	ok
29883	CNOT7	ok
29886	SNX8	ok
29887	SNX10	ok
29888	STRN4	ok
29889	GNL2	ok
29890	RBM15B	ok
29893	PSMC3IP	ok
29894	CPSF1	ok
29895	MYL11	ok
29896	TRA2A	ok
29899	GPSM2	ok
2990	GUSB	ok
29901	SAC3D1	ok
29902	FAM216A	ok
29903	CCDC106	ok
29904	EEF2K	ok
29906	ST8SIA5	ok
29909	GPR171	ok
29911	HOOK2	ok
29914	UBIAD1	ok
29915	HCFC2	ok
29916	SNX11	ok
29919	RMC1	ok
2992	GYG1	ok
29920	PYCR2	ok
29922	NME7	ok
29923	HILPDA	ok
29924	EPN1	ok
29925	GMPPB	ok
29926	GMPPA	ok
29927	SEC61A1	ok
29928	TIMM22	ok
29929	ALG6	ok
2993	GYPA	ok
29930	PCDHB1	ok
29931	LINC00312	ok
29933	GPR132	ok
29934	SNX12	ok
29935	RPA4	ok
29937	NENF	ok
2994	GYPB	ok
29940	DSE	ok
29941	PKN3	ok
29942	PURG	ok
29943	PADI1	ok
29944	PNMA3	ok
29945	ANAPC4	ok
29946	SERTAD3	ok
29947	DNMT3L	ok
29948	OSGIN1	ok
29949	IL19	ok
2995	GYPC	ok
29950	SERTAD1	ok
29951	PDZRN4	ok
29952	DPP7	ok
29953	TRHDE	ok
29954	POMT2	ok
29956	CERS2	ok
29957	SLC25A24	ok
29958	DMGDH	ok
29959	NRBP1	ok
2996	GYPE	ok
29960	MRM2	ok
29964	PRICKLE4	ok
29965	CDIP1	ok
29966	STRN3	ok
29967	LRP12	ok
29968	PSAT1	ok
29969	MDFIC	ok
2997	GYS1	ok
29970	SCHIP1	ok
29974	A1CF	ok
29978	UBQLN2	ok
29979	UBQLN1	ok
2998	GYS2	ok
29980	DONSON	ok
29982	NRBF2	ok
29984	RHOD	ok
29985	SLC39A3	ok
29986	SLC39A2	ok
29988	SLC2A8	ok
29989	OBP2B	ok
2999	GZMH	ok
29990	PILRB	ok
29991	OBP2A	ok
29992	PILRA	ok
29993	PACSIN1	ok
29994	BAZ2B	ok
29995	LMCD1	ok
29997	NOP53	ok
29998	BICRA	ok
29999	FSCN3	ok
3		no_symbol_in_gene_info
30	ACAA1	ok
3000	GUCY2D	ok
30000	TNPO2	ok
30001	ERO1A	ok
30008	EFEMP2	ok
30009	TBX21	ok
3001	GZMA	ok
30010	NXPH1	ok
30011	SH3KBP1	ok
30012	TLX3	ok
3002	GZMB	ok
3003	GZMK	ok
3004	GZMM	ok
3005	H1-0	ok
3006	H1-2	ok
30061	SLC40A1	ok
30062	RAX	ok
3007	H1-3	ok
3008	H1-4	ok
3009	H1-5	ok
301	ANXA1	ok
3010	H1-6	ok
3012	H2AC8	ok
3013	H2AC7	ok
3014	H2AX	ok
3015	H2AZ1	ok
3017	H2BC5	ok
3018	H2BC3	ok
302	ANXA2	ok
3020	H3-3A	ok
3021	H3-3B	ok
3024	H1-1	ok
3026	HABP2	ok
3028	HSD17B10	ok
3029	HAGH	ok
303	ANXA2P1	ok
3030	HADHA	ok
3032	HADHB	ok
3033	HADH	ok
3034	HAL	ok
3035	HARS1	ok
3036	HAS1	ok
3037	HAS2	ok
3038	HAS3	ok
3039	HBA1	ok
304	ANXA2P2	ok
3040	HBA2	ok
3042	HBM	ok
3043	HBB	ok
3044	HBBP1	ok
3045	HBD	ok
3046	HBE1	ok
3047	HBG1	ok
3048	HBG2	ok
3049	HBQ1	ok
305	ANXA2P3	ok
3050	HBZ	ok
3052	HCCS	ok
3053	SERPIND1	ok
3054	HCFC1	ok
3055	HCK	ok
3059	HCLS1	ok
306	ANXA3	ok
3060	HCRT	ok
3061	HCRTR1	ok
3062	HCRTR2	ok
3064	HTT	ok
3065	HDAC1	ok
3066	HDAC2	ok
3067	HDC	ok
3068	HDGF	ok
3069	HDLBP	ok
307	ANXA4	ok
3070	HELLS	ok
3071	NCKAP1L	ok
3073	HEXA	ok
3074	HEXB	ok
3075	CFH	ok
3077	HFE	ok
3078	CFHR1	ok
308	ANXA5	ok
3080	CFHR2	ok
3081	HGD	ok
30811	HUNK	ok
30812	SOX8	ok
30813	VSX1	ok
30815	ST6GALNAC6	ok
30817	ADGRE2	ok
30818	KCNIP3	ok
30819	KCNIP2	ok
3082	HGF	ok
30820	KCNIP1	ok
30827	CXXC1	ok
3083	HGFAC	ok
30832	ZNF354C	ok
30833	NT5C	ok
30834	POLR1H	ok
30835	CD209	ok
30836	DNTTIP2	ok
30837	SOCS7	ok
3084	NRG1	ok
30844	EHD4	ok
30845	EHD3	ok
30846	EHD2	ok
30848	CTAG2	ok
30849	PIK3R4	ok
30850	CDR2L	ok
30851	TAX1BP3	ok
3087	HHEX	ok
309	ANXA6	ok
3090	HIC1	ok
3091	HIF1A	ok
3092	HIP1	ok
3093	UBE2K	ok
3094	HINT1	ok
3096	HIVEP1	ok
30968	STOML2	ok
3097	HIVEP2	ok
3098	HK1	ok
3099	HK2	ok
31	ACACA	ok
310	ANXA7	ok
3101	HK3	ok
3104	ZBTB48	ok
3105	HLA-A	ok
3106	HLA-B	ok
3107	HLA-C	ok
3108	HLA-DMA	ok
3109	HLA-DMB	ok
311	ANXA11	ok
3110	MNX1	ok
3111	HLA-DOA	ok
3112	HLA-DOB	ok
3113	HLA-DPA1	ok
3115	HLA-DPB1	ok
3116	HLA-DPB2	ok
3117	HLA-DQA1	ok
3118	HLA-DQA2	ok
3119	HLA-DQB1	ok
312	ANXA13	ok
3120	HLA-DQB2	ok
3122	HLA-DRA	ok
3123	HLA-DRB1	ok
3127	HLA-DRB5	ok
3128	HLA-DRB6	ok
313	AOAH	ok
3131	HLF	ok
3133	HLA-E	ok
3134	HLA-F	ok
3135	HLA-G	ok
3136	HLA-H	ok
3137	HLA-J	ok
3139	HLA-L	ok
314	AOC2	ok
3140	MR1	ok
3141	HLCS	ok
3142	HLX	ok
3145	HMBS	ok
3146	HMGB1	ok
3148	HMGB2	ok
3149	HMGB3	ok
3150	HMGN1	ok
3151	HMGN2	ok
3155	HMGCL	ok
3156	HMGCR	ok
3157	HMGCS1	ok
3158	HMGCS2	ok
3159	HMGA1	ok
316	AOX1	ok
3161	HMMR	ok
3162	HMOX1	ok
3163	HMOX2	ok
3164	NR4A1	ok
3166	HMX1	ok
3167	HMX2	ok
3169	FOXA1	ok
317	APAF1	ok
3170	FOXA2	ok
3171	FOXA3	ok
3172	HNF4A	ok
3174	HNF4G	ok
3175	ONECUT1	ok
3176	HNMT	ok
317648	NOP14-AS1	ok
317649	EIF4E3	ok
317662	FAM149B1	ok
317671	RFESD	ok
3177	SLC29A2	ok
317701	VN1R2	ok
317716	BPIFA4P	ok
317719	KLHL10	ok
317749	DHRS4L2	ok
317751	MESTIT1	ok
317754	POTED	ok
317760	ADAM20P1	ok
317761	C14orf39	ok
317762	CCDC85C	ok
317772	H2AC21	ok
317781	DDX51	ok
3178	HNRNPA1	ok
318	NUDT2	ok
3181	HNRNPA2B1	ok
3182	HNRNPAB	ok
3183	HNRNPC	ok
3184	HNRNPD	ok
3185	HNRNPF	ok
3187	HNRNPH1	ok
3188	HNRNPH2	ok
3189	HNRNPH3	ok
319	APOF	ok
3190	HNRNPK	ok
319085	ITPK1-AS1	ok
3191	HNRNPL	ok
319100	TAAR6	ok
319101	KRT73	ok
319103	SNORD8	ok
319139	SNORD56B	ok
3192	HNRNPU	ok
3195	TLX1	ok
3196	TLX2	ok
3198	HOXA1	ok
3199	HOXA2	ok
32	ACACB	ok
320	APBA1	ok
3200	HOXA3	ok
3201	HOXA4	ok
3202	HOXA5	ok
3203	HOXA6	ok
3204	HOXA7	ok
3205	HOXA9	ok
3206	HOXA10	ok
3207	HOXA11	ok
3208	HPCA	ok
3209	HOXA13	ok
321	APBA2	ok
3211	HOXB1	ok
3212	HOXB2	ok
3213	HOXB3	ok
3214	HOXB4	ok
3215	HOXB5	ok
3216	HOXB6	ok
3217	HOXB7	ok
3218	HOXB8	ok
3219	HOXB9	ok
322	APBB1	ok
3221	HOXC4	ok
3222	HOXC5	ok
3223	HOXC6	ok
3224	HOXC8	ok
3225	HOXC9	ok
3226	HOXC10	ok
3227	HOXC11	ok
3228	HOXC12	ok
3229	HOXC13	ok
323	APBB2	ok
3231	HOXD1	ok
3232	HOXD3	ok
3233	HOXD4	ok
3234	HOXD8	ok
3235	HOXD9	ok
3236	HOXD10	ok
3237	HOXD11	ok
3238	HOXD12	ok
3239	HOXD13	ok
324	APC	ok
3240	HP	ok
3241	HPCAL1	ok
3242	HPD	ok
3248	HPGD	ok
3249	HPN	ok
325	APCS	ok
3250	HPR	ok
3251	HPRT1	ok
3257	HPS1	ok
326	AIRE	ok
3262		no_symbol_in_gene_info
3263	HPX	ok
326332		no_symbol_in_gene_info
326340	ZAR1	ok
326342	ADGRE4P	ok
326343	MT1DP	ok
3265	HRAS	ok
3266	ERAS	ok
326624	RAB37	ok
326625	MMAB	ok
3267	AGFG1	ok
3268	AGFG2	ok
3269	HRH1	ok
327	APEH	ok
3270	HRC	ok
3273	HRG	ok
3274	HRH2	ok
3275	PRMT2	ok
3276	PRMT1	ok
327657	SERPINA9	ok
328	APEX1	ok
3280	HES1	ok
3281	HSBP1	ok
3283	HSD3B1	ok
3284	HSD3B2	ok
329	BIRC2	ok
3290	HSD11B1	ok
3291	HSD11B2	ok
3292	HSD17B1	ok
3293	HSD17B3	ok
3294	HSD17B2	ok
3295	HSD17B4	ok
3297	HSF1	ok
3298	HSF2	ok
3299	HSF4	ok
33	ACADL	ok
330	BIRC3	ok
3300	DNAJB2	ok
3301	DNAJA1	ok
3303	HSPA1A	ok
3304	HSPA1B	ok
3305	HSPA1L	ok
3306	HSPA2	ok
3308	HSPA4	ok
3309	HSPA5	ok
331	XIAP	ok
3310	HSPA6	ok
3311	HSPA7	ok
3312	HSPA8	ok
3313	HSPA9	ok
3315	HSPB1	ok
3316	HSPB2	ok
332	BIRC5	ok
3320	HSP90AA1	ok
3321	IGSF3	ok
3326	HSP90AB1	ok
3329	HSPD1	ok
333	APLP1	ok
3336	HSPE1	ok
3337	DNAJB1	ok
3338	DNAJC4	ok
3339	HSPG2	ok
333926	PPM1J	ok
333929	SNAI3	ok
334	APLP2	ok
3340	NDST1	ok
3344	FOXN2	ok
3346	HTN1	ok
3347	HTN3	ok
335	APOA1	ok
3350	HTR1A	ok
3351	HTR1B	ok
3352	HTR1D	ok
3354	HTR1E	ok
3355	HTR1F	ok
3356	HTR2A	ok
3357	HTR2B	ok
3358	HTR2C	ok
3359	HTR3A	ok
336	APOA2	ok
3360	HTR4	ok
3361	HTR5A	ok
3362	HTR6	ok
3363	HTR7	ok
3364	HUS1	ok
337	APOA4	ok
3371	TNC	ok
3373	HYAL1	ok
3375	IAPP	ok
3376	IARS1	ok
337867	UBAC2	ok
337873	H2BC20P	ok
337875	H2BP1	ok
337876	CHSY3	ok
337879	KRTAP8-1	ok
337880	KRTAP11-1	ok
337882	KRTAP19-1	ok
337959	KRTAP13-2	ok
337966	KRTAP6-1	ok
337967	KRTAP6-2	ok
337968	KRTAP6-3	ok
337970	KRTAP19-3	ok
337971	KRTAP19-4	ok
337972	KRTAP19-5	ok
337973	KRTAP19-6	ok
337974	KRTAP19-7	ok
337975	KRTAP20-1	ok
337976	KRTAP20-2	ok
337977	KRTAP21-1	ok
337978	KRTAP21-2	ok
337985	KRTAP20-3	ok
338	APOB	ok
338004	LINC00226	ok
338005	LINC00221	ok
338069	ST7-OT4	ok
338094	FAM151A	ok
3381	IBSP	ok
3382	ICA1	ok
3383	ICAM1	ok
338321	NLRP9	ok
338322	NLRP10	ok
338323	NLRP14	ok
338324	S100A7A	ok
338328	GPIHBP1	ok
338339	CLEC4D	ok
338376	IFNE	ok
338398	TAS2R60	ok
3384	ICAM2	ok
338429	SNORD109B	ok
338440	ANO9	ok
338442	HCAR2	ok
3385	ICAM3	ok
338557	FFAR4	ok
338579	ANKRD30BP3	ok
338588	LINC00705	ok
338596	ST8SIA6	ok
338599	DUSP29	ok
3386	ICAM4	ok
338645	LUZP2	ok
338651	KRTAP5-AS1	ok
338657	CENATAC	ok
338692	ANKRD13D	ok
338699	ANKRD42	ok
338707	B4GALNT4	ok
338739	CSTF3-DT	ok
338751	OR52L1	ok
338755	OR2AG2	ok
338758	ATP2B1-AS1	ok
338761	C1QL4	ok
338773	TMEM119	ok
338785	KRT79	ok
338799	LINC01089	ok
338809		no_symbol_in_gene_info
338811	TAFA2	ok
338817	LINC01252	ok
338821	SLCO1B7	ok
338864	LINC00347	ok
338872	C1QTNF9	ok
338879	RNASE10	ok
338917	VSX2	ok
338949	TMEM202	ok
338963		no_symbol_in_gene_info
339	APOBEC1	ok
339005	WHAMMP3	ok
339044	PKD1P1	ok
339105	PRSS53	ok
339122	RAB43	ok
339123	JMJD8	ok
339145	CIBAR2	ok
339166		no_symbol_in_gene_info
339168	TMEM95	ok
339175	METTL2A	ok
339184	CCDC144NL	ok
339201	ASB16-AS1	ok
339210	C17orf67	ok
339221	ENPP7	ok
339229	OXLD1	ok
339230	CCDC137	ok
339231	ARL16	ok
339240	KRT17P5	ok
339263	LINC02693	ok
339287	MSL1	ok
339290	LINC00667	ok
339291	LRRC30	ok
339298		no_symbol_in_gene_info
339302	CPLX4	ok
339318	ZNF181	ok
339324	ZNF260	ok
339327	ZNF546	ok
339344	MYPOP	ok
339345	NANOS2	ok
339366	ADAMTSL5	ok
339390	CLEC4G	ok
339398	LINGO4	ok
3394	IRF8	ok
339403	RXFP4	ok
339416	ANKRD45	ok
339442	LINC01343	ok
339448	C1orf174	ok
339451	KLHL17	ok
339453	TMEM240	ok
339456	TMEM52	ok
339479	BRINP3	ok
339483	MTMR9LP	ok
339487	TSLIG1	ok
339488	TFAP2E	ok
339500	ZNF678	ok
339501	PRSS38	ok
339505	LINC01141	ok
339512	CCDC190	ok
339524	LINC01140	ok
339529	LINC02774	ok
339535	LINC01139	ok
339541	ARMH1	ok
339559	ZFP69	ok
339593	LINC03163	ok
3396	MRPL58	ok
339622	LINC01692	ok
339665	SLC35E4	ok
339666		no_symbol_in_gene_info
339669	CIMIP4	ok
339674	SMIM45	ok
3397	ID1	ok
339745	SPOPL	ok
339751	MAP3K20-AS1	ok
339761	CYP27C1	ok
339768	ESPNL	ok
339778	CIMIP2C	ok
339779	PRR30	ok
339788	LINC00298	ok
339789	LINC00299	ok
3398	ID2	ok
339803	C2orf74-DT	ok
339804	DEMA1	ok
339807	LINC02579	ok
339822	LINC01115	ok
339829	CCDC39	ok
339834	IHO1	ok
339855	KY	ok
339862	BALR6	ok
339874	NUDT16-DT	ok
339883	APRG1	ok
339894	LINC00880	ok
339896	GADL1	ok
3399	ID3	ok
339906	PRSS42P	ok
339926	EHHADH-AS1	ok
339929	LPP-AS2	ok
339942	H1-10-AS1	ok
339965	CCDC158	ok
339967	TMPRSS11A	ok
339975		no_symbol_in_gene_info
339976	TRIML1	ok
339977	LRRC66	ok
339983	ASPNAT	ok
34	ACADM	ok
3400	ID4	ok
340017	LINC02433	ok
340024	SLC6A19	ok
340037	PRR7-AS1	ok
340061	STING1	ok
340069	FAM170A	ok
340074	SLC25A48-AS1	ok
340075	ARSI	ok
340094	LINC01020	ok
340107	LINC02239	ok
340113	LINC02120	ok
340120	ANKRD34B	ok
340146	SLC35D3	ok
340152	ZC3H12D	ok
340156	MYLK4	ok
340168	DPPA5	ok
340198	IFITM4P	ok
340204	CLPSL1	ok
340205	TREML1	ok
340206	TREML3P	ok
340252	ZNF680	ok
340267	COL28A1	ok
340273	ABCB5	ok
340277	FAM221A	ok
340286	CFAP144P1	ok
340307	CTAGE6	ok
340348	TSPAN33	ok
340351	AGBL3	ok
340357	LINC03019	ok
340359	KLHL38	ok
340371	NRBP2	ok
340385	ZNF517	ok
340390	WDR97	ok
340393	CATSPERQ	ok
340419	RSPO2	ok
340441	POTEA	ok
340481	ZDHHC21	ok
340485	ACER2	ok
340508	GAS2L1P2	ok
340515	LINC01501	ok
340526	RTL5	ok
340527	NHSL2	ok
340529	PABPC1L2A	ok
340533	NEXMIF	ok
340542	BEX5	ok
340543	TCEAL5	ok
340544	MORF4L2-AS1	ok
340547	VSIG1	ok
340554	ZC3H12B	ok
340562	SATL1	ok
340578	DCAF12L2	ok
340591	CA5BP1	ok
340595	RTL4	ok
340596	LHFPL1	ok
340654	LIPM	ok
340665	CYP26C1	ok
340706	VWA2	ok
340719	NANOS1	ok
340745	LRIT2	ok
340784	HMX3	ok
340811	AKR1C8	ok
340900	EBLN1	ok
340980	OR52B6	ok
340990	OTOG	ok
341	APOC1	ok
341019	DCDC1	ok
341032	POU2AF2	ok
341056	SAE1P1	ok
341116	MS4A10	ok
341152	OR2AT4	ok
341208	HEPHL1	ok
341276	OR10A2	ok
341277	OVCH2	ok
341346	SMCO2	ok
341350	OVCH1	ok
341359	SYT10	ok
341392	ACSM4	ok
341405	ANKRD33	ok
341416	OR6C2	ok
341567	H1-7	ok
341568	OR8S1	ok
3416	IDE	ok
341640	FREM2	ok
341676	NEK5	ok
3417	IDH1	ok
341799	OR6S1	ok
3418	IDH2	ok
341880	SLC35F4	ok
341883	LRRC9	ok
3419	IDH3A	ok
341947	COX8C	ok
342	APOC1P1	ok
3420	IDH3B	ok
342035	GLDN	ok
342096	GOLGA6A	ok
3421	IDH3G	ok
342125	TMC3	ok
342132	ZNF774	ok
342184	FMN1	ok
3422	IDI1	ok
3423	IDS	ok
342346	C16orf96	ok
342357	ZKSCAN2	ok
342371	ATXN1L	ok
342372	PKD1L3	ok
3425	IDUA	ok
342510	CD300E	ok
342527	SMTNL2	ok
342538	NACA2	ok
342574	KRT27	ok
3426	CFI	ok
342618	SLFN14	ok
342666	LRRC37A11P	ok
342667	STAC2	ok
3428	IFI16	ok
342850	ANKRD62	ok
342865	VSTM2B	ok
342892	ZNF850	ok
342897	NCCRP1	ok
342898	SYCN	ok
3429	IFI27	ok
342908	ZNF404	ok
342909	ZNF284	ok
342918	C19orf81	ok
342926	ZNF677	ok
342931	RFPL4A	ok
342933	ZSCAN5B	ok
342945	ZSCAN22	ok
342977	NANOS3	ok
342979	PALM3	ok
343	AQP8	ok
3430	IFI35	ok
343035	RD3	ok
343066	AADACL4	ok
343071	PRAMEF10	ok
343099	CCDC18	ok
3431	SP110	ok
343169	OR6F1	ok
343172	OR2T8	ok
343173	OR2T3	ok
343263	MYBPHL	ok
3433	IFIT2	ok
3434	IFIT1	ok
343406	OR10R2	ok
343413	FCRL6	ok
343450	KCNT2	ok
343472	BARHL2	ok
343505	NBPF7P	ok
343521	DYNLT4	ok
343563	OR2T29	ok
343578	ARHGAP40	ok
343637	RSPO4	ok
343641	TGM6	ok
3437	IFIT3	ok
343702	XKR7	ok
3439	IFNA1	ok
343930	MSGN1	ok
343990	CRACDL	ok
344	APOC2	ok
344018	FIGLA	ok
344022	NOTO	ok
344148	NCKAP5	ok
344167	FOXI3	ok
344191	EVX2	ok
3442	IFNA5	ok
344387	CDKL4	ok
3444	IFNA7	ok
344405	PRORSD1P	ok
344454	AOX2P	ok
3445	IFNA8	ok
344558	SH3RF3	ok
344561	GPR148	ok
344595	DUBR	ok
344657	LRRIQ4	ok
344658	SAMD7	ok
344752	AADACL2	ok
344758	GPR149	ok
344787	ZNF860	ok
3448	IFNA14	ok
344805	TMPRSS7	ok
344807	CD200R1L	ok
344838	PAQR9	ok
344875	COL6A4P1	ok
344887	NMRAL2P	ok
344892	RTP2	ok
3449	IFNA16	ok
344901	OSTN	ok
344905	ATP13A5	ok
344967		no_symbol_in_gene_info
345	APOC3	ok
345062	PRSS48	ok
345079	SOWAHB	ok
345193	LRIT3	ok
3452	IFNA21	ok
345222	MSANTD1	ok
345274	SLC10A6	ok
345275	HSD17B13	ok
3453	IFNA22P	ok
3454	IFNAR1	ok
345456	PFN3	ok
345462	ZNF879	ok
3455	IFNAR2	ok
345557	PLCXD3	ok
3456	IFNB1	ok
345611	IRGM	ok
345630	FBLL1	ok
345643	MCIDAS	ok
345651	ACTBL2	ok
345757	FAM174A	ok
345778	MTX3	ok
3458	IFNG	ok
345895	RSPH4A	ok
3459	IFNGR1	ok
345930	ECT2L	ok
3460	IFNGR2	ok
346007	EYS	ok
346157	ZNF391	ok
346171	ZFP57	ok
346288	SEPTIN14	ok
346389	MACC1	ok
346517	OR6V1	ok
346525	OR2A12	ok
346528	OR2A1	ok
346562	GNAT3	ok
346606	MOGAT3	ok
346653	GARIN1A	ok
346673	STRA8	ok
346689	KLRG2	ok
3467	IFNW1	ok
347	APOD	ok
347051	SLC10A5	ok
347088	ADGRD2	ok
347127	SPATA31D5P	ok
347148	QRFP	ok
347168	OR1J1	ok
347169	OR1B1	ok
347240	KIF24	ok
347252	IGFBPL1	ok
347273	CAVIN4	ok
347344	ZNF81	ok
347365	ITIH6	ok
347404	LANCL3	ok
347411	MPC1L	ok
347442	DCAF8L2	ok
347454	SOWAHD	ok
347468	OR13H1	ok
347475	CCDC160	ok
347487	CXorf66	ok
3475	IFRD1	ok
347516	DGAT2L6	ok
347517	RAB41	ok
347527	ARSH	ok
3476	IGBP1	ok
347688	TUBB8	ok
347689	SOX2-OT	ok
347694	ECEL1P2	ok
347730	LRRTM1	ok
347731	LRRTM3	ok
347732	CATSPER3	ok
347733	TUBB2B	ok
347734	SLC35B2	ok
347735	SERINC2	ok
347736	NME9	ok
347741	OTOP3	ok
347744	C6orf52	ok
347745	PWAR4	ok
347746	PWARSN	ok
347853	TBX10	ok
347862	GATD1	ok
3479	IGF1	ok
347902	AMIGO2	ok
347918	EP400P1	ok
348	APOE	ok
3480	IGF1R	ok
348013	TMEM255B	ok
348021	LINC00442	ok
348093	RBPMS2	ok
348094	ANKDD1A	ok
3481	IGF2	ok
348110	ARPIN	ok
348120	LINC01193	ok
348158	ACSM2B	ok
348174	CLEC18A	ok
348180	CTU2	ok
3482	IGF2R	ok
348235	SKA2	ok
348254	CCDC144CP	ok
348262	MCRIP1	ok
3483	IGFALS	ok
348303	SELENOV	ok
348327	ZNF530	ok
348378	SHISAL2A	ok
3484	IGFBP1	ok
348487	FAM131C	ok
3485	IGFBP2	ok
3486	IGFBP3	ok
348645	MIR3667HG	ok
348654	GEN1	ok
3487	IGFBP4	ok
348738		no_symbol_in_gene_info
348751	FTCDNL1	ok
348761	SPATA3-AS1	ok
348793	WDR53	ok
3488	IGFBP5	ok
348801	LNP1	ok
348807	CFAP100	ok
348808	NPHP3-AS1	ok
348825	TPRXL	ok
348840	ANKRD18DP	ok
3489	IGFBP6	ok
348926	FAM86EP	ok
348932	SLC6A18	ok
348938	NIPAL4	ok
348980	HCN1	ok
348995	NUP43	ok
3490	IGFBP7	ok
349075	ZNF713	ok
3491	CCN1	ok
349114	LINC00265	ok
349136	WDR86	ok
349149	GJC3	ok
349152	DPY19L2P2	ok
349160		no_symbol_in_gene_info
349408	TLR8-AS1	ok
3495	IGHD	ok
349565	NMNAT3	ok
349633	PLET1	ok
349667	RTN4RL2	ok
3497	IGHE	ok
35	ACADS	ok
350	APOH	ok
350383	GPR142	ok
3507	IGHM	ok
3508	IGHMBP2	ok
351	APP	ok
3512	JCHAIN	ok
3514	IGKC	ok
3516	RBPJ	ok
352887	GYG2P1	ok
352909	DNAAF3	ok
352954	CASTOR3P	ok
352961	HCG26	ok
352999	C6orf58	ok
353	APRT	ok
353088	ZNF429	ok
353091	RAET1G	ok
353116	RILPL1	ok
353131	LCE1A	ok
353132	LCE1B	ok
353133	LCE1C	ok
353134	LCE1D	ok
353135	LCE1E	ok
353137	LCE1F	ok
353139	LCE2A	ok
353140	LCE2C	ok
353141	LCE2D	ok
353142	LCE3A	ok
353143	LCE3B	ok
353144	LCE3C	ok
353145	LCE3E	ok
353149	TBC1D26	ok
353164	TAS2R42	ok
353174	ZACN	ok
353189	SLCO4C1	ok
353219	KAAG1	ok
353238	PADI6	ok
353274	ZNF445	ok
353288	KRT26	ok
353299	RGSL1	ok
353322	ANKRD37	ok
353323	KRTAP12-2	ok
353324	SPATA12	ok
353332	KRTAP12-1	ok
353333	KRTAP10-10	ok
353345	GPR141	ok
353355	ZNF233	ok
353376	TICAM2	ok
353497	POLN	ok
353500	BMP8A	ok
353514	LILRA5	ok
354	KLK3	ok
3543	IGLL1	ok
3547	IGSF1	ok
3549	IHH	ok
355	FAS	ok
3550	IK	ok
3551	IKBKB	ok
3552	IL1A	ok
3553	IL1B	ok
3554	IL1R1	ok
3556	IL1RAP	ok
3557	IL1RN	ok
3558	IL2	ok
3559	IL2RA	ok
356	FASLG	ok
3560	IL2RB	ok
3561	IL2RG	ok
3562	IL3	ok
3563	IL3RA	ok
3565	IL4	ok
3566	IL4R	ok
3567	IL5	ok
3568	IL5RA	ok
3569	IL6	ok
357	SHROOM2	ok
3570	IL6R	ok
3572	IL6ST	ok
3574	IL7	ok
3575	IL7R	ok
3576	CXCL8	ok
3577	CXCR1	ok
3578	IL9	ok
3579	CXCR2	ok
358	AQP1	ok
3580	CXCR2P1	ok
3586	IL10	ok
3587	IL10RA	ok
3588	IL10RB	ok
3589	IL11	ok
359	AQP2	ok
3590	IL11RA	ok
3592	IL12A	ok
3593	IL12B	ok
3594	IL12RB1	ok
3595	IL12RB2	ok
3596	IL13	ok
3597	IL13RA1	ok
359710	BPIFB3	ok
359787	DPPA3	ok
3598	IL13RA2	ok
359806	PCNAP1	ok
359821	MRPL42P5	ok
359822	KCNIP4-IT1	ok
359845	RFLNB	ok
359948	IRF2BP2	ok
36	ACADSB	ok
360	AQP3	ok
3600	IL15	ok
360023	ZBTB41	ok
360030	NANOGNB	ok
3601	IL15RA	ok
360132	FKBP9P1	ok
360155	CYCSP52	ok
360200	TMPRSS9	ok
360203	GLT6D1	ok
360205	PRAC2	ok
360226	PRSS41	ok
3603	IL16	ok
3604	TNFRSF9	ok
3605	IL17A	ok
3606	IL18	ok
3607	FOXK2	ok
3608	ILF2	ok
3609	ILF3	ok
361	AQP4	ok
3611	ILK	ok
3612	IMPA1	ok
3613	IMPA2	ok
3614	IMPDH1	ok
3615	IMPDH2	ok
3617	IMPG1	ok
3619	INCENP	ok
362	AQP5	ok
3620	IDO1	ok
3621	ING1	ok
3622	ING2	ok
3623	INHA	ok
3624	INHBA	ok
3625	INHBB	ok
3626	INHBC	ok
3627	CXCL10	ok
3628	INPP1	ok
363	AQP6	ok
3631	INPP4A	ok
3632	INPP5A	ok
3633	INPP5B	ok
3635	INPP5D	ok
3636	INPPL1	ok
3638	INSIG1	ok
364	AQP7	ok
3640	INSL3	ok
3641	INSL4	ok
3642	INSM1	ok
3643	INSR	ok
3645	INSRR	ok
3646	EIF3E	ok
3651	PDX1	ok
3652	IPP	ok
3653		no_symbol_in_gene_info
3654	IRAK1	ok
3655	ITGA6	ok
3656	IRAK2	ok
3658	IREB2	ok
3659	IRF1	ok
366	AQP9	ok
3660	IRF2	ok
3661	IRF3	ok
3662	IRF4	ok
3663	IRF5	ok
3664	IRF6	ok
3665	IRF7	ok
3667	IRS1	ok
3669	ISG20	ok
367	AR	ok
3670	ISL1	ok
3671	ISLR	ok
3672	ITGA1	ok
3673	ITGA2	ok
3674	ITGA2B	ok
3675	ITGA3	ok
3676	ITGA4	ok
3678	ITGA5	ok
3679	ITGA7	ok
368	ABCC6	ok
3680	ITGA9	ok
3681	ITGAD	ok
3682	ITGAE	ok
3683	ITGAL	ok
3684	ITGAM	ok
3685	ITGAV	ok
3687	ITGAX	ok
3688	ITGB1	ok
3689	ITGB2	ok
369	ARAF	ok
3690	ITGB3	ok
3691	ITGB4	ok
3692	EIF6	ok
3693	ITGB5	ok
3694	ITGB6	ok
3695	ITGB7	ok
3696	ITGB8	ok
3697	ITIH1	ok
3698	ITIH2	ok
3699	ITIH3	ok
37	ACADVL	ok
3700	ITIH4	ok
3702	ITK	ok
3703	STT3A	ok
3704	ITPA	ok
3705	ITPK1	ok
3706	ITPKA	ok
3707	ITPKB	ok
3708	ITPR1	ok
3709	ITPR2	ok
3710	ITPR3	ok
3712	IVD	ok
3713	IVL	ok
3714	JAG2	ok
3716	JAK1	ok
3717	JAK2	ok
3718	JAK3	ok
372	ARCN1	ok
3720	JARID2	ok
3725	JUN	ok
3726	JUNB	ok
3727	JUND	ok
3728	JUP	ok
373	TRIM23	ok
3730	ANOS1	ok
373156	GSTK1	ok
3732	CD82	ok
3735	KARS1	ok
373509	USP50	ok
3736	KCNA1	ok
3737	KCNA2	ok
3738	KCNA3	ok
373861	H1-9P	ok
373863	DND1	ok
3739	KCNA4	ok
374	AREG	ok
3741	KCNA5	ok
3742	KCNA6	ok
374286	FBXW10B	ok
374291	NDUFS7	ok
3743	KCNA7	ok
374308	PTCHD3	ok
374354	NHLRC2	ok
374355	CCDC172	ok
374378	GALNT18	ok
374383	NCR3LG1	ok
374387	LINC02716	ok
374393	FAM111B	ok
374395	TMEM179B	ok
3744	KCNA10	ok
374403	TBC1D10C	ok
374407	DNAJB13	ok
374443		no_symbol_in_gene_info
374454	KRT77	ok
374462	PTPRQ	ok
374470	C12orf42	ok
374491	TPTE2P6	ok
3745	KCNB1	ok
374569	ASPG	ok
3746	KCNC1	ok
374618	TEX9	ok
374650	GOLGA6L5P	ok
374654	KIF7	ok
374655	ZNF710	ok
374659	HDDC3	ok
374666	WASH3P	ok
3747	KCNC2	ok
374739	SPMIP8	ok
374768	SPEM1	ok
374786	EFCAB5	ok
3748	KCNC3	ok
374819	LRRC37A3	ok
374860	ANKRD30B	ok
374864	CCDC178	ok
374868	ATP9B	ok
374872	PEAK3	ok
374875	HSD11B1L	ok
374877	SAXO5	ok
374879	ZNF699	ok
374882	TMEM205	ok
374887	YJEFN3	ok
374897	SBSN	ok
374899	ZNF829	ok
3749	KCNC4	ok
374900	ZNF568	ok
374907	B3GNT8	ok
374918	IGFL1	ok
374928	ZNF773	ok
374946	DRAXIN	ok
374955	SPATA21	ok
374969	SVBP	ok
374973	TEX38	ok
374977	MROH7	ok
374986	MIGA1	ok
375	ARF1	ok
3750	KCND1	ok
375033	PEAR1	ok
375035	SFT2D2	ok
375056	MIA3	ok
375057	STUM	ok
375061	FAM89A	ok
3751	KCND2	ok
375133	PI4KAP2	ok
375189	PFN4	ok
375190	FAM228B	ok
375196		no_symbol_in_gene_info
3752	KCND3	ok
375248	ANKRD36	ok
375260	WASH2P	ok
375287	RBM43	ok
375295	LINC01116	ok
375298	CERKL	ok
3753	KCNE1	ok
375307	CATIP	ok
375316	RBM44	ok
375318	AQP12A	ok
375323	LHFPL4	ok
375337	TOPAZ1	ok
375341	C3orf62	ok
375346	STIMATE	ok
375387	NRROS	ok
3754	KCNF1	ok
375444	C5orf34	ok
375449	MAST4	ok
375484	SIMC1	ok
3755	KCNG1	ok
375513	GUSBP4	ok
375519	GJB7	ok
375567	VWC2	ok
375593	TRIM73	ok
3756	KCNH1	ok
375607	NAT16	ok
375611	SLC26A5	ok
375612	LHFPL3	ok
375616	KCP	ok
375686	SPATC1	ok
375690	WASH5P	ok
3757	KCNH2	ok
375704	ENHO	ok
375719	AQP7P1	ok
375743	PTAR1	ok
375748	ERCC6L2	ok
375757	SWI5	ok
375759	C9orf50	ok
375775	PNPLA7	ok
375790	AGRN	ok
375791	CYSRT1	ok
3758	KCNJ1	ok
3759	KCNJ2	ok
375940	DMBT1L1	ok
3760	KCNJ3	ok
3761	KCNJ4	ok
376132	LRRC10	ok
3762	KCNJ5	ok
376267	RAB15	ok
3763	KCNJ6	ok
3764	KCNJ8	ok
376412	RNF126P1	ok
376497	SLC27A1	ok
3765	KCNJ9	ok
3766	KCNJ10	ok
376693	RPS10P7	ok
3767	KCNJ11	ok
3768	KCNJ12	ok
376844	SDC4P	ok
3769	KCNJ13	ok
376940	ZC3H6	ok
377	ARF3	ok
3770	KCNJ14	ok
377007	KLHL30	ok
377047	PRSS45P	ok
3772	KCNJ15	ok
3773	KCNJ16	ok
3775	KCNK1	ok
3776	KCNK2	ok
377630	USP17L2	ok
377677	CA13	ok
3777	KCNK3	ok
3778	KCNMA1	ok
377841	ENTPD8	ok
3779	KCNMB1	ok
378	ARF4	ok
3780	KCNN1	ok
3781	KCNN2	ok
3782	KCNN3	ok
3783	KCNN4	ok
3784	KCNQ1	ok
3785	KCNQ2	ok
3786	KCNQ3	ok
3787	KCNS1	ok
378708	CENPS	ok
3788	KCNS2	ok
378805	LINC-PINT	ok
378807	CATSPER4	ok
378825	PICSAR	ok
378832	COL18A1-AS1	ok
378884	NHLRC1	ok
378925	RNF148	ok
378938	MALAT1	ok
378948	RBMY1B	ok
379	ARL4D	ok
3790	KCNS3	ok
379013	RNF138P1	ok
379025	PSMA3-AS1	ok
3791	KDR	ok
3792	KEL	ok
3795	KHK	ok
3796	KIF2A	ok
3797	KIF3C	ok
3798	KIF5A	ok
3799	KIF5B	ok
38	ACAT1	ok
3800	KIF5C	ok
3801	KIFC3	ok
3802	KIR2DL1	ok
3803	KIR2DL2	ok
3804	KIR2DL3	ok
3806	KIR2DS1	ok
3809	KIR2DS4	ok
381	ARF5	ok
3810	KIR2DS5	ok
3811	KIR3DL1	ok
3812	KIR3DL2	ok
3813	KIR3DS1	ok
3814	KISS1	ok
3815	KIT	ok
3816	KLK1	ok
3817	KLK2	ok
3818	KLKB1	ok
382	ARF6	ok
3820	KLRB1	ok
3821	KLRC1	ok
3822	KLRC2	ok
3823	KLRC3	ok
3824	KLRD1	ok
3827	KNG1	ok
383	ARG1	ok
3831	KLC1	ok
3832	KIF11	ok
3833	KIFC1	ok
3834	KIF25	ok
3835	KIF22	ok
3836	KPNA1	ok
3837	KPNB1	ok
3838	KPNA2	ok
3839	KPNA3	ok
384	ARG2	ok
3840	KPNA4	ok
3841	KPNA5	ok
3842	TNPO1	ok
3843	IPO5	ok
3845	KRAS	ok
3846	KRTAP5-9	ok
3848	KRT1	ok
3849	KRT2	ok
3850	KRT3	ok
3851	KRT4	ok
3852	KRT5	ok
3853	KRT6A	ok
3854	KRT6B	ok
3855	KRT7	ok
3856	KRT8	ok
3857	KRT9	ok
3858	KRT10	ok
3859	KRT12	ok
3860	KRT13	ok
3861	KRT14	ok
386597	GRASLND	ok
3866	KRT15	ok
386617	KCTD8	ok
386618	KCTD4	ok
386627	SAP30L-AS1	ok
386653	IL31	ok
386676	KRTAP10-9	ok
386677	KRTAP10-1	ok
386679	KRTAP10-2	ok
386680	KRTAP10-5	ok
386681	KRTAP10-8	ok
386682	KRTAP10-3	ok
386685	KRTAP10-12	ok
386724	AMIGO3	ok
386746	MRGPRG	ok
386757	SLC6A10P	ok
386758	ZNF582-DT	ok
3868	KRT16	ok
387	RHOA	ok
387032	ZKSCAN4	ok
387036	GUSBP2	ok
387065	HMGA1P7	ok
387066	SNHG5	ok
387082	SUMO4	ok
387097	C6orf147	ok
387103	CENPW	ok
387104	MTCL3	ok
387111	LINC00222	ok
387119	CEP85L	ok
387129	NPSR1	ok
3872	KRT17	ok
387254	SLC7A5P2	ok
387263	C6orf120	ok
387264	KRTAP5-1	ok
387266	KRTAP5-3	ok
387273	KRTAP5-10	ok
387332	TBPL2	ok
387338	NSUN4	ok
387357	THEMIS	ok
387496	RASL11A	ok
3875	KRT18	ok
387509	GPR153	ok
387521	PEDS1	ok
387590	TPTEP1	ok
387597	ILDR2	ok
387601	SLC22A25	ok
387628	FGF7P6	ok
387640	SKIDA1	ok
387644	FAM238C	ok
387646	LRRC37A6P	ok
387647	PTCHD3P1	ok
387680	WASHC2A	ok
387694	SH2D4B	ok
387695	GPR15LG	ok
387700	SLC16A12	ok
387707	CC2D2B	ok
387712	ENO4	ok
387715	ARMS2	ok
387718	TEX36	ok
387723	C10orf143	ok
387733	IFITM5	ok
387742	FAM99A	ok
387748	OR56B1	ok
387751	GVINP1	ok
387755	INSC	ok
387758	FIBIN	ok
387763	C11orf96	ok
387775	SLC22A10	ok
387778	SPDYC	ok
387787	LIPT2	ok
387804	VSTM5	ok
387836	CLEC2A	ok
387837	CLEC12B	ok
387841	RPL13AP20	ok
387849	REP15	ok
387856	CCDC184	ok
387882	C12orf75	ok
387885	CFAP73	ok
387890	TMEM233	ok
387893	KMT5A	ok
387895	LINC00944	ok
387911	C1QTNF9B	ok
387914	SHISA2	ok
387921	NHLRC3	ok
387923	SERP2	ok
387978	LINC01551	ok
387990	TOMM20L	ok
388	RHOB	ok
3880	KRT19	ok
388011	LINC01550	ok
388015	RTL1	ok
388021	TMEM179	ok
3881	KRT31	ok
388115	CCDC9B	ok
388121	TIPE3	ok
388125	C2CD4B	ok
388135	INSYN1	ok
388152	GOLGA2P7	ok
388165	UBE2Q2P1	ok
388182	SPATA41	ok
388199	PRR25	ok
3882	KRT32	ok
388228	SBK1	ok
388272	HDIP1	ok
388276	LINC02911	ok
388282		no_symbol_in_gene_info
388284	C16orf86	ok
3883	KRT33A	ok
388323	GLTPD2	ok
388324	INCA1	ok
388325	SCIMP	ok
388333	SPDYE4	ok
388335	TMEM220	ok
388336	SHISA6	ok
388341	LRRC75A	ok
388364	TMIGD1	ok
388372	CCL4L1	ok
388381	SPMAP1	ok
388387	LINC00671	ok
388389	DNAAF19	ok
388394	RPRML	ok
3884	KRT33B	ok
388403	YPEL2	ok
388407	LINC02875	ok
388419	BTBD17	ok
388428	PVALEF	ok
388468	POTEC	ok
388499	LYPLA2P2	ok
3885	KRT34	ok
388503	C3P1	ok
388507	ZNF788P	ok
388512	CLEC17A	ok
388514	CYP4F24P	ok
388523	ZNF728	ok
388524	RPSA2	ok
388531	RGS9BP	ok
388533	KRTDAP	ok
388536	ZNF790	ok
388550	CEACAM22P	ok
388551	CEACAM16	ok
388552	BLOC1S3	ok
388553	MEIOSIN	ok
388555	IGFL3	ok
388558	ZNF808	ok
388561	ZNF761	ok
388564	TMEM238	ok
388566	ZNF470	ok
388567	ZNF749	ok
388569	ZNF324B	ok
388574	RPL23AP87	ok
388581	C1QTNF12	ok
388585	HES5	ok
388588	SMIM1	ok
388591	RNF207	ok
388595	TMEM82	ok
3886	KRT35	ok
388610	TRNP1	ok
388611	CD164L2	ok
388630	TRABD2B	ok
388633	LDLRAD1	ok
388646	GBP7	ok
388649	C1orf146	ok
388650	DIPK1A	ok
388662	SLC6A17	ok
388677	NOTCH2NLA	ok
388685	LINC01138	ok
388692	LINC02591	ok
388695	LYSMD1	ok
388697	HRNR	ok
388698	FLG2	ok
3887	KRT81	ok
388701	CFAP141	ok
388714	FMO6P	ok
388719	LINC00272	ok
388722	C1orf53	ok
388730	TMEM81	ok
388743	CAPN8	ok
388753	COA6	ok
388759	LINC02897	ok
388789	SMIM26	ok
388796	SNHG17	ok
388799	FAM209B	ok
3888	KRT82	ok
388813		no_symbol_in_gene_info
388815	MIR99AHG	ok
388818	KRTAP26-1	ok
388849	CCDC188	ok
388886	LRRC75B	ok
3889	KRT83	ok
388906	OGFRP1	ok
388910	LINC00207	ok
388931	MFSD2B	ok
388939	PCARE	ok
388942	LINC01913	ok
388946	TMEM247	ok
388948	LINC01118	ok
388951	TSPYL6	ok
388960	C2orf78	ok
388962	BOLA3	ok
388963	C2orf81	ok
388965	FUNDC2P2	ok
388969	C2orf68	ok
389	RHOC	ok
3890	KRT84	ok
389015	SLC9A4	ok
389023	DPP10-AS1	ok
389033	PLAC9P1	ok
389043	LINC01120	ok
389058	SP5	ok
389072	PLEKHM3	ok
389073	C2orf80	ok
389075	RESP18	ok
389084	SNORC	ok
389090	OR6B2	ok
3891	KRT85	ok
389114	ZNF662	ok
389118	CDHR4	ok
389119	INKA1	ok
389123	IQCF2	ok
389124	IQCF5	ok
389125	MUSTN1	ok
389136	VGLL3	ok
389152	PRR23C	ok
389158	PLSCR5	ok
389161	ANKUB1	ok
389170	LEKR1	ok
389177	TMEM212	ok
3892	KRT86	ok
389203	SMIM20	ok
389206	BEND4	ok
389207	GRXCR1	ok
389208	TMPRSS11F	ok
389247	ING2-DT	ok
389257	LRRC14B	ok
389289	ANXA2R	ok
389320	SPMIP10	ok
389332	SMIM32	ok
389333	PROB1	ok
389336	C5orf46	ok
389337	ARHGEF37	ok
389362	PSMG4	ok
389376	SFTA2	ok
389383	CLPSL2	ok
389384	BNIP5	ok
389396	GLYATL3	ok
389400	GFRAL	ok
389421	LIN28B	ok
389432	SAMD5	ok
389434	IYD	ok
389458	RBAKDN	ok
389493	NUPR2	ok
3895	KTN1	ok
389517		no_symbol_in_gene_info
389523		no_symbol_in_gene_info
389524	GTF2IRD2B	ok
389538		no_symbol_in_gene_info
389541	LAMTOR4	ok
389549	FEZF1	ok
389558	FAM180A	ok
389610	XKR5	ok
389633	FAM90A25P	ok
389634	LINC00937	ok
389641	TNFRSF10A-DT	ok
389643	NUGGC	ok
389649	LINC03042	ok
389658	ALKAL1	ok
389668	XKR9	ok
389676	LINC02906	ok
389677	RBM12B	ok
389690	MROH5	ok
389692	MAFA	ok
3897	L1CAM	ok
389705	HPF1P1	ok
389715	SPATA31F2P	ok
389730	SPATA31A6	ok
389741	GLIDR	ok
389762	SPATA31D3	ok
389763	SPATA31D1	ok
389765	KIF27P2	ok
389766	C9orf153	ok
389791	PTGES2-DT	ok
389792	IER5L	ok
389799	CFAP77	ok
3898	LAD1	ok
389812	LCN15	ok
389813	AJM1	ok
389816	LRRC26	ok
389827	MYMK	ok
389831		no_symbol_in_gene_info
389834		no_symbol_in_gene_info
389840	MAP3K15	ok
389852	SPACA5	ok
389856	USP27X	ok
389857	CENPVL1	ok
389860	PAGE2B	ok
389895	HAPSTR2	ok
389898	UBE2NL	ok
3899	AFF3	ok
389903	CSAG3	ok
389906	ZNF839P4	ok
389932	AKR1C6P	ok
389941	C1QL3	ok
39	ACAT2	ok
390	RND3	ok
390003	GUCY2GP	ok
390010	NKX1-2	ok
390036	OR52K1	ok
390037	OR52I1	ok
390059	OR51M1	ok
390063	OR51I1	ok
390064	OR51I2	ok
390066	OR52D1	ok
390067	OR52H1	ok
390072	OR52N4	ok
390075	OR52N5	ok
390077	OR52N2	ok
390078	OR52E6	ok
390081	OR52E4	ok
390083	OR56A3	ok
390084	OR56A5	ok
390093	OR10A6	ok
390110	ACCSL	ok
390144	OR5D16	ok
390148	OR5W2	ok
390154	OR5T3	ok
390155	OR5T1	ok
390181	OR5AK2	ok
390190	OR5B2	ok
390191	OR5B12	ok
390195	OR5AN1	ok
3902	LAG3	ok
390201	OR10V1	ok
390205	LRRC10B	ok
390212	GPR152	ok
390213	DOC2GP	ok
390226	GUCY2EP	ok
390231	TRIM77	ok
390243	IZUMO1R	ok
390245	KDM4E	ok
390259	BSX	ok
390261	OR6M1	ok
390271	OR8B3	ok
390275	OR8A1	ok
3903	LAIR1	ok
390321	OR6C1	ok
390326	OR6C76	ok
390327	OR6C70	ok
3904	LAIR2	ok
390429	OR4N2	ok
390442	OR11H4	ok
390445	OR5AU1	ok
390535	GOLGA8EP	ok
390538	OR4M2	ok
390539	OR4N3P	ok
390561	HERC2P10	ok
390594	KBTBD13	ok
390595	UBAP1L	ok
390598	SKOR1	ok
3906	LALBA	ok
390616	ANKRD34C	ok
390637	GDPGP1	ok
390648	OR4F6	ok
390649	OR4F15	ok
390651	OR4F13P	ok
390660	ADAMTS7P1	ok
390664	C1QTNF8	ok
390667	PTX4	ok
390705		no_symbol_in_gene_info
390732	CES1P2	ok
390748	PABPN1L	ok
390790	ARL5C	ok
390792	KRT39	ok
3908	LAMA2	ok
390858	OACYLP	ok
390874	ONECUT3	ok
3909	LAMA3	ok
390916	NUDT19	ok
390927	ZNF793	ok
390928	ACP7	ok
390940	PINLYP	ok
390963	ZNF818P	ok
390980	ZNF805	ok
390992	HES3	ok
390999	PRAMEF12	ok
391	RHOG	ok
3910	LAMA4	ok
391002	PRAMEF8	ok
391013	PLA2G2C	ok
391037	SKINT1L	ok
391051	UOX	ok
391059	FRRS1	ok
3911	LAMA5	ok
391104	VHLL	ok
391112	OR6Y1	ok
391114	OR6K3	ok
391123	VSIG8	ok
391190	OR2L8	ok
391191	OR2AK2	ok
391192	OR2L3	ok
391195	OR2T33	ok
3912	LAMB1	ok
391253	SPINT4	ok
391257	SUMO1P1	ok
391267	ANKRD20A11P	ok
3913	LAMB2	ok
391322		no_symbol_in_gene_info
391356	PTRHD1	ok
391365	SULT6B1	ok
3914	LAMB3	ok
391475	DYTN	ok
3915	LAMC1	ok
391518	VENTXP7	ok
3916	LAMP1	ok
391712	TRIM61	ok
391723	HELT	ok
3918	LAMC2	ok
392	ARHGAP1	ok
3920	LAMP2	ok
3921	RPSA	ok
392138	OR2A25	ok
392196		no_symbol_in_gene_info
392197	USP17L7	ok
392232	TRPA2P	ok
392255	GDF6	ok
392307	FAM221B	ok
392309	OR13J1	ok
392360	CTSL3P	ok
392364	NPAP1P9	ok
392391	OR5C1	ok
392392	OR1K1	ok
392399	LCN9	ok
392452	MFFP3	ok
392459	CXXC1P1	ok
392465	GLOD5	ok
392490		no_symbol_in_gene_info
3925	STMN1	ok
392509	ARL13A	ok
392617	ELFN1	ok
392636	AGMO	ok
3927	LASP1	ok
392862	GRID2IP	ok
3929	LBP	ok
393	ARHGAP4	ok
3930	LBR	ok
393046	OR2A5	ok
3931	LCAT	ok
3932	LCK	ok
3933	LCN1	ok
3934	LCN2	ok
3936	LCP1	ok
3937	LCP2	ok
3938	LCT	ok
3939	LDHA	ok
394	ARHGAP5	ok
394263	MUC21	ok
3945	LDHB	ok
3948	LDHC	ok
3949	LDLR	ok
395	ARHGAP6	ok
3950	LECT2	ok
3952	LEP	ok
3953	LEPR	ok
3954	LETM1	ok
3955	LFNG	ok
3956	LGALS1	ok
3957	LGALS2	ok
3958	LGALS3	ok
3959	LGALS3BP	ok
396	ARHGDIA	ok
3960	LGALS4	ok
3963	LGALS7	ok
3964	LGALS8	ok
3965	LGALS9	ok
397	ARHGDIB	ok
3972	LHB	ok
3973	LHCGR	ok
3975	LHX1	ok
3976	LIF	ok
3977	LIFR	ok
3978	LIG1	ok
3980	LIG3	ok
3981	LIG4	ok
3982	LIM2	ok
3983	ABLIM1	ok
3984	LIMK1	ok
3985	LIMK2	ok
3987	LIMS1	ok
3988	LIPA	ok
399	RHOH	ok
3990	LIPC	ok
3991	LIPE	ok
3992	FADS1	ok
3993	LLGL2	ok
399473	SPRED3	ok
399474	TMEM200B	ok
3995	FADS3	ok
399512	SLC25A35	ok
3996	LLGL1	ok
399664	MEX3D	ok
399665	EEIG1	ok
399668	SMIM10L2A	ok
399669	ZNF321P	ok
399670	RPL13AP17	ok
399671	HEATR4	ok
399687	MYO18A	ok
399694	SHC4	ok
399697	CTXN2	ok
399706	LINC00200	ok
399708	LINC00701	ok
399715	LINC02649	ok
399717	GATA3-AS1	ok
399726	MIR1915HG	ok
399744	LINC00999	ok
399753		no_symbol_in_gene_info
3998	LMAN1	ok
399806	LBX1-AS1	ok
399814	C10orf120	ok
399815	C10orf88B	ok
399818	EEF1AKMT2	ok
399821	EDRF1-DT	ok
399823	FOXI2	ok
399827	LINC01164	ok
399829	LINC01168	ok
399833	SPRNP1	ok
399844	LINC01002	ok
399876	NAV2-AS4	ok
399881	HNRNPKP3	ok
399888	FAM180B	ok
399909	PCNX3	ok
399923	ACTE1P	ok
399947	C11orf87	ok
399948	COLCA1	ok
399949	HOATZ	ok
399959	MIR100HG	ok
399967	PATE2	ok
399968	PATE4	ok
399972	GSEC	ok
399979	SNX19	ok
40	ASIC2	ok
400	ARL1	ok
4000	LMNA	ok
400027	LINC00938	ok
400043	LINC02381	ok
400046	LINC02389	ok
400058	MKRN9P	ok
400073	C12orf76	ok
400084	LINC00939	ok
400087	LINC02393	ok
4001	LMNB1	ok
400110	ANKRD20A19P	ok
400120	SERTM1	ok
400121	LINC00547	ok
400123	LINC00548	ok
400165	ATP11AUN	ok
400221	LINC03033	ok
400224	PLEKHD1	ok
400236	FOXN3-AS1	ok
400238	LINC00642	ok
400242	DICER1-AS1	ok
400258	C14orf180	ok
400322	HERC2P2	ok
400359	LINC02694	ok
400360	LINC02915	ok
4004	LMO1	ok
400410	ST20	ok
400451	FAM174B	ok
400456	LETR1	ok
4005	LMO2	ok
400500	BCAR4	ok
400506	KNOP1	ok
400508	ABCA15P	ok
400512	NSMCE1-DT	ok
400533	LINC02167	ok
400548	LINC02139	ok
400550	FENDRR	ok
400558	LINC02138	ok
400566	LIAT1	ok
400569	MED11	ok
400578	KRT16P2	ok
400581	GRAPL	ok
400591	TMEM132E-DT	ok
400604	TOB1-AS1	ok
400617	KCNJ2-AS1	ok
400619	LINC00511	ok
400620	LINC02092	ok
400624	LINC01973	ok
400629	TEX19	ok
400643	LINC00668	ok
400654	LINC01538	ok
400655	LINC02864	ok
400657	ZNF407-AS1	ok
400658	ZNF516-DT	ok
400668	PRSS57	ok
400673	VMAC	ok
400680	LINC00664	ok
400684	DPY19L3-DT	ok
400685	LINC01801	ok
400696		no_symbol_in_gene_info
4007	PRICKLE3	ok
400709	SIGLEC16	ok
400710	ZNF473CR	ok
400713	ZNF880	ok
400720	ZNF772	ok
400735	PRAMEF4	ok
400736	PRAMEF13	ok
400745	SH2D5	ok
400746	NCMAP	ok
400752	LINC01144	ok
400757	C1orf141	ok
400759	GBP1P1	ok
400761	LRRC8C-DT	ok
400765	MIR137HG	ok
400793	C1orf226	ok
400794	LRRC52-AS1	ok
400798	C1orf220	ok
4008	LMO7	ok
400804	LINC02817	ok
400818	NBPF9	ok
400823	FAM177B	ok
400830	DEFB132	ok
400831	C20orf202	ok
400839	LINC01721	ok
400866	LINC00114	ok
400891	LRRC74B	ok
400892	BCRP2	ok
4009	LMX1A	ok
400916	CHCHD10	ok
400927	TPTEP2	ok
400931	MIRLET7BHG	ok
400932	LINC00898	ok
400935	IL17REL	ok
400940		no_symbol_in_gene_info
400941	LINC00487	ok
400946	LINC00954	ok
400950	LINC02898	ok
400952	LINC01121	ok
400954	EML6	ok
400955	LINC01122	ok
400957	REL-DT	ok
400958	LINC02245	ok
400960	PCBP1-AS1	ok
400961	PAIP2B	ok
400966	RGPD1	ok
400999	SLC20A1-DT	ok
401	PHOX2A	ok
4010	LMX1B	ok
401010	NOC2LP2	ok
401014	TEX41	ok
401022	HAGLR	ok
401024	FSIP2	ok
401027	C2orf66	ok
401036	ASB18	ok
401039	LINC01940	ok
401052		no_symbol_in_gene_info
401074	LINC00960	ok
401081	C3orf85	ok
401082	LINC01205	ok
401089	FOXL2NB	ok
401093	MBNL1-AS1	ok
401097	C3orf80	ok
401103	LINC01994	ok
401105		no_symbol_in_gene_info
401106	ATP13A3-DT	ok
401109	LINC00885	ok
401115	NICOL1	ok
401124	DTHD1	ok
401127	WDR5CP	ok
401134	LINC02232	ok
401135	SYT14P1	ok
401136	TMPRSS11BNL	ok
401137	PRR27	ok
401138	AMTN	ok
401145	CCSER1	ok
401149	LINC01061	ok
401152	ARLN	ok
401164	LINC01060	ok
401172	LINC02145	ok
401177	LINC02111	ok
401190	RGS7BP	ok
4012	LNPEP	ok
401207	C5orf63	ok
401232	LINC01011	ok
401233	HTATSF1P2	ok
401236	STMND1	ok
401237	CASC15	ok
401242	LINC01623	ok
401250	MCCD1	ok
401253	LINC00336	ok
401258	RAB44	ok
401260	LINC00951	ok
401262	CRIP3	ok
401264	TRAM2-AS1	ok
401265	KLHL31	ok
401282		no_symbol_in_gene_info
401285	TCP10L2	ok
401288	LINC00242	ok
4013	VWA5A	ok
401303	ZNF815P	ok
401320	GARS1-DT	ok
401321	LINC00997	ok
401324		no_symbol_in_gene_info
401331	RASA4CP	ok
401335	LINC02902	ok
401337	LINC01446	ok
401375	GTF2IRD2P1	ok
401387	LRRD1	ok
401388		no_symbol_in_gene_info
401397	SMIM30	ok
401399	PRRT4	ok
4014	LORICRIN	ok
401409	RAB19	ok
401427	OR2A7	ok
401431	ATP6V0E2-AS1	ok
401447	USP17L1	ok
401463	BHLHE22-AS1	ok
401466	RBIS	ok
401474	SAMD12	ok
401491	VLDLR-AS1	ok
401492	LINC01235	ok
401494	HACD4	ok
401497	LINC01242	ok
401498	TMEM215	ok
4015	LOX	ok
401505	TOMM5	ok
401508	FAM74A4	ok
401535	LINC02872	ok
401541	CENPP	ok
401546	C9orf152	ok
401548	SNX30	ok
401551	WDR38	ok
401557		no_symbol_in_gene_info
401562	LCNL1	ok
401563	LINC02908	ok
401565	CIMIP2A	ok
401577	CD99P1	ok
401588	ZNF674-AS1	ok
4016	LOXL1	ok
401612	SLC25A53	ok
401613	SERTM2	ok
401629	FAM224B	ok
401647	GOLGA7B	ok
4017	LOXL2	ok
401720	FIGNL2	ok
4018	LPA	ok
401884		no_symbol_in_gene_info
401898	ZNF833P	ok
401934	RNF223	ok
401944	LDLRAD2	ok
401980		no_symbol_in_gene_info
401983	ZNF847P	ok
401994	OR14I1	ok
402	ARL2	ok
402055	SRRD	ok
402117	VWC2L	ok
402135	OR5K2	ok
402160	CFAP99	ok
402176	RPL21P44	ok
4023	LPL	ok
402381	SOHLH1	ok
402415	XKRX	ok
402483	LINC01000	ok
4025	LPO	ok
402569	KPNA7	ok
402573	SPACDR	ok
4026	LPP	ok
402665	IGLON5	ok
402682	UFSP1	ok
402778	IFITM10	ok
402779	CSMD2-AS1	ok
403	ARL3	ok
403244	OR2T35	ok
403253	OR4A47	ok
403274	OR5H15	ok
403278	OR5K4	ok
4033	IRAG2	ok
403313	PLPP6	ok
403314	APOBEC4	ok
403315	CIBAR1P2	ok
403340		no_symbol_in_gene_info
403341	ZBTB34	ok
4034	LRCH4	ok
4035	LRP1	ok
4036	LRP2	ok
4037	LRP3	ok
4038	LRP4	ok
4040	LRP6	ok
404037	HAPLN4	ok
404093	CUEDC1	ok
4041	LRP5	ok
404201	WDFY3-AS2	ok
404203	SPINK6	ok
404217	CTXN1	ok
404220	TEX56P	ok
404266	HOXB-AS3	ok
404281	YY2	ok
4043	LRPAP1	ok
4045	LSAMP	ok
404550	CLMB	ok
404552	SCGB1D4	ok
4046	LSP1	ok
404663	LINC01194	ok
404665	CACTIN-AS1	ok
404672	GTF2H5	ok
4047	LSS	ok
404734	ANKHD1-EIF4EBP3	ok
404744	NPSR1-AS1	ok
404785	POTEG	ok
4048	LTA4H	ok
4049	LTA	ok
405	ARNT	ok
4050	LTB	ok
4051	CYP4F3	ok
4052	LTBP1	ok
4053	LTBP2	ok
4054	LTBP3	ok
4055	LTBR	ok
4057	LTF	ok
405753	DUOXA2	ok
405754	ERVFRD-1	ok
4058	LTK	ok
4059	BCAM	ok
406	BMAL1	ok
4060	LUM	ok
4061	LY6E	ok
4062	LY6H	ok
4063	LY9	ok
4064	CD180	ok
4065	LY75	ok
4066	LYL1	ok
4067	LYN	ok
4068	SH2D1A	ok
406881	MIRLET7A1	ok
406882	MIRLET7A2	ok
406885	MIRLET7C	ok
406886	MIRLET7D	ok
406888	MIRLET7F1	ok
406889	MIRLET7F2	ok
406890	MIRLET7G	ok
406891	MIRLET7I	ok
406893	MIR101-1	ok
406894	MIR101-2	ok
406895	MIR103A1	ok
406896	MIR103A2	ok
406899	MIR106A	ok
4069	LYZ	ok
406900	MIR106B	ok
406901	MIR107	ok
406902	MIR10A	ok
406903	MIR10B	ok
406905	MIR1-2	ok
406906	MIR122	ok
406907	MIR124-1	ok
406910	MIR125A	ok
406911	MIR125B1	ok
406912	MIR125B2	ok
406913	MIR126	ok
406915	MIR128-1	ok
406919	MIR130A	ok
406920	MIR130B	ok
406922	MIR133A1	ok
406926	MIR135A2	ok
406929	MIR138-1	ok
406931	MIR139	ok
406932	MIR140	ok
406933	MIR141	ok
406934	MIR142	ok
406935	MIR143	ok
406936	MIR144	ok
406938	MIR146A	ok
406939	MIR147A	ok
406940	MIR148A	ok
406941	MIR149	ok
406942	MIR150	ok
406943	MIR152	ok
406954	MIR181A2	ok
406955	MIR181B1	ok
406956	MIR181B2	ok
406957	MIR181C	ok
406961	MIR185	ok
406962	MIR186	ok
406963	MIR187	ok
406965	MIR190A	ok
406966	MIR191	ok
406967	MIR192	ok
406968	MIR193A	ok
406969	MIR194-1	ok
406970	MIR194-2	ok
406972	MIR196A1	ok
406973	MIR196A2	ok
406974	MIR197	ok
406976	MIR199A1	ok
406978	MIR199B	ok
406981	MIR19B2	ok
406983	MIR200A	ok
406984	MIR200B	ok
406985	MIR200C	ok
406986	MIR203A	ok
406988	MIR205	ok
406989	MIR206	ok
406991	MIR21	ok
406992	MIR210	ok
406993	MIR211	ok
406995	MIR181A1	ok
406997	MIR215	ok
407	ARR3	ok
4070	TACSTD2	ok
407001	MIR218-2	ok
407002	MIR219A1	ok
407006	MIR221	ok
407007	MIR222	ok
407008	MIR223	ok
407011	MIR23B	ok
407014	MIR25	ok
407015	MIR26A1	ok
407016	MIR26A2	ok
407017	MIR26B	ok
407021	MIR29A	ok
407022	MIR296	ok
407024	MIR29B1	ok
407026	MIR29C	ok
407027	MIR301A	ok
407030	MIR30B	ok
407031	MIR30C1	ok
407032	MIR30C2	ok
407036	MIR32	ok
407037	MIR320A	ok
407039	MIR33A	ok
407040	MIR34A	ok
407042	MIR34C	ok
407043	MIR7-1	ok
407044	MIR7-2	ok
407049	MIR92A2	ok
407050	MIR93	ok
407054	MIR98	ok
407056	MIR99B	ok
4071	TM4SF1	ok
4072	EPCAM	ok
4074	M6PR	ok
4076	CAPRIN1	ok
4077	NBR1	ok
407738	TAFA1	ok
407835	MAP2K1P2	ok
407975	MIR17HG	ok
408	ARRB1	ok
408029	CDRT15P3	ok
408050	NOMO3	ok
408187	SPINK14	ok
4082	MARCKS	ok
408263	FNDC9	ok
4084	MXD1	ok
4085	MAD2L1	ok
4086	SMAD1	ok
4087	SMAD2	ok
4088	SMAD3	ok
4089	SMAD4	ok
409	ARRB2	ok
4090	SMAD5	ok
4091	SMAD6	ok
4092	SMAD7	ok
4093	SMAD9	ok
4094	MAF	ok
4097	MAFG	ok
4099	MAG	ok
41	ASIC1	ok
410	ARSA	ok
4100	MAGEA1	ok
4101	MAGEA2	ok
4102	MAGEA3	ok
4103	MAGEA4	ok
4105	MAGEA6	ok
4107	MAGEA8	ok
4109	MAGEA10	ok
411	ARSB	ok
4110	MAGEA11	ok
4111	MAGEA12	ok
4112	MAGEB1	ok
4113	MAGEB2	ok
4114	MAGEB3	ok
4115	MAGEB4	ok
4116	MAGOH	ok
4117	MAK	ok
4118	MAL	ok
412	STS	ok
4121	MAN1A1	ok
4122	MAN2A2	ok
4123	MAN2C1	ok
4124	MAN2A1	ok
4125	MAN2B1	ok
4126	MANBA	ok
4128	MAOA	ok
4129	MAOB	ok
4130	MAP1A	ok
4131	MAP1B	ok
4133	MAP2	ok
4134	MAP4	ok
4135	MAP6	ok
4137	MAPT	ok
4139	MARK1	ok
414	ARSD	ok
4140	MARK3	ok
414059	TBC1D3B	ok
414060	TBC1D3C	ok
414061	DNAJB3P	ok
414062	CCL3L3	ok
4141	MARS1	ok
414149	ACBD7	ok
414152	C10orf105	ok
414157	C10orf62	ok
414189	AGAP6	ok
414197	ZNF32-AS1	ok
4142	MAS1	ok
414201	ZNF32-AS3	ok
414208	ZNF32-AS2	ok
414212	GLUD1P2	ok
414235	DIP2C-AS1	ok
414236	C10orf55	ok
414241	SHLD2P1	ok
414243	LINC00595	ok
414245	DNAJC9-AS1	ok
414260	LINC00619	ok
4143	MAT1A	ok
414301	DDI1	ok
414318	LINC02913	ok
414328	IDNK	ok
414332	LCN10	ok
414351	LINC00229	ok
4144	MAT2A	ok
4145	MATK	ok
4146	MATN1	ok
4147	MATN2	ok
414763	BMS1P18	ok
414764	HCG23	ok
414765	HCG25	ok
414777	HCG18	ok
414778	HCG17	ok
4148	MATN3	ok
414899	BLID	ok
4149	MAX	ok
414918	DENND6B	ok
414919	C8orf82	ok
414926	LINC00593	ok
414927		no_symbol_in_gene_info
415	ARSL	ok
4150	MAZ	ok
415056	CNTFR-AS1	ok
4151	MB	ok
415116	PIM3	ok
415117	STX19	ok
4152	MBD1	ok
4153	MBL2	ok
4154	MBNL1	ok
4155	MBP	ok
4157	MC1R	ok
4158	MC2R	ok
4159	MC3R	ok
416	ARSF	ok
4160	MC4R	ok
4161	MC5R	ok
4162	MCAM	ok
4163	MCC	ok
4166	CHST6	ok
4168	MCF2	ok
417	ART1	ok
4170	MCL1	ok
4171	MCM2	ok
4172	MCM3	ok
4173	MCM4	ok
4174	MCM5	ok
4175	MCM6	ok
4176	MCM7	ok
4179	CD46	ok
4184	SMCP	ok
4185	ADAM11	ok
4188	MDFI	ok
4189	DNAJB9	ok
419	ART3	ok
4190	MDH1	ok
4191	MDH2	ok
4192	MDK	ok
4193	MDM2	ok
4194	MDM4	ok
4199	ME1	ok
420	ART4	ok
4200	ME2	ok
4201	MEA1	ok
4204	MECP2	ok
4205	MEF2A	ok
4208	MEF2C	ok
4209	MEF2D	ok
421	ARVCF	ok
4210	MEFV	ok
4211	MEIS1	ok
4212	MEIS2	ok
4213	MEIS3P1	ok
4214	MAP3K1	ok
4215	MAP3K3	ok
4216	MAP3K4	ok
4217	MAP3K5	ok
4218	RAB8A	ok
4221	MEN1	ok
4222	MEOX1	ok
4223	MEOX2	ok
4224	MEP1A	ok
4225	MEP1B	ok
4232	MEST	ok
4233	MET	ok
4234	METTL1	ok
4236	MFAP1	ok
4237	MFAP2	ok
4238	MFAP3	ok
4239	MFAP4	ok
4240	MFGE8	ok
4241	MELTF	ok
4242	MFNG	ok
4245	MGAT1	ok
4246	SCGB2A1	ok
4247	MGAT2	ok
4248	MGAT3	ok
4249	MGAT5	ok
4250	SCGB2A2	ok
425054	VCX3B	ok
4253	MIA2	ok
4254	KITLG	ok
4255	MGMT	ok
4256	MGP	ok
4257	MGST1	ok
4258	MGST2	ok
4259	MGST3	ok
4261	CIITA	ok
4267	CD99	ok
427	ASAH1	ok
4277	MICB	ok
4281	MID1	ok
4283	CXCL9	ok
4284	MIP	ok
4285	MIPEP	ok
4286	MITF	ok
4287	ATXN3	ok
4288	MKI67	ok
4289	MKLN1	ok
429	ASCL1	ok
4291	MLF1	ok
4292	MLH1	ok
4293	MAP3K9	ok
4294	MAP3K10	ok
4295	MLN	ok
4296	MAP3K11	ok
4297	KMT2A	ok
4298	MLLT1	ok
4299	AFF1	ok
43	ACHE	ok
430	ASCL2	ok
4300	MLLT3	ok
4301	AFDN	ok
4302	MLLT6	ok
4303	FOXO4	ok
4306	NR3C2	ok
4308	TRPM1	ok
4311	MME	ok
4312	MMP1	ok
4313	MMP2	ok
4314	MMP3	ok
4316	MMP7	ok
4317	MMP8	ok
431704	RGS21	ok
431705	ASTL	ok
431707	LHX8	ok
4318	MMP9	ok
4319	MMP10	ok
432	ASGR1	ok
4320	MMP11	ok
4321	MMP12	ok
4322	MMP13	ok
4323	MMP14	ok
432369	ATP5F1EP2	ok
4324	MMP15	ok
4325	MMP16	ok
4326	MMP17	ok
4327	MMP19	ok
4329	ALDH6A1	ok
433	ASGR2	ok
4330	MN1	ok
4331	MNAT1	ok
4332	MNDA	ok
4335	MNT	ok
4336	MOBP	ok
4337	MOCS1	ok
4338	MOCS2	ok
434	ASIP	ok
4340	MOG	ok
4343	MOV10	ok
4345	CD200	ok
435	ASL	ok
4350	MPG	ok
4351	MPI	ok
4352	MPL	ok
4353	MPO	ok
4354	MPP1	ok
4355	MPP2	ok
4356	MPP3	ok
4357	MPST	ok
4358	MPV17	ok
4359	MPZ	ok
4360	MRC1	ok
4361	MRE11	ok
4363	ABCC1	ok
43847	KLK14	ok
43849	KLK12	ok
439	GET3	ok
439915	KRTAP5-5	ok
439916	LINC00615	ok
439921	MXRA7	ok
439927	LINC01555	ok
439931	THAP7-AS1	ok
439941	FER1L6-AS1	ok
439949	PRKCQ-AS1	ok
439950	CELF2-AS2	ok
439965	SHLD2P3	ok
439990	LINC00857	ok
439994	LINC00863	ok
439996	IFIT1B	ok
440	ASNS	ok
440021	KRTAP5-2	ok
440023	KRTAP5-6	ok
440026	TMEM41B	ok
440028	LINC02709	ok
440034	PAX6-AS1	ok
440040	GRM5P1	ok
440041	TRIM51HP	ok
440044	SLC22A20P	ok
440050	KRTAP5-7	ok
440051	KRTAP5-11	ok
440068	CARD17P	ok
440072	PRDM10-DT	ok
440073	IQSEC3	ok
440077	ZNF705A	ok
440078	FAM66C	ok
440081	DDX12P	ok
440087	SMCO3	ok
440093	H3-5	ok
440097	DBX2	ok
440101	LINC03234	ok
440107	PLEKHG7	ok
440117	LINC02372	ok
440119	FZD10-AS1	ok
440131	LINC00544	ok
440138	ALG11	ok
440145	MZT1	ok
440163	RNASE13	ok
440173	LINC02893	ok
440184	CCDC196	ok
440193	CCDC88C	ok
440224	CXADRP3	ok
440225	NF1P2	ok
440243	GOLGA6L22	ok
440248	HERC2P9	ok
440253	WHAMMP2	ok
440270	GOLGA8B	ok
440275	EIF2AK4	ok
440278	CATSPER2P1	ok
440279	UNC13C	ok
440288	UBL7-DT	ok
440295	GOLGA6L9	ok
440297		no_symbol_in_gene_info
440299	DNM1P41	ok
440300		no_symbol_in_gene_info
440307	TTLL13	ok
440311	NOP35P1	ok
440335	SMIM22	ok
440348	NPIPB15	ok
440352	SNX29P2	ok
440354	SMG1P2	ok
440356	CDIPTOSP	ok
440359	YBX3P1	ok
440362		no_symbol_in_gene_info
440387	CTRB2	ok
440419	TBC1D3P5	ok
440423	SUZ12P1	ok
440434	NPEPPSP1	ok
440435	GPR179	ok
440452	TBC1D3P2	ok
440456	PLEKHM1P1	ok
440461	ARHGAP27P2	ok
440465	BAIAP2-DT	ok
440482	ANKRD20A5P	ok
440498	HSBP1L1	ok
440503	PLIN5	ok
440508	CLEC4GP1	ok
440515	ZNF506	ok
440518	GOLGA2P9	ok
440519	ZNF724	ok
440533	PSG8	ok
440556	PRDM16-DT	ok
440560	PRAMEF11	ok
440563	HNRNPCL2	ok
440567	UQCRHL	ok
440574	MICOS10	ok
440584	SLC2A1-DT	ok
440585	CFAP144	ok
440590	ZYG11A	ok
440594	LINC01761	ok
440600	RBM15-AS1	ok
440603	BCL2L15	ok
440689	H2BC18	ok
440695	ETV3L	ok
440699	LRRC52	ok
440700	CA14P1	ok
440712	RHEX	ok
440730	TRIM67	ok
440738	MAP1LC3C	ok
440799	P2RX6P	ok
440822	PIWIL3	ok
440823	MIAT	ok
440829	SHISA8	ok
440836	CIMAP1B	ok
440854	CAPN14	ok
440894	LINC01123	ok
440896	LINC03025	ok
440900	LINC01191	ok
440905	FAR2P1	ok
440910		no_symbol_in_gene_info
440925	LINC01124	ok
440926	H3P6	ok
440944	THUMPD3-AS1	ok
440952	EIF1B-AS1	ok
440955	TMEM89	ok
440956	IQCF6	ok
440957	UQCC5	ok
440970	LINC00971	ok
441009	CPEB2-DT	ok
441024	MTHFD2L	ok
441025	LINC02483	ok
441027	TMEM150C	ok
441046	GUSBP5	ok
441054	CFAP96	ok
441058	LINC01667	ok
441061	MARCHF11	ok
441072	IL6ST-DT	ok
441081		no_symbol_in_gene_info
441089		no_symbol_in_gene_info
441094	NR2F1-AS1	ok
441108	CARINH	ok
441150	PEX39	ok
441151	TMEM151B	ok
441155	ZC3H11C	ok
441161	OOEP	ok
441168	CALHM6	ok
441172	NHSL1-AS1	ok
441177	LINC00602	ok
441191	RNF216P1	ok
441194	PMS2CL	ok
441204	LINC02981	ok
441208	ZNRF2P1	ok
441212	RP9P	ok
441234	ZNF716	ok
441242	LINC03006	ok
441250	TYW1B	ok
441251	SPDYE7P	ok
441263	DTX2P1-UPK3BP1-PMS2P11	ok
441272	SPDYE3	ok
441282	AKR1B15	ok
441294	CTAGE15	ok
441295	OR2A9P	ok
441307	PDGFA-DT	ok
441308	OR4F21	ok
441355	MIR2052HG	ok
441369		no_symbol_in_gene_info
441374	SLEAR	ok
441376	AARD	ok
441389	LINC01239	ok
441394	SUGT1P1	ok
441425	ANKRD20A3P	ok
441432	AQP7P3	ok
441452	SPATA31C1	ok
441454	PTMAP11	ok
441455	MKRN10P	ok
441457	NUTM2G	ok
441459	ANKRD18B	ok
441461	STX17-DT	ok
441476	STPG3	ok
441478	NRARP	ok
441502	RPS26P11	ok
441509	GLRA4	ok
441518	RTL8B	ok
441521	CT45A5	ok
441525	SPANXN4	ok
441531	PGAM4	ok
441549	CDNF	ok
441581	FRG2B	ok
441601	SEPTIN7P11	ok
441631	TSPAN11	ok
441639	OR9K2	ok
441666		no_symbol_in_gene_info
441687	TEX21P	ok
441733	PRKXP1	ok
441818	WBP11P1	ok
441864	TARM1	ok
441869	ANKRD65	ok
441897	PGBP	ok
441911	OR10J3	ok
441932	OR2W5	ok
441933	OR13G1	ok
441951	ZFAS1	ok
442028		no_symbol_in_gene_info
442038	SULT1C3	ok
442117	GALNTL6	ok
442132		no_symbol_in_gene_info
442186	OR2J3	ok
442194	OR10C1	ok
442211	ATP6V0CP3	ok
442213	PTCHD4	ok
442229	SLC25A51P1	ok
442236	KRT18P50	ok
442245	GSTM2P1	ok
442247	RFPL4B	ok
442319	ZNF727	ok
442361	OR2A2	ok
442421	PTGER4P2-CDK2AP2P2	ok
442425	FOXB2	ok
442444	FAM47C	ok
442454	UQCRBP1	ok
442459	XRCC6P5	ok
442497		no_symbol_in_gene_info
442523	DPY19L2P4	ok
442524	DPY19L2P3	ok
442578	STAG3L3	ok
442582	STAG3L2	ok
442590	SPDYE5	ok
442720	EIF3IP1	ok
442721	LMOD2	ok
442862	PRY2	ok
442890	MIR133B	ok
442891	MIR135B	ok
442892	MIR148B	ok
442894	MIR302B	ok
442898	MIR324	ok
442900	MIR326	ok
442902	MIR330	ok
442903	MIR331	ok
442904	MIR335	ok
442907	MIR339	ok
442908	MIR340	ok
442910	MIR345	ok
442913	MIR376C	ok
442914	MIR369	ok
442917	MIR372	ok
442918	MIR373	ok
443	ASPA	ok
4430	MYO1B	ok
4435	CITED1	ok
4436	MSH2	ok
4437	MSH3	ok
4438	MSH4	ok
444	ASPH	ok
4440	MSI1	ok
444882	IGFL4	ok
445	ASS1	ok
445328	ARHGEF35	ok
445329	SULT1A4	ok
445347		no_symbol_in_gene_info
445571	ZNG1C	ok
445577	FAM120A2P	ok
445582	POTEE	ok
445815	PALM2AKAP2	ok
4477	MSMB	ok
4478	MSN	ok
4481	MSR1	ok
4482	MSRA	ok
4485	MST1	ok
4486	MST1R	ok
4487	MSX1	ok
4488	MSX2	ok
448834	KPRP	ok
448835	LCE6A	ok
4489	MT1A	ok
4490	MT1B	ok
4493	MT1E	ok
4494	MT1F	ok
449491	DEFA8P	ok
4495	MT1G	ok
449520	GGNBP1	ok
4496	MT1H	ok
4498	MT1JP	ok
4499	MT1M	ok
4500	MT1L	ok
4501	MT1X	ok
4502	MT2A	ok
4504	MT3	ok
4507	MTAP	ok
4515	MTCP1	ok
4520	MTF1	ok
4521	NUDT1	ok
4522	MTHFD1	ok
4524	MTHFR	ok
4528	MTIF2	ok
4534	MTM1	ok
4542	MYO1F	ok
4543	MTNR1A	ok
4544	MTNR1B	ok
4547	MTTP	ok
4548	MTR	ok
4552	MTRR	ok
4580	MTX1	ok
4582	MUC1	ok
4583	MUC2	ok
4585	MUC4	ok
4588	MUC6	ok
4589	MUC7	ok
4591	TRIM37	ok
4593	MUSK	ok
4594	MMUT	ok
4595	MUTYH	ok
4597	MVD	ok
4598	MVK	ok
4599	MX1	ok
460	ASTN1	ok
4600	MX2	ok
4601	MXI1	ok
4602	MYB	ok
4603	MYBL1	ok
4604	MYBPC1	ok
4605	MYBL2	ok
4606	MYBPC2	ok
4607	MYBPC3	ok
4608	MYBPH	ok
4609	MYC	ok
4610	MYCL	ok
4613	MYCN	ok
4615	MYD88	ok
4616	GADD45B	ok
4617	MYF5	ok
4618	MYF6	ok
4619	MYH1	ok
462	SERPINC1	ok
4620	MYH2	ok
4621	MYH3	ok
4622	MYH4	ok
4624	MYH6	ok
4625	MYH7	ok
4626	MYH8	ok
4627	MYH9	ok
4628	MYH10	ok
4629	MYH11	ok
463	ZFHX3	ok
4632	MYL1	ok
4633	MYL2	ok
4634	MYL3	ok
4635	MYL4	ok
4636	MYL5	ok
4637	MYL6	ok
4638	MYLK	ok
4640	MYO1A	ok
4641	MYO1C	ok
4642	MYO1D	ok
4643	MYO1E	ok
4644	MYO5A	ok
4645	MYO5B	ok
4646	MYO6	ok
4647	MYO7A	ok
4648	MYO7B	ok
4649	MYO9A	ok
4650	MYO9B	ok
4651	MYO10	ok
4653	MYOC	ok
4654	MYOD1	ok
4656	MYOG	ok
4659	PPP1R12A	ok
466	ATF1	ok
4660	PPP1R12B	ok
4661	MYT1	ok
4664	NAB1	ok
4665	NAB2	ok
4666	NACA	ok
4668	NAGA	ok
4669	NAGLU	ok
467	ATF3	ok
4670	HNRNPM	ok
4671	NAIP	ok
4673	NAP1L1	ok
4674	NAP1L2	ok
4675	NAP1L3	ok
4676	NAP1L4	ok
4677	NARS1	ok
4678	NASP	ok
468	ATF4	ok
4680	CEACAM6	ok
4681	NBL1	ok
4682	NUBP1	ok
4683	NBN	ok
4684	NCAM1	ok
4685	NCAM2	ok
4686	NCBP1	ok
4688	NCF2	ok
4689	NCF4	ok
4690	NCK1	ok
4691	NUCLEOLIN	ok
4692	NDN	ok
4693	NDP	ok
4694	NDUFA1	ok
4695	NDUFA2	ok
4696	NDUFA3	ok
4697	COXFA4	ok
4698	NDUFA5	ok
47	ACLY	ok
4700	NDUFA6	ok
4701	NDUFA7	ok
4702	NDUFA8	ok
4703	NEB	ok
4704	NDUFA9	ok
4705	NDUFA10	ok
4706	NDUFAB1	ok
4707	NDUFB1	ok
4708	NDUFB2	ok
4709	NDUFB3	ok
471	ATIC	ok
4710	NDUFB4	ok
4711	NDUFB5	ok
4712	NDUFB6	ok
4713	NDUFB7	ok
4714	NDUFB8	ok
4715	NDUFB9	ok
4716	NDUFB10	ok
4717	NDUFC1	ok
4718	NDUFC2	ok
4719	NDUFS1	ok
472	ATM	ok
4720	NDUFS2	ok
4722	NDUFS3	ok
4723	NDUFV1	ok
4724	NDUFS4	ok
4725	NDUFS5	ok
4726	NDUFS6	ok
4728	NDUFS8	ok
4729	NDUFV2	ok
473	RERE	ok
4731	NDUFV3	ok
4733	DRG1	ok
4734	NEDD4	ok
4735	SEPTIN2	ok
4736	RPL10A	ok
4738	NEDD8	ok
4739	NEDD9	ok
474	ATOH1	ok
4741	NEFM	ok
474170	LRRC37A2	ok
474338	SUMO1P3	ok
474343	SPIN2B	ok
474344	GIMAP6	ok
474354	LRRC18	ok
4744	NEFH	ok
4745	NELL1	ok
4747	NEFL	ok
475	ATOX1	ok
4750	NEK1	ok
4751	NEK2	ok
4752	NEK3	ok
4753	NELL2	ok
4756	NEO1	ok
4758	NEU1	ok
4759	NEU2	ok
476	ATP1A1	ok
4760	NEUROD1	ok
4761	NEUROD2	ok
4762	NEUROG1	ok
4763	NF1	ok
477	ATP1A2	ok
4771	NF2	ok
4772	NFATC1	ok
4773	NFATC2	ok
4774	NFIA	ok
4775	NFATC3	ok
4776	NFATC4	ok
4778	NFE2	ok
4779	NFE2L1	ok
478	ATP1A3	ok
4780	NFE2L2	ok
4781	NFIB	ok
4782	NFIC	ok
4783	NFIL3	ok
4784	NFIX	ok
479	ATP12A	ok
4790	NFKB1	ok
4791	NFKB2	ok
4792	NFKBIA	ok
4793	NFKBIB	ok
4794	NFKBIE	ok
4795	NFKBIL1	ok
4796	TONSL	ok
4798	NFRKB	ok
4799	NFX1	ok
48	ACO1	ok
480	ATP1A4	ok
4800	NFYA	ok
4801	NFYB	ok
4802	NFYC	ok
4803	NGF	ok
4804	NGFR	ok
4807	NHLH1	ok
4808	NHLH2	ok
4809	SNU13	ok
481	ATP1B1	ok
4810	NHS	ok
4811	NID1	ok
4814	NINJ1	ok
4815	NINJ2	ok
4817	NIT1	ok
4818	NKG7	ok
482	ATP1B2	ok
4820	NKTR	ok
4821	NKX2-2	ok
4824	NKX3-1	ok
4825	NKX6-1	ok
4826	NNAT	ok
4828	NMB	ok
4829	NMBR	ok
483	ATP1B3	ok
4830	NME1	ok
4831	NME2	ok
4832	NME3	ok
4833	NME4	ok
4835	NQO2	ok
4836	NMT1	ok
4837	NNMT	ok
4838	NODAL	ok
4839	NOP2	ok
4841	NONO	ok
4842	NOS1	ok
4843	NOS2	ok
4846	NOS3	ok
4848	CNOT2	ok
4849	CNOT3	ok
4850	CNOT4	ok
4851	NOTCH1	ok
4852	NPY	ok
4853	NOTCH2	ok
4854	NOTCH3	ok
4855	NOTCH4	ok
4856	CCN3	ok
4857	NOVA1	ok
4858	NOVA2	ok
486	FXYD2	ok
4860	PNP	ok
4861	NPAS1	ok
4862	NPAS2	ok
4863	NPAT	ok
4864	NPC1	ok
4867	NPHP1	ok
4868	NPHS1	ok
4869	NPM1	ok
487	ATP2A1	ok
4878	NPPA	ok
4879	NPPB	ok
488	ATP2A2	ok
4880	NPPC	ok
4881	NPR1	ok
4882	NPR2	ok
4883	NPR3	ok
4884	NPTX1	ok
4885	NPTX2	ok
4886	NPY1R	ok
4887	NPY2R	ok
4888	NPY6RP	ok
4889	NPY5R	ok
489	ATP2A3	ok
4891	SLC11A2	ok
4892	NRAP	ok
4893	NRAS	ok
4897	NRCAM	ok
4898	NRDC	ok
4899	NRF1	ok
49	ACR	ok
490	ATP2B1	ok
4900	NRGN	ok
4901	NRL	ok
4902	NRTN	ok
4904	YBX1	ok
4905	NSF	ok
4907	NT5E	ok
4908	NTF3	ok
4909	NTF4	ok
491	ATP2B2	ok
4913	NTHL1	ok
4914	NTRK1	ok
4915	NTRK2	ok
4916	NTRK3	ok
4917	NTN3	ok
4919	ROR1	ok
492	ATP2B3	ok
4920	ROR2	ok
4921	DDR2	ok
4922	NTS	ok
4923	NTSR1	ok
492303	GEMIN8P4	ok
492307	PPDPFL	ok
492311	IGIP	ok
4924	NUCB1	ok
4925	NUCB2	ok
4926	NUMA1	ok
4927	NUP88	ok
4928	NUP98	ok
4929	NR4A2	ok
493	ATP2B4	ok
4931	NVL	ok
4935	GPR143	ok
493753	COA5	ok
493754	RABGEF1P1	ok
4938	OAS1	ok
493812	HCG11	ok
493829	TRIM72	ok
493856	CISD2	ok
493860	CCDC73	ok
493861	EID3	ok
493869	GPX8	ok
4939	OAS2	ok
493900	TMEM9B-AS1	ok
493901	RNASE12	ok
493911	PHOSPHO2	ok
4940	OAS3	ok
494115	RBMXL1	ok
494118	SPANXN1	ok
494119	SPANXN2	ok
494127	NFYCP2	ok
494141	SLC25A51P4	ok
494143	CHAC2	ok
494188	FBXO47	ok
4942	OAT	ok
4943	TBC1D25	ok
494325	MIR376A1	ok
494326	MIR377	ok
494328	MIR379	ok
494331	MIR382	ok
494335	MIR423	ok
494337	MIR425	ok
494470	ARK2C	ok
494513	PJVK	ok
494514	TYMSOS	ok
494551	WEE2	ok
4946	OAZ1	ok
4947	OAZ2	ok
4948	OCA2	ok
495	ATP4A	ok
4951	OCM2	ok
4952	OCRL	ok
4953	ODC1	ok
4956	ODF1	ok
4957	ODF2	ok
4958	OMD	ok
496	ATP4B	ok
4967	OGDH	ok
4968	OGG1	ok
4969	OGN	ok
497049	MARK2P21	ok
497189	TIFAB	ok
497190	CLEC18B	ok
497258	BDNF-AS	ok
497259		no_symbol_in_gene_info
4973	OLR1	ok
4974	OMG	ok
4975	OMP	ok
4976	OPA1	ok
497661	C18orf32	ok
4978	OPCML	ok
498	ATP5F1A	ok
4982	TNFRSF11B	ok
4983	OPHN1	ok
4985	OPRD1	ok
49854	ZBTB21	ok
49855	SCAPER	ok
49856	WRAP73	ok
4986	OPRK1	ok
49860	CRNN	ok
49861	CLDN20	ok
4987	OPRL1	ok
4988	OPRM1	ok
4990	SIX6	ok
4992	OR1F1	ok
4993	OR2C1	ok
4994	OR3A1	ok
4995	OR3A2	ok
4998	ORC1	ok
4999	ORC2	ok
50	ACO2	ok
5000	ORC4	ok
5001	ORC5	ok
5002	SLC67A1	ok
5003	SLC67A1-AS	ok
5004	ORM1	ok
5005	ORM2	ok
5007	OSBP	ok
5008	OSM	ok
5009	OTC	ok
501	ALDH7A1	ok
5010	CLDN11	ok
5013	OTX1	ok
5015	OTX2	ok
5016	OVGP1	ok
5017	OVOL1	ok
5018	OXA1L	ok
5019	OXCT1	ok
5020	OXT	ok
5021	OXTR	ok
5023	P2RX1	ok
5024	P2RX3	ok
5025	P2RX4	ok
5026	P2RX5	ok
5027	P2RX7	ok
5028	P2RY1	ok
5029	P2RY2	ok
5030	P2RY4	ok
5031	P2RY6	ok
5032	P2RY11	ok
5033	P4HA1	ok
5034	P4HB	ok
503497	MS4A13	ok
503519	LINC00929	ok
503538	A1BG-AS1	ok
503542	SPRN	ok
503569	RGMB-AS1	ok
503582	ARGFX	ok
5036	PA2G4	ok
503618	DEFB104B	ok
503640	ARGFXP2	ok
503645	DPRXP4	ok
503693	LOH12CR2	ok
5037	PEBP1	ok
503834	DPRX	ok
503835	DUXA	ok
504191	OR9G9	ok
5042	PABPC3	ok
5045	FURIN	ok
5046	PCSK6	ok
5047	PAEP	ok
5048	PAFAH1B1	ok
50484	RRM2B	ok
50485	SMARCAL1	ok
50486	G0S2	ok
50487	PLA2G3	ok
50488	MINK1	ok
50489	CD207	ok
5049	PAFAH1B2	ok
5050	PAFAH1B3	ok
50506	DUOX2	ok
50507	NOX4	ok
50508	NOX3	ok
50509	COL5A3	ok
5051	PAFAH2	ok
50511	SYCP3	ok
50512	PODXL2	ok
50514	DELEC1	ok
50515	CHST11	ok
5052	PRDX1	ok
5053	PAH	ok
5054	SERPINE1	ok
5055	SERPINB2	ok
5058	PAK1	ok
506	ATP5F1B	ok
50604	IL20	ok
50613	UBQLN3	ok
50614	GALNT9	ok
50615	IL21R	ok
50616	IL22	ok
50617	ATP6V0A4	ok
50618	ITSN2	ok
50619	DEF6	ok
5062	PAK2	ok
50624	CUZD1	ok
50626	ZFTRAF1	ok
50628	GEMIN4	ok
5063	PAK3	ok
50632	CALY	ok
50636	ANO7	ok
5064	PALM	ok
50640	PNPLA8	ok
50649	ARHGEF4	ok
50650	ARHGEF3	ok
50651	SLC45A1	ok
50652	PCA3	ok
5066	PAM	ok
5067	CNTN3	ok
50674	NEUROG3	ok
5068	REG3A	ok
5069	PAPPA	ok
50700	RDH8	ok
5071	PRKN	ok
50717	DCAF8	ok
5073	PARN	ok
5074	PAWR	ok
5075	PAX1	ok
5076	PAX2	ok
5077	PAX3	ok
5079	PAX5	ok
5080	PAX6	ok
50801	KCNK4	ok
50804	MYEF2	ok
50805	IRX4	ok
50807	ASAP1	ok
50808	AK3	ok
50809	HP1BP3	ok
5081	PAX7	ok
50810	HDGFL3	ok
50813	COPS7A	ok
50814	NSDHL	ok
5082	PDCL	ok
5083	PAX9	ok
50831	TAS2R3	ok
50832	TAS2R4	ok
50834	TAS2R1	ok
50835	TAS2R9	ok
50836	TAS2R8	ok
50837	TAS2R7	ok
50838	TAS2R13	ok
50839	TAS2R10	ok
50840	TAS2R14	ok
50846	DHH	ok
50848	F11R	ok
50852	TRAT1	ok
50853	VILL	ok
50854	SNHG32	ok
50855	PARD6A	ok
50856	CLEC4A	ok
50859	SPOCK3	ok
50861	STMN3	ok
50862	RNF141	ok
50863	NTM	ok
50865	HEBP1	ok
5087	PBX1	ok
5089	PBX2	ok
509	ATP5F1C	ok
5090	PBX3	ok
5091	PC	ok
5092	PCBD1	ok
5093	PCBP1	ok
50937	CDON	ok
50939	IMPG2	ok
5094	PCBP2	ok
50940	PDE11A	ok
50943	FOXP3	ok
50944	SHANK1	ok
50945	TBX22	ok
5095	PCCA	ok
5096	PCCB	ok
50964	SOST	ok
5097	PCDH1	ok
5098	PCDHGC3	ok
5099	PCDH7	ok
50999	TMED5	ok
51	ACOX1	ok
5100	PCDH8	ok
51000	SLC35B3	ok
51001	MTERF3	ok
51002	TPRKB	ok
51003	MED31	ok
51004	COQ6	ok
51005	AMDHD2	ok
51006	SLC35H1	ok
51008	ASCC1	ok
51009	DERL2	ok
5101	PCDH9	ok
51010	EXOSC3	ok
51011	FAHD2A	ok
51012	PRELID3B	ok
51013	EXOSC1	ok
51014	TMED7	ok
51015	ISOC1	ok
51016	EMC9	ok
51018	RRP15	ok
51019	WASHC3	ok
51020	HDDC2	ok
51021	MRPS16	ok
51022	GLRX2	ok
51023	MRPS18C	ok
51024	FIS1	ok
51025	PAM16	ok
51026	GOLT1B	ok
51027	BOLA1	ok
51028	VPS36	ok
51029	DESI2	ok
51030	TVP23B	ok
51031	GLOD4	ok
51032	CELA2B	ok
51035	UBXN1	ok
5104	SERPINA5	ok
51042	ZNF593	ok
51043	ZBTB7B	ok
51046	ST8SIA3	ok
5105	PCK1	ok
51050	PI15	ok
51052	PRLH	ok
51053	GMNN	ok
51054	PLEKHA8P1	ok
51056	LAP3	ok
51057	WDPCP	ok
51058	ZNF691	ok
51059	FAM135B	ok
5106	PCK2	ok
51060	TXNDC12	ok
51061	TXNDC11	ok
51062	ATL1	ok
51063	CALHM2	ok
51065	RPS27L	ok
51066	SSUH2	ok
51067	YARS2	ok
51068	NMD3	ok
51069	MRPL2	ok
51070	NOSIP	ok
51071	DERA	ok
51072	MEMO1	ok
51073	MRPL4	ok
51074	APIP	ok
51075	TMX2	ok
51076	CUTC	ok
51077	FCF1	ok
51078	THAP4	ok
51079	NDUFA13	ok
5108	PCM1	ok
51081	MRPS7	ok
51082	POLR1D	ok
51083	GAL	ok
51084	CRYL1	ok
51085	MLXIPL	ok
51086	TNNI3K	ok
51087	YBX2	ok
51088	KLHL5	ok
51090	PLLP	ok
51091	SEPSECS	ok
51092	SIDT2	ok
51093	METTL25B	ok
51094	ADIPOR1	ok
51095	TRNT1	ok
51096	UTP18	ok
51097	SCCPDH	ok
51098	IFT52	ok
51099	ABHD5	ok
5110	PCMT1	ok
51100	SH3GLB1	ok
51101	ZC2HC1A	ok
51102	MECR	ok
51103	NDUFAF1	ok
51104	ABHD17B	ok
51105	PHF20L1	ok
51106	TFB1M	ok
51107	APH1A	ok
51108	METTL9	ok
51109	RDH11	ok
5111	PCNA	ok
51110	LACTB2	ok
51111	KMT5B	ok
51112	TRAPPC12	ok
51114	ZDHHC9	ok
51115	RMDN1	ok
51116	MRPS2	ok
51117	COQ4	ok
51118	UTP11	ok
51119	SBDS	ok
51121	RPL26L1	ok
51122	COMMD2	ok
51123	ZNF706	ok
51124	IER3IP1	ok
51125	GOLGA7	ok
51126	NAA20	ok
51127	TRIM17	ok
51128	SAR1B	ok
51129	ANGPTL4	ok
51130	ASB3	ok
51131	PHF11	ok
51132	RLIM	ok
51133	KCTD3	ok
51134	CEP83	ok
51135	IRAK4	ok
51136	RNFT1	ok
51138	COPS4	ok
51141	INSIG2	ok
51142	CHCHD2	ok
51143	DYNC1LI1	ok
51144	HSD17B12	ok
51146	A4GNT	ok
51147	ING4	ok
51148	CERCAM	ok
51149	MRNIP	ok
51150	SDF4	ok
51151	SLC45A2	ok
51154	MRTO4	ok
51155	JPT1	ok
51156	SERPINA10	ok
51157	ZNF580	ok
5116	PCNT	ok
51160	VPS28	ok
51161	C3orf18	ok
51162	EGFL7	ok
51163	DBR1	ok
51164	DCTN4	ok
51166	AADAT	ok
51167	CYB5R4	ok
51168	MYO15A	ok
51170	HSD17B11	ok
51171	HSD17B14	ok
51172	NAGPA	ok
51174	TUBD1	ok
51175	TUBE1	ok
51176	LEF1	ok
51177	PLEKHO1	ok
51179	HAO2	ok
5118	PCOLCE	ok
51181	DCXR	ok
51182	HSPA14	ok
51184	GPN3	ok
51185	CRBN	ok
51186	TCEAL9	ok
51187	RSL24D1	ok
51188	SS18L2	ok
5119	CHMP1A	ok
51191	HERC5	ok
51192	CKLF	ok
51193	ZNF639	ok
51194	IPO11	ok
51195	RAPGEFL1	ok
51196	PLCE1	ok
51198	CDKN2A-AS1	ok
51199	NIN	ok
51200	CPA4	ok
51201	ZDHHC2	ok
51202	DDX47	ok
51203	NUSAP1	ok
51204	TACO1	ok
51205	ACP6	ok
51206	GP6	ok
51207	DUSP13B	ok
51208	CLDN18	ok
51209	RAB9B	ok
5121	PCP4	ok
51213	LUZP4	ok
51214	IGF2-AS	ok
51218	GLRX5	ok
5122	PCSK1	ok
51222	ZNF219	ok
51224	ELOA2	ok
51225	ABI3	ok
51226	COPZ2	ok
51227	PIGP	ok
51228	GLTP	ok
51230	PHF20	ok
51231	VRK3	ok
51232	CRIM1	ok
51233	DRICH1	ok
51234	EMC4	ok
51236	HGH1	ok
51237	MZB1	ok
51239	ANKRD39	ok
51241	COX16	ok
51244	CCDC174	ok
51246	SHISA5	ok
51247	PAIP2	ok
51248	PDZD11	ok
51249	TMEM69	ok
5125	PCSK5	ok
51250	MTRES1	ok
51251	NT5C3A	ok
51252	FAM178B	ok
51253	MRPL37	ok
51255	RNF181	ok
51256	TBC1D7	ok
51257	MARCHF2	ok
51258	MRPL51	ok
51259	TMEM216	ok
5126	PCSK2	ok
51260	PBDC1	ok
51263	MRPL30	ok
51264	MRPL27	ok
51265	CDKL3	ok
51266	CLEC1B	ok
51267	CLEC1A	ok
51268	PIPOX	ok
5127	CDK16	ok
51270	TFDP3	ok
51271	UBAP1	ok
51272	BET1L	ok
51274	KLF3	ok
51275	MAPKAPK5-AS1	ok
51276	ZNF571	ok
51277	DNAJC27	ok
51278	IER5	ok
51279	C1RL	ok
5128	CDK17	ok
51280	GOLM1	ok
51281	ANKMY1	ok
51282	SCAND1	ok
51283	BFAR	ok
51284	TLR7	ok
51285	RASL12	ok
51286	CEND1	ok
51287	COA4	ok
51289	RXFP3	ok
5129	CDK18	ok
51290	ERGIC2	ok
51291	GMIP	ok
51292	GMPR2	ok
51293	CD320	ok
51294	PCDH12	ok
51295	ECSIT	ok
51296	SLC15A3	ok
51297	BPIFA1	ok
51298	SPMAP2	ok
51299	NRN1	ok
513	ATP5F1D	ok
5130	PCYT1A	ok
51300	TIMMDC1	ok
51301	GCNT4	ok
51302	CYP39A1	ok
51303	FKBP11	ok
51304	ZDHHC3	ok
51305	KCNK9	ok
51306	FAM13B	ok
51307	FAM53C	ok
51308	REEP2	ok
51309	ARMCX1	ok
51310	SLC22A17	ok
51311	TLR8	ok
51312	SLC25A37	ok
51313	GASK1B	ok
51314	NME8	ok
51315	KRCC1	ok
51316	PLAC8	ok
51317	PHF21A	ok
51318	MRPL35	ok
51319	RSRC1	ok
5132	PDC	ok
51320	MEX3C	ok
51321	AMZ2	ok
51322	WAC	ok
51324	SPG21	ok
51326	ARL17A	ok
51327	AHSP	ok
51329	ARL6IP4	ok
5133	PDCD1	ok
51330	TNFRSF12A	ok
51332	SPTBN5	ok
51333	ZNF771	ok
51334	PRR16	ok
51335	NGRN	ok
51337	THEM6	ok
51338	MS4A4A	ok
51339	DACT1	ok
5134	PDCD2	ok
51340	CRNKL1	ok
51341	ZBTB7A	ok
51343	FZR1	ok
51347	TAOK3	ok
51348	KLRF1	ok
51350	KRT76	ok
51351	ZNF117	ok
51352	WT1-AS	ok
5136	PDE1A	ok
51360	MBTPS2	ok
51361	HOOK1	ok
51362	CDC40	ok
51363	CHST15	ok
51364	ZMYND10	ok
51365	PLA1A	ok
51366	UBR5	ok
51367	POP5	ok
51368	TEX264	ok
5137	PDE1C	ok
51371	POMP	ok
51372	TMA7	ok
51373	MRPS17	ok
51374	ATRAID	ok
51375	SNX7	ok
51377	UCHL5	ok
51378	ANGPT4	ok
51379	CRLF3	ok
5138	PDE2A	ok
51380	CSAD	ok
51382	ATP6V1D	ok
51384	WNT16	ok
51385	ZNF589	ok
51386	EIF3L	ok
51388	NIP7	ok
51389	RWDD1	ok
5139	PDE3A	ok
51390	AIG1	ok
51393	TRPV2	ok
51397	COMMD10	ok
51398	WDR83OS	ok
51399	TRAPPC4	ok
514	ATP5F1E	ok
5140	PDE3B	ok
51400	PPME1	ok
51406	NOL7	ok
51409	HEMK1	ok
5141	PDE4A	ok
51411	BIN2	ok
51412	ACTL6B	ok
5142	PDE4B	ok
51421	AMOTL2	ok
51422	PRKAG2	ok
51426	POLK	ok
51427	ZNF107	ok
51428	DDX41	ok
51429	SNX9	ok
5143	PDE4C	ok
51430	SUCO	ok
51433	ANAPC5	ok
51434	ANAPC7	ok
51435	SCARA3	ok
51438	MAGEC2	ok
51439	FAM8A1	ok
5144	PDE4D	ok
51440	HPCAL4	ok
51441	YTHDF2	ok
51442	VGLL1	ok
51444	RNF138	ok
51447	IP6K2	ok
51449	PCYOX1	ok
5145	PDE6A	ok
51450	PRRX2	ok
51451	LCMT1	ok
51454	GULP1	ok
51455	REV1	ok
51458	RHCG	ok
5146	PDE6C	ok
51460	SFMBT1	ok
51463	GPHRB	ok
51465	UBE2J1	ok
51466	EVL	ok
5147	PDE6D	ok
51473	DCDC2	ok
51474	LIMA1	ok
51475	CABP2	ok
51477	ISYNA1	ok
51478	HSD17B7	ok
51479	ANKFY1	ok
5148	PDE6G	ok
51480	VCX2	ok
51481	VCX3A	ok
5149	PDE6H	ok
51490	SPOUT1	ok
51491	NOP16	ok
51493	RTCB	ok
51495	HACD3	ok
51496	CTDSPL2	ok
51497	NELFCD	ok
51499	TRIAP1	ok
515	ATP5PB	ok
5150	PDE7A	ok
51501	HIKESHI	ok
51503	CWC15	ok
51504	TRMT112	ok
51506	UFC1	ok
51507	RTF2	ok
5151	PDE8A	ok
51510	CHMP5	ok
51512	GTSE1	ok
51513	ETV7	ok
51514	DTL	ok
51517	NCKIPSD	ok
5152	PDE9A	ok
51520	LARS1	ok
51522	TMEM14C	ok
51523	CXXC5	ok
51524	TMEM138	ok
51526	OSER1	ok
51527	GSKIP	ok
51528	JKAMP	ok
51529	ANAPC11	ok
5153	PDE1B	ok
51530	ZC3HC1	ok
51531	TRMO	ok
51533	PHF7	ok
51534	VTA1	ok
51535	PPHLN1	ok
51537	MTFP1	ok
51538	ZCCHC17	ok
5154	PDGFA	ok
51540	SCLY	ok
51542	VPS54	ok
51545	ZNF581	ok
51547	SIRT7	ok
51548	SIRT6	ok
5155	PDGFB	ok
51550	CINP	ok
51552	RAB14	ok
51554	ACKR4	ok
51555	PEX5L	ok
51557	LGSN	ok
51559	NT5DC3	ok
5156	PDGFRA	ok
51560	RAB6B	ok
51561	IL23A	ok
51562	MBIP	ok
51564	HDAC7	ok
51566	ARMCX3	ok
51567	TDP2	ok
51569	UFM1	ok
5157	PDGFRL	ok
51571	CYRIB	ok
51573	GDE1	ok
51574	LARP7	ok
51575	ESF1	ok
5158	PDE6B	ok
51582	AZIN1	ok
51585	PCF11	ok
51586	MED15	ok
51588	PIAS4	ok
5159	PDGFRB	ok
51592	TRIM33	ok
51593	SRRT	ok
51594	NBAS	ok
51596	CUTA	ok
51599	LSR	ok
516	ATP5MC1	ok
5160	PDHA1	ok
51601	LIPT1	ok
51602	NOP58	ok
51603	METTL13	ok
51604	PIGT	ok
51605	TRMT6	ok
51606	ATP6V1H	ok
51608	GET4	ok
5161	PDHA2	ok
51611	DPH5	ok
51614	ERGIC3	ok
51616	TAF9B	ok
51617	NSG2	ok
51619	UBE2D4	ok
5162	PDHB	ok
51621	KLF13	ok
51622	CCZ1	ok
51626	DYNC2LI1	ok
51629	SLC25A39	ok
5163	PDK1	ok
51631	LUC7L2	ok
51633	OTUD6B	ok
51634	RBMX2	ok
51635	DHRS7	ok
51637	RTRAF	ok
51639	SF3B6	ok
5164	PDK2	ok
51642	MRPL48	ok
51643	TMBIM4	ok
51645	PPIL1	ok
51646	YPEL5	ok
51647	CIAO2B	ok
51649	MRPS23	ok
5165	PDK3	ok
51650	MRPS33	ok
51651	PTRH2	ok
51652	CHMP3	ok
51654	CDK5RAP1	ok
51655	RASD1	ok
51657	STYXL1	ok
51659	GINS2	ok
5166	PDK4	ok
51660	MPC1	ok
51661	FKBP7	ok
51663	ZFR	ok
51665	ASB1	ok
51666	ASB4	ok
51667	NUB1	ok
51668	IFT25	ok
51669	SARAF	ok
5167	ENPP1	ok
51673	TPPP3	ok
51676	ASB2	ok
51678	PALS2	ok
5168	ENPP2	ok
51684	SUFU	ok
51686	OAZ3	ok
5169	ENPP3	ok
51690	LSM7	ok
51691	LSM8	ok
51692	CPSF3	ok
51693	TRAPPC2L	ok
51696	HECA	ok
51699	VPS29	ok
517	ATP5MC2	ok
5170	PDPK1	ok
51700	CYB5R2	ok
51701	NLK	ok
51702	PADI3	ok
51703	ACSL5	ok
51704	GPRC5B	ok
51705	EMCN	ok
51706	CYB5R1	ok
51710	ZNF44	ok
51714	SELENOT	ok
51715	RAB23	ok
51716	CES1P1	ok
51719	CAB39	ok
5172	SLC26A4	ok
51720	UIMC1	ok
51725	FBXO40	ok
51726	DNAJB11	ok
51727	CMPK1	ok
51728	POLR3K	ok
51729	WBP11	ok
5173	PDYN	ok
51733	UPB1	ok
51734	MSRB1	ok
51735	RAPGEF6	ok
51738	GHRL	ok
5174	PDZK1	ok
51741	WWOX	ok
51742	ARID4B	ok
51744	CD244	ok
51747	LUC7L3	ok
5175	PECAM1	ok
51750	RTEL1	ok
51751	HIGD1B	ok
51752	ERAP1	ok
51754	TMEM8B	ok
51755	CDK12	ok
51759	C9orf78	ok
5176	SERPINF1	ok
51760	SYT17	ok
51761	ATP8A2	ok
51762	RAB8B	ok
51763	INPP5K	ok
51764	GNG13	ok
51765	STK26	ok
51768	TM7SF3	ok
51773	RSF1	ok
51776	MAP3K20	ok
51778	MYOZ2	ok
5178	PEG3	ok
51780	KDM3B	ok
5179	PENK	ok
518	ATP5MC3	ok
51802	ASIC5	ok
51804	SIX4	ok
51805	COQ3	ok
51806	CALML5	ok
51807	TUBA8	ok
51808	PHAX	ok
51809	GALNT7	ok
51816	ADA2	ok
5184	PEPD	ok
5187	PER1	ok
5188	GATB	ok
5189	PEX1	ok
5190	PEX6	ok
5191	PEX7	ok
5192	PEX10	ok
5193	PEX12	ok
5194	PEX13	ok
5195	PEX14	ok
5196	PF4	ok
5197	PF4V1	ok
5198	PFAS	ok
5199	CFP	ok
52	ACP1	ok
5201	PFDN1	ok
5202	PFDN2	ok
5203	PFDN4	ok
5204	PFDN5	ok
5205	ATP8B1	ok
5207	PFKFB1	ok
5208	PFKFB2	ok
5209	PFKFB3	ok
521	ATP5ME	ok
5210	PFKFB4	ok
5211	PFKL	ok
5212	VIT	ok
5213	PFKM	ok
5214	PFKP	ok
5216	PFN1	ok
5217	PFN2	ok
5218	CDK14	ok
522	ATP5PF	ok
5222	PGA5	ok
5223	PGAM1	ok
5224	PGAM2	ok
5225	PGC	ok
5226	PGD	ok
5228	PGF	ok
5229	PGGT1B	ok
523	ATP6V1A	ok
5230	PGK1	ok
5232	PGK2	ok
5236	PGM1	ok
5238	PGM3	ok
5239	PGM5	ok
5241	PGR	ok
5243	ABCB1	ok
5244	ABCB4	ok
5245	PHB1	ok
525	ATP6V1B1	ok
5250	SLC25A3	ok
5251	PHEX	ok
5252	PHF1	ok
5253	PHF2	ok
5255	PHKA1	ok
5256	PHKA2	ok
5257	PHKB	ok
526	ATP6V1B2	ok
5260	PHKG1	ok
5261	PHKG2	ok
5264	PHYH	ok
5265	SERPINA1	ok
5266	PI3	ok
5267	SERPINA4	ok
5268	SERPINB5	ok
5269	SERPINB6	ok
527	ATP6V0C	ok
5270	SERPINE2	ok
5271	SERPINB8	ok
5272	SERPINB9	ok
5273	SERPINB10	ok
5274	SERPINI1	ok
5275	SERPINB13	ok
5276	SERPINI2	ok
5277	PIGA	ok
5279	PIGC	ok
528	ATP6V1C1	ok
5281	PIGF	ok
5283	PIGH	ok
5284	PIGR	ok
5286	PIK3C2A	ok
5287	PIK3C2B	ok
5288	PIK3C2G	ok
5289	PIK3C3	ok
529	ATP6V1E1	ok
5290	PIK3CA	ok
5291	PIK3CB	ok
5292	PIM1	ok
5293	PIK3CD	ok
5294	PIK3CG	ok
5295	PIK3R1	ok
5296	PIK3R2	ok
5297	PI4KA	ok
5298	PI4KB	ok
53	ACP2	ok
5300	PIN1	ok
5301	PIN1P1	ok
5303	PIN4	ok
5304	PIP	ok
5305	PIP4K2A	ok
5306	PITPNA	ok
5307	PITX1	ok
5308	PITX2	ok
5309	PITX3	ok
5310	PKD1	ok
5311	PKD2	ok
5313	PKLR	ok
5314	PKHD1	ok
5315	PKM	ok
5316	PKNOX1	ok
5317	PKP1	ok
5318	PKP2	ok
5319	PLA2G1B	ok
5320	PLA2G2A	ok
5321	PLA2G4A	ok
5322	PLA2G5	ok
5324	PLAG1	ok
5325	PLAGL1	ok
5326	PLAGL2	ok
5327	PLAT	ok
5328	PLAU	ok
5329	PLAUR	ok
533	ATP6V0B	ok
5330	PLCB2	ok
5331	PLCB3	ok
5332	PLCB4	ok
5333	PLCD1	ok
53335	BCL11A	ok
53336	CPXCR1	ok
53339	BTBD1	ok
5334	PLCL1	ok
53340	SPA17	ok
53342	IL17D	ok
53343	NUDT9	ok
53344	CHIC1	ok
53345	TM6SF2	ok
53346	TM6SF1	ok
53347	UBASH3A	ok
53349	ZFYVE1	ok
5335	PLCG1	ok
53353	LRP1B	ok
53354	PANK1	ok
53358	SHC3	ok
5336	PLCG2	ok
5337	PLD1	ok
53371	NUP54	ok
53373	TPCN1	ok
5338	PLD2	ok
5339	PLEC	ok
534	ATP6V1G2	ok
5340	PLG	ok
53405	CLIC5	ok
53407	STX18	ok
5341	PLEK	ok
5342	PLGLB2	ok
5345	SERPINF2	ok
5346	PLIN1	ok
5347	PLK1	ok
5348	FXYD1	ok
5349	FXYD3	ok
535	ATP6V0A1	ok
5350	PLN	ok
5351	PLOD1	ok
5352	PLOD2	ok
5354	PLP1	ok
5355	PLP2	ok
5356	PLRG1	ok
5357	PLS1	ok
5358	PLS3	ok
5359	PLSCR1	ok
5360	PLTP	ok
5361	PLXNA1	ok
53615	MBD3	ok
53616	ADAM22	ok
5362	PLXNA2	ok
53630	BCO1	ok
53632	PRKAG3	ok
53635	PTOV1	ok
53637	S1PR5	ok
5364	PLXNB1	ok
5365	PLXNB3	ok
5366	PMAIP1	ok
5367	PMCH	ok
5368	PNOC	ok
537	ATP6AP1	ok
5370	PMCHL2	ok
5371	PML	ok
5372	PMM1	ok
5373	PMM2	ok
5375	PMP2	ok
5376	PMP22	ok
5378	PMS1	ok
5379	PMS2P1	ok
538	ATP7A	ok
5380	PMS2P2	ok
5382	PMS2P4	ok
53820	RIPPLY3	ok
53822	FXYD7	ok
53826	FXYD6	ok
53827	FXYD5	ok
53828	FXYD4	ok
53829	P2RY13	ok
5383	PMS2P5	ok
53831	GPR84	ok
53832	IL20RA	ok
53833	IL20RB	ok
53834	FGFRL1	ok
53836	GPR87	ok
53838	C11orf24	ok
53840	TRIM34	ok
53841	CDHR5	ok
5387	PMS2P3	ok
539	ATP5PO	ok
53904	MYO3A	ok
53905	DUOX1	ok
53916	RAB4B	ok
53917	RAB24	ok
53918	PELO	ok
53919	SLCO1C1	ok
5393	EXOSC9	ok
53938	PPIL3	ok
5394	EXOSC10	ok
53940	FTHL17	ok
53942	CNTN5	ok
53944	CSNK1G1	ok
53947	A4GALT	ok
5395	PMS2	ok
5396	PRRX1	ok
53981	CPSF2	ok
54	ACP5	ok
540	ATP7B	ok
54014	BRWD1	ok
54020	SLC37A1	ok
54033	RBM11	ok
54039	PCBP3	ok
54058	C21orf58	ok
54059	YBEY	ok
5406	PNLIP	ok
54064	LINC00160	ok
54065	SMIM11	ok
54067	EPCIP-AS1	ok
54069	MIS18A	ok
5407	PNLIPRP1	ok
54072	LINC00158	ok
54075	LINC03147	ok
5408	PNLIPRP2	ok
54084	TSPEAR	ok
54088	LINC00113	ok
54089	LINC00112	ok
5409	PNMT	ok
54090	LINC00111	ok
54093	SETD4	ok
54094		no_symbol_in_gene_info
54097	FAM3B	ok
54101	RIPK4	ok
54102	CLIC6	ok
54103	GSAP	ok
54106	TLR9	ok
54107	POLE3	ok
54108	CHRAC1	ok
5411	PNN	ok
54112	GPR88	ok
5412	UBL3	ok
5413	SEPTIN5	ok
5414	SEPTIN4	ok
54143	LINC00308	ok
541466	CT45A1	ok
541468	LURAP1	ok
541471	MIR4435-2HG	ok
541473	FKBP6P2	ok
54148	MRPL39	ok
54149	C21orf91	ok
541565	C8orf58	ok
541578	EOLA2	ok
54165	DCUN1D1	ok
54187	NANS	ok
5420	PODXL	ok
54205	CYCS	ok
54206	ERRFI1	ok
54207	KCNK10	ok
54209	TREM2	ok
54210	TREM1	ok
54212	SNTG1	ok
5422	POLA1	ok
54221	SNTG2	ok
5423	POLB	ok
5424	POLD1	ok
5425	POLD2	ok
5426	POLE	ok
5427	POLE2	ok
542767	PCOTH	ok
5428	POLG	ok
5429	POLH	ok
5430	POLR2A	ok
5431	POLR2B	ok
5432	POLR2C	ok
54328	GPR173	ok
54329	GPR85	ok
5433	POLR2D	ok
54331	GNG2	ok
54332	GDAP1	ok
5434	POLR2E	ok
54344	DPM3	ok
54345	SOX18	ok
54346	UNC93A	ok
5435	POLR2F	ok
5436	POLR2G	ok
54360	CYTL1	ok
54361	WNT4	ok
54363	HAO1	ok
5437	POLR2H	ok
5438	POLR2I	ok
54386	TERF2IP	ok
5439	POLR2J	ok
5440	POLR2K	ok
54407	SLC38A2	ok
5441	POLR2L	ok
54413	NLGN3	ok
54414	SIAE	ok
5442	POLRMT	ok
54429	TAS2R5	ok
5443	POMC	ok
54431	DNAJC10	ok
54432	YIPF1	ok
54433	GAR1	ok
54434	SSH1	ok
54435	HCG4	ok
54436	SH3TC1	ok
54437	SEMA5B	ok
54438	GFOD1	ok
54439	RBM27	ok
5444	PON1	ok
54440	SASH3	ok
54441	STAG3L1	ok
54442	KCTD5	ok
54443	ANLN	ok
5445	PON2	ok
54453	RIN2	ok
54454	ATAD2B	ok
54455	FBXO42	ok
54456	MOV10L1	ok
54457	TAF7L	ok
54458	PRR13	ok
5446	PON3	ok
54460	MRPS21	ok
54461	FBXW5	ok
54462	CCSER2	ok
54463	RETREG1	ok
54464	XRN1	ok
54465	ETAA1	ok
54466	SPIN2A	ok
54467	ANKIB1	ok
54468	MIOS	ok
54469	ZFAND6	ok
5447	POR	ok
54470	ARMCX6	ok
54471	MIEF1	ok
54472	TOLLIP	ok
54474	KRT20	ok
54475	NLE1	ok
54476	RNF216	ok
54477	PLEKHA5	ok
54478	PIMREG	ok
54480	CHPF2	ok
54482	TRMT13	ok
54487	DGCR8	ok
5449	POU1F1	ok
54490	UGT2B28	ok
54491	OTULINL	ok
54492	NEURL1B	ok
54494	C11orf71	ok
54495	TMX3	ok
54496	PRMT7	ok
54497	HEATR5B	ok
54498	SMOX	ok
54499	TMCO1	ok
545	ATR	ok
5450	POU2AF1	ok
54502	RBM47	ok
54503	ZDHHC13	ok
54504	CPVL	ok
54505	DHX29	ok
54507	ADAMTSL4	ok
54508	EPB41L4A-DT	ok
54509	RHOF	ok
5451	POU2F1	ok
54510	PCDH18	ok
54511	HMGCLL1	ok
54512	EXOSC4	ok
54514	DDX4	ok
54516	MTRF1L	ok
54517	PUS7	ok
54518	APBB1IP	ok
5452	POU2F2	ok
54520	CCDC93	ok
54521	WDR44	ok
54522	ANKRD16	ok
54529	ASNSD1	ok
5453	POU3F1	ok
54531	MIER2	ok
54532	USP53	ok
54534	MRPL50	ok
54535	CCHCR1	ok
54536	EXOC6	ok
54537	SHLD2	ok
54538	ROBO4	ok
54539	NDUFB11	ok
5454	POU3F2	ok
54540	FAM193B	ok
54541	DDIT4	ok
54542	RC3H2	ok
54543	TOMM7	ok
54544	CRCT1	ok
54545	MTMR12	ok
54546	RNF186	ok
54549	SDK2	ok
5455	POU3F3	ok
54550	NECAB2	ok
54551	MAGEL2	ok
54552	GNL3L	ok
54553	MIR4453HG	ok
54554	WDR5B	ok
54555	DDX49	ok
54556	ING3	ok
54557	SGTB	ok
54558	SPATA6	ok
5456	POU3F4	ok
54566	EPB41L4B	ok
54567	DLL4	ok
5457	POU4F1	ok
54575	UGT1A10	ok
54576	UGT1A8	ok
54577	UGT1A7	ok
54578	UGT1A6	ok
54579	UGT1A5	ok
5458	POU4F2	ok
54581	SCAND2P	ok
54583	EGLN1	ok
54584	GNB1L	ok
54585	LZTFL1	ok
54586	EQTN	ok
54587	MXRA8	ok
5459	POU4F3	ok
54596	L1TD1	ok
546	ATRX	ok
5460	POU5F1	ok
54600	UGT1A9	ok
54602	NDFIP2	ok
54606	DDX56	ok
54617	INO80	ok
54619	CCNJ	ok
5462	POU5F1B	ok
54620	FBXL19	ok
54621	VSIG10	ok
54622	ARL15	ok
54623	PAF1	ok
54625	PARP14	ok
54626	HES2	ok
54627	MAP10	ok
54629	MINDY2	ok
5463	POU6F1	ok
5464	PPA1	ok
5465	PPARA	ok
54657	UGT1A4	ok
54658	UGT1A1	ok
54659	UGT1A3	ok
54660	PCDHB18P	ok
54661	PCDHB17P	ok
54662	TBC1D13	ok
54663	WDR74	ok
54664	TMEM106B	ok
54665	RSBN1	ok
5467	PPARD	ok
54674	LRRN3	ok
54675	CRLS1	ok
54676	GTPBP2	ok
54677	CROT	ok
5468	PPARG	ok
54680	ZNHIT6	ok
54681	P4HTM	ok
54682	MANSC1	ok
5469	MED1	ok
547	KIF1A	ok
5470	PPEF2	ok
54700	RRN3	ok
54704	PDP1	ok
54707	GPN2	ok
54708	MARCHF5	ok
5471	PPAT	ok
54714	CNGB3	ok
54715	RBFOX1	ok
54716	SLC6A20	ok
54718	BTN2A3P	ok
54726	OTUD4	ok
5473	PPBP	ok
54732	TMED9	ok
54733	SLC35F2	ok
54734	RAB39A	ok
54737	MPHOSPH8	ok
54738	FEV	ok
54739	XAF1	ok
54741	LEPROT	ok
54742	LY6K	ok
54749	EPDR1	ok
5475	PPEF1	ok
54751	FBLIM1	ok
54752	FNDC8	ok
54753	ZNF853	ok
54754	NUTM2F	ok
54756	IL17RD	ok
54757	FAM20A	ok
54758	KLHDC4	ok
5476	CTSA	ok
54760	PCSK4	ok
54762	GRAMD1C	ok
54763	ROPN1	ok
54764	ZRANB1	ok
54765	TRIM44	ok
54766	BTG4	ok
54768	HYDIN	ok
54769	DIRAS2	ok
54776	PPP1R12C	ok
54777	CFAP46	ok
54778	RNF111	ok
5478	PPIA	ok
54780	NSMCE4A	ok
54784	ALKBH4	ok
54785	BORCS6	ok
54788	DNAJB12	ok
5479	PPIB	ok
54790	TET2	ok
54793	KCTD9	ok
54795	TRPM4	ok
54796	BNC2	ok
54797	MED18	ok
54798	DCHS2	ok
54799	MBTD1	ok
5480	PPIC	ok
54800	KLHL24	ok
54801	HAUS6	ok
54802	TRIT1	ok
54805	CNNM2	ok
54806	AHI1	ok
54807	ZNF586	ok
54808	DYM	ok
54809	SAMD9	ok
5481	PPID	ok
54810	GIPC2	ok
54811	ZNF562	ok
54812	AFTPH	ok
54813	KLHL28	ok
54814	QPCTL	ok
54815	GATAD2A	ok
54816	ZNF280D	ok
54819	ZCCHC10	ok
54820	NDE1	ok
54821	ERCC6L	ok
54822	TRPM7	ok
54823	SWT1	ok
54825	CDHR2	ok
54826	GIN1	ok
54827	NXPE4	ok
54828	BCAS3	ok
54829	ASPN	ok
54830	NUP62CL	ok
54831	BEST2	ok
54832	VPS13C	ok
548321		no_symbol_in_gene_info
54834	GDAP2	ok
54836	BSPRY	ok
54838	WBP1L	ok
54839	LRRC49	ok
54840	APTX	ok
54841	BIVM	ok
54842	MFSD6	ok
54843	SYTL2	ok
54845	ESRP1	ok
54847	SIDT1	ok
54848	ARHGEF38	ok
54849	DEF8	ok
54850	FBXL12	ok
54851	ANKRD49	ok
54852	PAQR5	ok
54853	WDR55	ok
54854	SACK1E	ok
54855	TENT5C	ok
54856	GON4L	ok
54857	GDPD2	ok
54858	PGPEP1	ok
54859	ELP6	ok
548593	SLX1A	ok
548596	CKMT1A	ok
54860	MS4A12	ok
54861	SNRK	ok
54862	CC2D1A	ok
54863	TOR4A	ok
548644	POLR2J3	ok
548645	DNAJC25	ok
54865	GPATCH4	ok
54866	PPP1R14D	ok
54867	TMEM214	ok
54868	SLC38A12	ok
54869	EPS8L1	ok
54870	QRICH1	ok
54872	PIGG	ok
54873	PALMD	ok
54874	FNBP1L	ok
54875	CNTLN	ok
54876	DCAF16	ok
54877	ZCCHC2	ok
54878	DPP8	ok
54879	ST7L	ok
54880	BCOR	ok
54881	TEX10	ok
54882	ANKHD1	ok
54883	CWC25	ok
54884	RETSAT	ok
54885	TBC1D8B	ok
54886	PLPPR1	ok
54887	BLTP3A	ok
54888	NSUN2	ok
54890	ALKBH5	ok
54891	INO80D	ok
54892	NCAPG2	ok
54893	MTMR10	ok
54894	RNF43	ok
54896	SLC66A1	ok
54897	CASZ1	ok
54898	ELOVL2	ok
54899	PXK	ok
549	AUH	ok
54900	LAX1	ok
54901	CDKAL1	ok
54902	TTC19	ok
54903	MKS1	ok
54904	NSD3	ok
54905	CYP2W1	ok
54906	TASOR2	ok
54908	SPDL1	ok
54910	SEMA4C	ok
54913	RPP25	ok
54914	FOCAD	ok
54915	YTHDF1	ok
54916	TMEM260	ok
54918	CMTM6	ok
54919	DNAAF5	ok
54920	DUS2	ok
54921	CHTF8	ok
54922	RASIP1	ok
54923	LIME1	ok
54925	ZSCAN32	ok
54926	UBE2R2	ok
54927	CHCHD3	ok
54928	BPNT2	ok
54929	TMEM161A	ok
5493	PPL	ok
54930	HAUS4	ok
54931	TRMT10C	ok
54932	EXD3	ok
54933	RHBDL2	ok
54934	KANSL2	ok
54935	DUSP23	ok
54936	ADPRS	ok
54938	SARS2	ok
54939	COMMD4	ok
5494	PPM1A	ok
54940	OCIAD1	ok
54941	RNF125	ok
54942	ABITRAM	ok
54943	DNAJC28	ok
54946	SLC41A3	ok
54947	LPCAT2	ok
54948	MRPL16	ok
54949	SDHAF2	ok
5495	PPM1B	ok
54951	COMMD8	ok
54952	TRNAU1AP	ok
54953	ODR4	ok
54954	FAM120C	ok
54955	AIRIM	ok
54956	PARP16	ok
54957	TXNL4B	ok
54958	TMEM160	ok
54959	ODAM	ok
5496	PPM1G	ok
54960	GEMIN8	ok
54961	SSH3	ok
54962	TIPIN	ok
54963	UCKL1	ok
54964	C1orf56	ok
54965	PIGX	ok
54967	CT55	ok
54968	TMEM70	ok
54969	HPF1	ok
54970	TTC12	ok
54971	BANP	ok
54972	TMEM132A	ok
54973	INTS11	ok
54974	THG1L	ok
54976	ADISSP	ok
54977	SLC25A38	ok
54978	SLC35F6	ok
54979	PLAAT2	ok
5498	PPOX	ok
54980	C2orf42	ok
54981	NMRK1	ok
54982	CLN6	ok
54984	PINX1	ok
54985	HCFC1R1	ok
54986	ULK4	ok
54987	CZIB	ok
54988	ACSM5	ok
54989	ZNF770	ok
5499	PPP1CA	ok
54991	C1orf159	ok
54993	ZSCAN2	ok
54994	GID8	ok
54995	OXSM	ok
54996	MTARC2	ok
54997	TESC	ok
54998	AURKAIP1	ok
55	ACP3	ok
550	AUP1	ok
5500	PPP1CB	ok
55000	TUG1	ok
55001	TTC22	ok
55002	SLC9D1	ok
55003	PAK1IP1	ok
55004	LAMTOR1	ok
55005	RMND1	ok
55006	TRMT61B	ok
55007	SIRAL2	ok
55008	HERC6	ok
55009	FAM174C	ok
5501	PPP1CC	ok
55010	PARPBP	ok
55011	PIH1D1	ok
550112	UBA6-DT	ok
550113		no_symbol_in_gene_info
55012	PPP2R3C	ok
55013	MCUB	ok
55014	STX17	ok
55015	PRPF39	ok
55016	MARCHF1	ok
55017	C14orf119	ok
55018	ANKRD40CL	ok
5502	PPP1R1A	ok
55020	TTC38	ok
55022	PID1	ok
55023	PHIP	ok
55024	BANK1	ok
55026	TMEM255A	ok
55027	HEATR3	ok
55028	MTNAP1	ok
55030	FBXO34	ok
55031	USP47	ok
55032	SLC35A5	ok
55033	FKBP14	ok
55034	MOCOS	ok
55035	NOL8	ok
55036	CCDC40	ok
55037	PTCD3	ok
55038	CDCA4	ok
55039	TYW2	ok
5504	PPP1R2	ok
55040	EPN3	ok
55041	PLEKHB2	ok
55048	VPS37C	ok
55049	REX1BD	ok
55051	NRDE2	ok
55052	MRPL20	ok
55054	ATG16L1	ok
55055	ZWILCH	ok
55056	GABPB1-IT1	ok
55057	CRYBG2	ok
5506	PPP1R3A	ok
55061	SUSD4	ok
55062	WIPI1	ok
55063	ZCWPW1	ok
550631	CCDC157	ok
55064	SPATA6L	ok
550643	NBDY	ok
55065	SLC52A1	ok
55066	PDPR	ok
55068	ENOX1	ok
55069	TMEM248	ok
5507	PPP1R3C	ok
55070	DET1	ok
55071	C9orf40	ok
55072	RNF31	ok
55073	LRRC37A4P	ok
55074	OXR1	ok
55075	UACA	ok
55076	TMEM45A	ok
55079	FEZF2	ok
55080	TAPBPL	ok
55081	IFT57	ok
55082	ARGLU1	ok
55083	KIF26B	ok
55084	SOBP	ok
55086	RADX	ok
55088	CCDC186	ok
55089	SLC38A4	ok
5509	PPP1R3D	ok
55090	MED9	ok
55092	TMEM51	ok
55093	NTAQ1	ok
55094	GPATCH1	ok
55095	SAMD4B	ok
55096	EBLN2	ok
551	AVP	ok
5510	PPP1R7	ok
55100	WDR70	ok
55101	DMAC2	ok
55102	ATG2B	ok
55103	RALGPS2	ok
55105	GPATCH2	ok
55106	SLFN12	ok
55107	ANO1	ok
55108	BSDC1	ok
55109	AGGF1	ok
5511	PPP1R8	ok
55110	MAGOHB	ok
55111	PLEKHJ1	ok
55112	DYNC2I1	ok
55113	XKR8	ok
55114	ARHGAP17	ok
55116	TMEM39B	ok
55117	SLC6A15	ok
55118	CRTAC1	ok
55119	PRPF38B	ok
55120	FANCL	ok
55122	AKIRIN2	ok
55124	PIWIL2	ok
55125	CEP192	ok
55127	HEATR1	ok
55128	TRIM68	ok
55129	ANO10	ok
55130	ODAD2	ok
55131	RBM28	ok
55132	LARP1B	ok
55133	SRBD1	ok
55135	WRAP53	ok
55137	FIGN	ok
55138	FAM90A1	ok
55139	ANKZF1	ok
5514	PPP1R10	ok
55140	ELP3	ok
55142	HAUS2	ok
55143	CDCA8	ok
55144	LRRC8D	ok
55145	THAP1	ok
55146	ZDHHC4	ok
55147	RBM23	ok
55148	UBR7	ok
55149	MTPAP	ok
5515	PPP2CA	ok
55150	C19orf73	ok
55151	TMEM38B	ok
55152	DALRD3	ok
55153	SDAD1	ok
55154	MSTO1	ok
55156	ARMC1	ok
55157	DARS2	ok
55159	RFWD3	ok
5516	PPP2CB	ok
55160	ARHGEF10L	ok
55161	TMEM33	ok
55163	PNPO	ok
55164	SHQ1	ok
55165	CEP55	ok
55166	CENPQ	ok
55167	MSL2	ok
55168	MRPS18A	ok
55170	PRMT6	ok
55171	TBCCD1	ok
55172	DNAAF2	ok
55173	MRPS10	ok
55174	INTS10	ok
55175	KLHL11	ok
55176	SEC61A2	ok
55177	RMDN3	ok
55178	MRM3	ok
55179	FAIM	ok
5518	PPP2R1A	ok
55180	LINS1	ok
55181	SMG8	ok
55182	RNF220	ok
55183	RIF1	ok
55184	DZANK1	ok
55186	SLC25A36	ok
55187	VPS13D	ok
55188	RIC8B	ok
5519	PPP2R1B	ok
55190	NUDT11	ok
55191	NADSYN1	ok
55192	DNAJC17	ok
55193	PBRM1	ok
55194	EVA1B	ok
55195	CCDC198	ok
55196	RESF1	ok
55197	RPRD1A	ok
55198	APPL2	ok
55199	FAM86C1P	ok
552	AVPR1A	ok
5520	PPP2R2A	ok
55200	PLEKHG6	ok
55201	MAP1S	ok
55203	LGI2	ok
55204	GOLPH3L	ok
55205	ZNF532	ok
55206	SBNO1	ok
55207	ARL8B	ok
55208	DCUN1D2	ok
55209	SETD5	ok
5521	PPP2R2B	ok
55210	ATAD3A	ok
55211	DPPA4	ok
55212	BBS7	ok
55213	RCBTB1	ok
55214	P3H2	ok
55215	FANCI	ok
55216	NKAPD1	ok
55217	TMLHE	ok
55218	EXD2	ok
55219	MACO1	ok
5522	PPP2R2C	ok
55220	KLHDC8A	ok
55222	LRRC20	ok
55223	TRIM62	ok
55224	ETNK2	ok
55225	RAVER2	ok
55226	NAT10	ok
55227	LRRC1	ok
55228	PNMA8A	ok
55229	PANK4	ok
5523	PPP2R3A	ok
55230	USP40	ok
55231	CCDC87	ok
55233	MOB1A	ok
55234	SMU1	ok
55236	UBA6	ok
55237	VRTN	ok
55238	SLC38A7	ok
55239	OGFOD1	ok
5524	PTPA	ok
55240	STEAP3	ok
55243	KIRREL1	ok
55244	SLC47A1	ok
55245	UQCC1	ok
55246	CCDC25	ok
55247	NEIL3	ok
55248	PACC1	ok
55249	YY1AP1	ok
5525	PPP2R5A	ok
55250	ELP2	ok
55251	PCMTD2	ok
55252	ASXL2	ok
55253	TYW1	ok
55254	TMEM39A	ok
55255	WDR41	ok
55256	ADI1	ok
55257	MRGBP	ok
55258	THNSL2	ok
55259	DNAI7	ok
5526	PPP2R5B	ok
55260	TMEM143	ok
55262	TRAPPC14	ok
55266	FAABTP	ok
55267	PRR34	ok
55268	ECHDC2	ok
55269	PSPC1	ok
5527	PPP2R5C	ok
55270	NUDT15	ok
55272	IMP3	ok
55273	TMEM100	ok
55274	PHF10	ok
55275	VPS53	ok
55276	PGM2	ok
55277	FGGY	ok
55278	QRSL1	ok
55279	ZNF654	ok
5528	PPP2R5D	ok
55280	CWF19L1	ok
55281	TMEM140	ok
55282	LRRC36	ok
55283	MCOLN3	ok
55284	UBE2W	ok
55285	RBM41	ok
552859	LINC00251	ok
55286	PGCKA1	ok
552860	SAMD12-AS1	ok
55287	TMEM40	ok
55288	RHOT1	ok
552889	ATXN7L3B	ok
55289	ACOXL	ok
5529	PPP2R5E	ok
55290	BRF2	ok
552900	BOLA2	ok
55291	PPP6R3	ok
55293	UEVLD	ok
55294	FBXW7	ok
55295	KLHL26	ok
55296	TBC1D19	ok
55297	CCDC91	ok
55298	RNF121	ok
55299	BRIX1	ok
553	AVPR1B	ok
5530	PPP3CA	ok
55300	PI4K2B	ok
55301	OLAH	ok
55303	GIMAP4	ok
55304	SPTLC3	ok
55308	DDX19A	ok
5531	PPP4C	ok
553103	MIR3936HG	ok
55311	ZNF444	ok
553115	PEF1	ok
55312	RFK	ok
553128	KIR2DL5B	ok
55313	CPPED1	ok
55314	TMEM144	ok
55315	SLC29A3	ok
553158	PRR5-ARHGAP8	ok
55316	RSAD1	ok
55317	AP5S1	ok
55319	TMA16	ok
5532	PPP3CB	ok
55320	MIS18BP1	ok
55321	TMEM74B	ok
55322	C5orf22	ok
55323	LARP6	ok
55324	ABCF3	ok
55325	UFSP2	ok
55326	AGPAT5	ok
55327	LIN7C	ok
55328	RNLS	ok
55329	MNS1	ok
5533	PPP3CC	ok
55330	BLOC1S4	ok
55331	ACER3	ok
55332	DRAM1	ok
55333	SYNJ2BP	ok
55334	SLC39A9	ok
55335	NIPSNAP3B	ok
55336	FBXL8	ok
55337	SHFL	ok
55339	WDR33	ok
5534	PPP3R1	ok
55340	GIMAP5	ok
55341	LSG1	ok
55342	STRBP	ok
55343	SLC35C1	ok
55344	PLCXD1	ok
55345	ZGRF1	ok
55346	TCP11L1	ok
55347	ABHD10	ok
55349	CHDH	ok
5535	PPP3R2	ok
55350	VNN3P	ok
55351	STK32B	ok
55352	COPRS	ok
55353	LAPTM4B	ok
55355	HJURP	ok
55356	SLC22A15	ok
55357	TBC1D2	ok
55359	STYK1	ok
5536	PPP5C	ok
55361	PI4K2A	ok
55362	TMEM63B	ok
55363	HEMGN	ok
55364	IMPACT	ok
55365	TMEM176A	ok
55366	LGR4	ok
55367	PIDD1	ok
5537	PPP6C	ok
55370	PPP4R1L	ok
55374	TMCO6	ok
55379	LRRC59	ok
5538	PPT1	ok
55384	MEG3	ok
55388	MCM10	ok
5539	PPY	ok
554	AVPR2	ok
5540	NPY4R	ok
55410		no_symbol_in_gene_info
5542	PRB1	ok
554201	CCDC148-AS1	ok
554202	MIR31HG	ok
554203	JPX	ok
554206	LCMT1P1	ok
55421	NCBP3	ok
554210	MIR429	ok
554214	MIR450A1	ok
55422	ZNF331	ok
554223		no_symbol_in_gene_info
554226	ANKRD30BL	ok
55423	SIRPG	ok
554235	ASPDH	ok
554236	DPY19L2P1	ok
55425	GPALPP1	ok
554251	FBXO48	ok
554279	LINC00862	ok
55432	YOD1	ok
55435	AP1AR	ok
55437	STRADB	ok
5544	PRB3	ok
55449	DHRS4-AS1	ok
5545	PRB4	ok
55450	CAMK2N1	ok
55454	CSGALNACT2	ok
5546	PRCC	ok
55466	DNAJA4	ok
5547	PRCP	ok
55471	NDUFAF7	ok
55472	RBM12B-AS1	ok
55486	PARL	ok
5549	PRELP	ok
5550	PREP	ok
55500	ETNK1	ok
55501	CHST12	ok
55502	HES6	ok
55503	TRPV6	ok
55504	TNFRSF19	ok
55505	NOP10	ok
55506	MACROH2A2	ok
55507	GPRC5D	ok
55508	SLC35E3	ok
55509	BATF3	ok
5551	PRF1	ok
55510	DDX43	ok
55511	SAGE1	ok
55512	SMPD3	ok
55515	ASIC4	ok
5552	SRGN	ok
55520	ELAC1	ok
55521	TRIM36	ok
55526	DHTKD1	ok
55527	FEM1A	ok
55529	PIP4P2	ok
5553	PRG2	ok
55530	SVOP	ok
55531	ELMOD1	ok
55532	SLC30A10	ok
55534	MAML3	ok
55536	CDCA7L	ok
55539	KCNQ1DN	ok
55540	IL17RB	ok
55544	RBM38	ok
55545	MSX2P1	ok
5555	PRH2	ok
55552	ZNF823	ok
55553	SOX6	ok
55554	KLK15	ok
55556	ENOSF1	ok
55558	PLXNA3	ok
55559	HAUS7	ok
55561	CDC42BPG	ok
55565	ZNF821	ok
55567	DNAH3	ok
55568	GALNT10	ok
5557	PRIM1	ok
55571	CNOT11	ok
55572	FOXRED1	ok
55573	CDV3	ok
55576	STAB2	ok
55577	NAGK	ok
55578	SUPT20H	ok
5558	PRIM2	ok
55582	KIF27	ok
55584	CHRNA9	ok
55585	UBE2Q1	ok
55586	MIOX	ok
55588	MED29	ok
55589	BMP2K	ok
55591	VEZT	ok
55592	GOLGA2P5	ok
55593	OTUD5	ok
55596	ZCCHC8	ok
55599	RNPC3	ok
55600	ITLN1	ok
55601	DDX60	ok
55602	CDKN2AIP	ok
55603	TENT5A	ok
55604	CARMIL1	ok
55605	KIF21A	ok
55607	PPP1R9A	ok
55608	ANKRD10	ok
55609	ZNF280C	ok
55610	VPS50	ok
55611	OTUB1	ok
55612	FERMT1	ok
55613	MTMR8	ok
55614	KIF16B	ok
55615	PRR5	ok
55616	ASAP3	ok
55617	TASP1	ok
55619	DOCK10	ok
5562	PRKAA1	ok
55620	STAP2	ok
55621	TRMT1	ok
55622	TTC27	ok
55623	THUMPD1	ok
55624	POMGNT1	ok
55625	ZDHHC7	ok
55626	AMBRA1	ok
55627	SMPD4	ok
55628	ZNF407	ok
55629	PNRC2	ok
5563	PRKAA2	ok
55630	SLC39A4	ok
55631	LRRC40	ok
55632	G2E3	ok
55633	TBC1D22B	ok
55634	KRABD4	ok
55635	DEPDC1	ok
55636	CHD7	ok
55638	SYBU	ok
5564	PRKAB1	ok
55640	FLVCR2	ok
55643	BTBD2	ok
55644	OSGEP	ok
55646	LYAR	ok
55647	RAB20	ok
5565	PRKAB2	ok
55650	PIGV	ok
55651	NHP2	ok
55652	SLC48A1	ok
55653	BCAS4	ok
55654	TMEM127	ok
55655	NLRP2	ok
55656	INTS8	ok
55657	ZNF692	ok
55658	RNF126	ok
55659	ZNF416	ok
5566	PRKACA	ok
55660	PRPF40A	ok
55661	DDX27	ok
55662	HIF1AN	ok
55663	ZNF446	ok
55664	CDC37L1	ok
55665	URGCP	ok
55666	NPLOC4	ok
55667	DENND4C	ok
55668	GPATCH2L	ok
55669	MFN1	ok
5567	PRKACB	ok
55670	PEX26	ok
55671	PPP4R3A	ok
55672	NBPF1	ok
55676	SLC30A6	ok
55677	IWS1	ok
55679	LIMS2	ok
5568	PRKACG	ok
55680	RUFY2	ok
55681	SCYL2	ok
55683	KANSL3	ok
55684	RABL6	ok
55686	MREG	ok
55687	TRMU	ok
55689	YEATS2	ok
5569	PKIA	ok
55690	PACS1	ok
55691	FRMD4A	ok
55692	LUC7L	ok
55693	KDM4D	ok
55695	NSUN5	ok
55696	RBM22	ok
55697	VAC14	ok
55698	RADIL	ok
55699	IARS2	ok
5570	PKIB	ok
55700	MAP7D1	ok
55701	ARHGEF40	ok
55702	YJU2	ok
55703	POLR3B	ok
55704	CCDC88A	ok
55705	IPO9	ok
55706	NDC1	ok
55707	NECAP2	ok
55709	KBTBD4	ok
5571	PRKAG1	ok
55711	FAR2	ok
55713	ZNF334	ok
55714	TENM3	ok
55715	DOK4	ok
55716	LMBR1L	ok
55717	WDR11	ok
55718	POLR3E	ok
55719	SLF2	ok
55720	TSR1	ok
55721	IQCC	ok
55722	CEP72	ok
55723	ASF1B	ok
55726	INTS13	ok
55727	BTBD7	ok
55728	N4BP2	ok
55729	ATF7IP	ok
5573	PRKAR1A	ok
55731	FAM222B	ok
55732	FIRRM	ok
55733	HHAT	ok
55734	ZFP64	ok
55735	DNAJC11	ok
55737	VPS35	ok
55738	ARFGAP1	ok
55739	NAXD	ok
55740	ENAH	ok
55741	EDEM2	ok
55742	PARVA	ok
55743	CHFR	ok
55744	COA1	ok
55745	AP5M1	ok
55746	NUP133	ok
55747		no_symbol_in_gene_info
55748	CNDP2	ok
55749	CCAR1	ok
5575	PRKAR1B	ok
55750	AGK	ok
55751	TMEM184C	ok
55752	SEPTIN11	ok
55753	OGDHL	ok
55754	CDC50A	ok
55755	CDK5RAP2	ok
55756	INTS9	ok
55757	UGGT2	ok
55758	RCOR3	ok
55759	WDR12	ok
5576	PRKAR2A	ok
55760	DHX32	ok
55761	TTC17	ok
55762	ZNF701	ok
55763	EXOC1	ok
55764	IFT122	ok
55765	INAVA	ok
55766	H2AJ	ok
55768	NGLY1	ok
55769	ZNF83	ok
5577	PRKAR2B	ok
55770	EXOC2	ok
55771	PRR11	ok
55773	TBC1D23	ok
55775	TDP1	ok
55776	SAYSD1	ok
55777	MBD5	ok
55778	ZNF839	ok
55779	CFAP44	ok
5578	PRKCA	ok
55780	ERMARD	ok
55781	RIOK2	ok
55783	CMTR2	ok
55784	MCTP2	ok
55785	FGD6	ok
55786	ZNF415	ok
55787	TXLNG	ok
55788	LMBRD1	ok
55789	DEPDC1B	ok
5579	PRKCB	ok
55790	CSGALNACT1	ok
55791	LRIF1	ok
55793	MINDY1	ok
55794	DDX28	ok
55795	PCID2	ok
55796	MBNL3	ok
55798	METTL2B	ok
55799	CACNA2D3	ok
558	AXL	ok
5580	PRKCD	ok
55800	SCN3B	ok
55801	IL26	ok
55802	DCP1A	ok
55803	ADAP2	ok
55805	LRP2BP	ok
55806	HR	ok
55808	ST6GALNAC1	ok
55809	TRERF1	ok
5581	PRKCE	ok
55810	FOXJ2	ok
55811	ADCY10	ok
55812	SPATA7	ok
55813	UTP6	ok
55814	BDP1	ok
55815	TSNAXIP1	ok
55816	DOK5	ok
55818	KDM3A	ok
55819	RNF130	ok
5582	PRKCG	ok
55821	ALLC	ok
55823	VPS11	ok
55824	PAG1	ok
55825	PECR	ok
55827	DCAF6	ok
55829	SELENOS	ok
5583	PRKCH	ok
55830	GLT8D1	ok
55831	EMC3	ok
55832	CAND1	ok
55833	UBAP2	ok
55835	CPAP	ok
55837	EAPP	ok
55839	CENPN	ok
5584	PRKCI	ok
55840	EAF2	ok
55841	WWC3	ok
55843	ARHGAP15	ok
55844	PPP2R2D	ok
55845	BRK1	ok
55846	ITFG2	ok
55847	CISD1	ok
55848	PLGRKT	ok
5585	PKN1	ok
55850	USE1	ok
55851	PSENEN	ok
55852	TEX2	ok
55853	IDI2-AS1	ok
55854	ZC3H15	ok
55855	DENND10P1	ok
55856	ACOT13	ok
55857	KIZ	ok
55858	TMEM165	ok
55859	BEX1	ok
5586	PKN2	ok
55860	ACTR10	ok
55861	DBNDD2	ok
55862	ECHDC1	ok
55863	TMEM126B	ok
55867	SLC22A11	ok
55869	HDAC8	ok
5587	PRKD1	ok
55870	ASH1L	ok
55871	ZNG1A	ok
55872	PBK	ok
55876	GSDMB	ok
55879	GABRQ	ok
5588	PRKCQ	ok
55884	WSB2	ok
55885	LMO3	ok
55888	ZKSCAN7	ok
55889	GOLGA6B	ok
5589	PRKCSH	ok
55890	GPRC5C	ok
55891	LENEP	ok
55892	MYNN	ok
55893	ZNF395	ok
55897	MESP1	ok
55898	UNC45A	ok
5590	PRKCZ	ok
55900	ZNF302	ok
55901	THSD1	ok
55902	ACSS2	ok
55904	KMT2E	ok
55905	RNF114	ok
55906	ZC4H2	ok
55907	CMAS	ok
55908	ANGPTL8	ok
55909	BIN3	ok
5591	PRKDC	ok
55911	APOBR	ok
55914	ERBIN	ok
55915	LANCL2	ok
55916	NXT2	ok
55917	CTTNBP2NL	ok
5592	PRKG1	ok
55920	RCC2	ok
55922	NKRF	ok
55924	INKA2	ok
55929	DMAP1	ok
5593	PRKG2	ok
55930	MYO5C	ok
55937	APOM	ok
5594	MAPK1	ok
5595	MAPK3	ok
55954	ZMAT5	ok
55957	LIN37	ok
55958	KLHL9	ok
55959	SULF2	ok
5596	MAPK4	ok
55964	SEPTIN3	ok
55966	AJAP1	ok
55967	NDUFA12	ok
55968	NSFL1C	ok
55969	RAB5IF	ok
5597	MAPK6	ok
55970	GNG12	ok
55971	BAIAP2L1	ok
55972	SLC25A40	ok
55973	BCAP29	ok
55974	SLC50A1	ok
55975	KLHL7	ok
5598	MAPK7	ok
5599	MAPK8	ok
55997	CFC1	ok
55998	NXF5	ok
55999	NXF4	ok
56	ACRV1	ok
5600	MAPK11	ok
56000	NXF3	ok
56001	NXF2	ok
56005	MYDGF	ok
56006	SMG9	ok
5601	MAPK9	ok
5602	MAPK10	ok
5603	MAPK13	ok
56033	BARX1	ok
56034	PDGFC	ok
5604	MAP2K1	ok
5605	MAP2K2	ok
56052	ALG1	ok
5606	MAP2K3	ok
56061	UBFD1	ok
56062	KLHL4	ok
56063	TMEM234	ok
5607	MAP2K5	ok
5608	MAP2K6	ok
5609	MAP2K7	ok
56097	PCDHGC5	ok
56098	PCDHGC4	ok
56099	PCDHGB7	ok
5610	EIF2AK2	ok
56100	PCDHGB6	ok
56101	PCDHGB5	ok
56102	PCDHGB3	ok
56103	PCDHGB2	ok
56104	PCDHGB1	ok
56105	PCDHGA11	ok
56106	PCDHGA10	ok
56107	PCDHGA9	ok
56108	PCDHGA7	ok
56109	PCDHGA6	ok
5611	DNAJC3	ok
56110	PCDHGA5	ok
56111	PCDHGA4	ok
56112	PCDHGA3	ok
56113	PCDHGA2	ok
56114	PCDHGA1	ok
5612	THAP12	ok
56120	PCDHGB8P	ok
56121	PCDHB15	ok
56122	PCDHB14	ok
56123	PCDHB13	ok
56124	PCDHB12	ok
56125	PCDHB11	ok
56126	PCDHB10	ok
56128	PCDHB8	ok
56129	PCDHB7	ok
5613	PRKX	ok
56130	PCDHB6	ok
56131	PCDHB4	ok
56132	PCDHB3	ok
56133	PCDHB2	ok
56134	PCDHAC2	ok
56135	PCDHAC1	ok
56136	PCDHA13	ok
56137	PCDHA12	ok
56138	PCDHA11	ok
56139	PCDHA10	ok
56140	PCDHA8	ok
56141	PCDHA7	ok
56142	PCDHA6	ok
56143	PCDHA5	ok
56144	PCDHA4	ok
56145	PCDHA3	ok
56146	PCDHA2	ok
56147	PCDHA1	ok
56154	TEX15	ok
56155	TEX14	ok
56156	TEX13B	ok
56157	TEX13A	ok
56158	TEX12	ok
56159	TEX11	ok
5616	PRKY	ok
56160	NSMCE3	ok
56163	RNF17	ok
56164	STK31	ok
56165	TDRD1	ok
56169	GSDMC	ok
5617	PRL	ok
56171	DNAH7	ok
56172	ANKH	ok
5618	PRLR	ok
56180	MOSPD1	ok
56181	MTFR1L	ok
5619	PRM1	ok
56203	LMOD3	ok
56204	ATOSA	ok
5621	PRNP	ok
5623	PSPN	ok
5624	PROC	ok
56241	SUSD2	ok
56242	ZNF253	ok
56243	KIAA1217	ok
56244	BTNL2	ok
56245	EPCIP	ok
56246	MRAP	ok
5625	PRODH	ok
56252	YLPM1	ok
56253	CRTAM	ok
56254	RNF20	ok
56255	TMX4	ok
56256	SERTAD4	ok
56257	MEPCE	ok
56259	CTNNBL1	ok
5626	PROP1	ok
56260	C8orf44	ok
56261	GPCPD1	ok
56262	LRRC8A	ok
56265	CPXM1	ok
56267	KYAT3	ok
56269	IRGC	ok
5627	PROS1	ok
56270	WDR45B	ok
56271	BEX4	ok
56287	GKN1	ok
56288	PARD3	ok
5629	PROX1	ok
563	AZGP1	ok
5630	PRPH	ok
56300	IL36G	ok
56301	SLC7A10	ok
56302	TRPV5	ok
5631	PRPS1	ok
56311	ANKRD7	ok
56339	METTL3	ok
5634	PRPS2	ok
56341	PRMT8	ok
56342	PPAN	ok
56344	CABP5	ok
5635	PRPSAP1	ok
5636	PRPSAP2	ok
5638	PRRG1	ok
5639	PRRG2	ok
5641	LGMN	ok
56413	LTB4R2	ok
5644	PRSS1	ok
5646	PRSS3	ok
56474	CTPS2	ok
56475	RPRM	ok
56477	CCL28	ok
56478	EIF4ENIF1	ok
56479	KCNQ5	ok
5648	MASP1	ok
5649	RELN	ok
5650	KLK7	ok
5651	TMPRSS15	ok
5652	PRSS8	ok
56521	DNAJC12	ok
5653	KLK6	ok
5654	HTRA1	ok
56547	MMP26	ok
56548	CHST7	ok
5655	KLK10	ok
5657	PRTN3	ok
566	AZU1	ok
5660	PSAP	ok
56603	CYP26B1	ok
56605	ERO1B	ok
56606	SLC2A9	ok
56616	DIABLO	ok
5662	PSD	ok
56623	INPP5E	ok
56624	ASAH2	ok
5663	PSEN1	ok
5664	PSEN2	ok
56647	BCCIP	ok
56648	EIF5A2	ok
56649	TMPRSS4	ok
56650	CLDND1	ok
56651	LINC00470	ok
56652	TWNK	ok
56654	NPDC1	ok
56655	POLE4	ok
56656	OR2S2	ok
56658	TRIM39	ok
56659	KCNK13	ok
56660	KCNK12	ok
56662	VTRNA1-3	ok
56663	VTRNA1-2	ok
56664	VTRNA1-1	ok
56666	PANX2	ok
56667	MUC13	ok
56670	SUCNR1	ok
56672	AKIP1	ok
56673	C11orf16	ok
56674	TMEM9B	ok
56675	NRIP3	ok
56676	ASCL3	ok
56681	SAR1A	ok
56683	CFAP298	ok
5669	PSG1	ok
567	B2M	ok
5670	PSG2	ok
56704	JPH1	ok
5671	PSG3	ok
5672	PSG4	ok
56729	RETN	ok
5673	PSG5	ok
56731	SLC2A4RG	ok
5675	PSG6	ok
56751	BARHL1	ok
5676	PSG7	ok
56776	FMN2	ok
5678	PSG9	ok
5680	PSG11	ok
5681	PSKH1	ok
5682	PSMA1	ok
56829	ZC3HAV1	ok
5683	PSMA2	ok
56832	IFNK	ok
56833	SLAMF8	ok
56834	GPR137	ok
5684	PSMA3	ok
56848	SPHK2	ok
56849	TCEAL7	ok
5685	PSMA4	ok
56850	GRIPAP1	ok
56851	EMC7	ok
56852	RAD18	ok
56853	CELF4	ok
5686	PSMA5	ok
5687	PSMA6	ok
5688	PSMA7	ok
56882	CDC42SE1	ok
56884	FSTL5	ok
56886	UGGT1	ok
56888	KCMF1	ok
56889	TM9SF3	ok
5689	PSMB1	ok
56890	SAXO6	ok
56891	LGALS14	ok
56892	TCIM	ok
56893	UBQLN4	ok
56894	AGPAT3	ok
56895	AGPAT4	ok
56896	DPYSL5	ok
56897	WRNIP1	ok
56898	BDH2	ok
56899	ANKS1B	ok
5690	PSMB2	ok
56900	TMEM167B	ok
56901	COXFA4L2	ok
56902	PNO1	ok
56903	PAPOLB	ok
56904	SH3GLB2	ok
56905	PRMT2IP	ok
56906	THAP10	ok
56907	SPIRE1	ok
5691	PSMB3	ok
56910	STARD7	ok
56911	MAP3K7CL	ok
56912	IFT46	ok
56913	C1GALT1	ok
56914	OTOR	ok
56915	EXOSC5	ok
56916	SMARCAD1	ok
56917	MEIS3	ok
56918	SLC19A4P	ok
56919	DHX33	ok
5692	PSMB4	ok
56920	SEMA3G	ok
56922	MCCC1	ok
56923	NMUR2	ok
56924	PAK6	ok
56925	LXN	ok
56926	NCLN	ok
56927	GPR108	ok
56928	SPPL2B	ok
56929	FEM1C	ok
5693	PSMB5	ok
56931	DUS3L	ok
56934	CA10	ok
56935	SMCO4	ok
56936	CCDC177	ok
56937	PMEPA1	ok
56938	BMAL2	ok
5694	PSMB6	ok
56940	DUSP22	ok
56941	HMCES	ok
56942	CMC2	ok
56943	ENY2	ok
56944	OLFML3	ok
56945	MRPS22	ok
56946	EMSY	ok
56947	MFF	ok
56948	SDR39U1	ok
56949	XAB2	ok
5695	PSMB7	ok
56950	SMYD2	ok
56951	C5orf15	ok
56952	PRTFDC1	ok
56953	NT5M	ok
56954	NIT2	ok
56955	MEPE	ok
56956	LHX9	ok
56957	OTUD7B	ok
5696	PSMB8	ok
56961	SHD	ok
56963	RGMA	ok
56964	WDR93	ok
56965	PARP6	ok
56967	C14orf132	ok
56969	RPL23AP32	ok
5697	PYY	ok
56970	ATXN7L3	ok
56971	CEACAM19	ok
56975	FAM20C	ok
56977	STOX2	ok
56978	PRDM8	ok
56979	PRDM9	ok
5698	PSMB9	ok
56980	PRDM10	ok
56981	PRDM11	ok
56983	POGLUT1	ok
56984	PSMG2	ok
56985	ADPRM	ok
56986	DTWD1	ok
56987	BBX	ok
5699	PSMB10	ok
56990	CDC42SE2	ok
56992	KIF15	ok
56993	TOMM22	ok
56994	CHPT1	ok
56995	TULP4	ok
56996	SLC12A9	ok
56997	COQ8A	ok
56998	CTNNBIP1	ok
56999	ADAMTS9	ok
570	BAAT	ok
5700	PSMC1	ok
57001	SDHAF3	ok
57002	YAE1	ok
57003	CCDC47	ok
57007	ACKR3	ok
5701	PSMC2	ok
57010	CABP4	ok
57016	AKR1B10	ok
57017	COQ9	ok
57018	CCNL1	ok
57019	CIAPIN1	ok
5702	PSMC3	ok
57020	VPS35L	ok
57026	PDXP	ok
57030	SLC17A7	ok
57035	RSRP1	ok
57037	ANKMY2	ok
57038	RARS2	ok
5704	PSMC4	ok
57045	TWSG1	ok
57047	PLSCR2	ok
57048	PLSCR3	ok
5705	PSMC5	ok
57050	UTP3	ok
57053	CHRNA10	ok
57057	TBX20	ok
5706	PSMC6	ok
57060	PCBP4	ok
57061	HYMAI	ok
57062	DDX24	ok
5707	PSMD1	ok
5708	PSMD2	ok
57082	KNL1	ok
57084	SLC17A6	ok
57085	AGTRAP	ok
57088	PLSCR4	ok
57089	ENTPD7	ok
5709	PSMD3	ok
57091	CASS4	ok
57092	PCNP	ok
57093	TRIM49	ok
57094	CPA6	ok
57095	PITHD1	ok
57096	RPGRIP1	ok
57097	PARP11	ok
57099	AVEN	ok
571	BACH1	ok
5710	PSMD4	ok
57101	ANO2	ok
57102	FERRY3	ok
57103	TIGAR	ok
57104	PNPLA2	ok
57105	CYSLTR2	ok
57106	NAT14	ok
57107	PDSS2	ok
57109	REXO4	ok
5711	PSMD5	ok
57110	PLAAT1	ok
57111	RAB25	ok
57113	TRPC7	ok
57115	PGLYRP4	ok
57116	ZNF695	ok
57117	INTS12	ok
57118	CAMK1D	ok
57119	EPPIN	ok
57120	GOPC	ok
57121	LPAR5	ok
57122	NUP107	ok
57124	CD248	ok
57125	PLXDC1	ok
57126	CD177	ok
57127	RHBG	ok
57128	LYRM4	ok
57129	MRPL47	ok
5713	PSMD7	ok
57130	ATP13A1	ok
57132	CHMP1B	ok
57134	MAN1C1	ok
57136	APMAP	ok
57139	RGL3	ok
5714	PSMD8	ok
57140	RNPEPL1	ok
57142	RTN4	ok
57143	ADCK1	ok
57144	PAK5	ok
57146	LDAF1	ok
57147	SCYL3	ok
57148	RALGAPB	ok
57149	LYRM1	ok
5715	PSMD9	ok
57150	SMIM8	ok
57151	LYZL6	ok
57152	SLURP1	ok
57153	SLC44A2	ok
57154	SMURF1	ok
57156	TMEM63C	ok
57157	PHTF2	ok
57158	JPH2	ok
57159	TRIM54	ok
5716	PSMD10	ok
57161	PELI2	ok
57162	PELI1	ok
57165	GJC2	ok
57167	SALL4	ok
57168	ASPHD2	ok
57169	ZNFX1	ok
5717	PSMD11	ok
57171	DOLPP1	ok
57172	CAMK1G	ok
57175	CORO1B	ok
57176	VARS2	ok
57178	ZMIZ1	ok
57179	KIAA1191	ok
5718	PSMD12	ok
57180	ACTR3B	ok
57181	SLC39A10	ok
57182	ANKRD50	ok
57184	FAM219B	ok
57185	NIPAL3	ok
57186	RALGAPA2	ok
57187	THOC2	ok
57188	ADAMTSL3	ok
57189	DENND11	ok
5719	PSMD13	ok
57190	SELENON	ok
57191	VN1R1	ok
57192	MCOLN1	ok
57194	ATP10A	ok
57198	ATP8B2	ok
572	BAD	ok
5720	PSME1	ok
57205	ATP10D	ok
57209	ZNF248	ok
5721	PSME2	ok
57210	SLC45A4	ok
57211	ADGRG6	ok
57212	GFOD3P	ok
57213	SPRYD7	ok
57214	CEMIP	ok
57215	THAP11	ok
57216	VANGL2	ok
57217	TTC7A	ok
57221	ARFGEF3	ok
57222	ERGIC1	ok
57223	PPP4R3B	ok
57224	NHSL1	ok
57226	LYRM2	ok
57228	SMAGP	ok
5723	PSPH	ok
57231	SNX14	ok
57232	ZNF630	ok
57234	LINC00869	ok
5724	PTAFR	ok
5725	PTBP1	ok
572558	PGM5-AS1	ok
5726	TAS2R38	ok
5727	PTCH1	ok
5728	PTEN	ok
57282	SLC4A10	ok
5729	PTGDR	ok
57291	DANCR	ok
573	BAG1	ok
5730	PTGDS	ok
5731	PTGER1	ok
5732	PTGER2	ok
57325	KAT14	ok
57326	PBXIP1	ok
5733	PTGER3	ok
57332	CBX8	ok
57333	RCN3	ok
57335	ZNF286A	ok
57336	ZNF287	ok
57337	SENP7	ok
57338	JPH3	ok
5734	PTGER4	ok
57343	ZNF304	ok
57348	TTYH1	ok
57369	GJD2	ok
5737	PTGFR	ok
57379	AICDA	ok
5738	PTGFRN	ok
57380	MRS2	ok
57381	RHOJ	ok
5739	PTGIR	ok
57393	CLTRN	ok
57396	CLK4	ok
574	BAGE	ok
5740	PTGIS	ok
574016	CLLU1-AS1	ok
57402	S100A14	ok
574028	CLLU1	ok
574029	DUSP5P1	ok
57403	RAB22A	ok
574031	MIR363	ok
574032	MIR20B	ok
574033	MIR18B	ok
574036	SERTAD4-AS1	ok
57404	CYP20A1	ok
574040	SNORA6	ok
574042	SNORA10	ok
57405	SPC25	ok
57406	ABHD6	ok
57407	NMRAL1	ok
57408	LRTM1	ok
57409	MIF4GD	ok
5741	PTH	ok
57410	SCYL1	ok
57412	AS3MT	ok
57414	RHBDD2	ok
57415	CEP15	ok
57418	WDR18	ok
57419	SLC24A3	ok
5742	PTGS1	ok
5743	PTGS2	ok
5744	PTHLH	ok
574407	OBSCN-AS1	ok
574412	MIR452	ok
574413	MIR409	ok
574414	PRR9	ok
574433	MIR412	ok
574434	MIR410	ok
574442	MIR489	ok
574444	MIR491	ok
574447	MIR146B	ok
574448	MIR202	ok
574454	MIR496	ok
574456	MIR497	ok
574457	MIR181D	ok
57446	NDRG3	ok
57447	NDRG2	ok
574470	MIR525	ok
57448	BIRC6	ok
574486	MIR526A2	ok
574489	MIR518D	ok
57449	PLEKHG5	ok
574499	MIR516A2	ok
5745	PTH1R	ok
574501	MIR499A	ok
574505	MIR450A2	ok
574506	MIR503	ok
574508	MIR505	ok
57451	TENM2	ok
57452	GALNT16	ok
57453	DSCAML1	ok
574538	IQSEC3-AS3	ok
57455	REXO1	ok
57456	KIAA1143	ok
57458	TMCC3	ok
57459	GATAD2B	ok
5746	PTH2R	ok
57460	PPM1H	ok
57461	ISY1	ok
57462	MYORG	ok
57463	AMIGO1	ok
57464	STRIP2	ok
57465	TBC1D24	ok
57466	SCAF4	ok
57467	HHATL	ok
57468	SLC12A5	ok
57469	PNMA8B	ok
5747	PTK2	ok
57470	LRRC47	ok
57471	ERMN	ok
57472	CNOT6	ok
57473	ZNF512B	ok
57474	ZNF490	ok
57475	PLEKHH1	ok
57476	GRAMD1B	ok
57477	SHROOM4	ok
57478	USP31	ok
57479	PRR12	ok
57480	PLEKHG1	ok
57481	KIAA1210	ok
57482	CRACD	ok
57484	RNF150	ok
57486	NLN	ok
57488	ESYT2	ok
57489	ODF2L	ok
57491	AHRR	ok
57492	ARID1B	ok
57493	HEG1	ok
57494	RIMKLB	ok
57495	NWD2	ok
57496	MRTFB	ok
57497	LRFN2	ok
57498	KIDINS220	ok
575	ADGRB1	ok
57501	CFAP92	ok
57502	NLGN4X	ok
57504	MTA3	ok
57505	AARS2	ok
57506	MAVS	ok
57507	ZNF608	ok
57508	INTS2	ok
57509	MTUS1	ok
57510	XPO5	ok
57511	COG6	ok
57512	GPR158	ok
57513	CASKIN2	ok
57514	ARHGAP31	ok
57515	SERINC1	ok
57519	STARD9	ok
57520	HECW2	ok
57521	RPTOR	ok
57522	SRGAP1	ok
57523	NYNRIN	ok
57524	CASKIN1	ok
57526	PCDH19	ok
57528	KCTD16	ok
57529	RTL9	ok
5753	PTK6	ok
57530	CGN	ok
57531	HACE1	ok
57532	NUFIP2	ok
57533	TBC1D14	ok
57534	MIB1	ok
57535	ELAPOR1	ok
57536	KIAA1328	ok
57537	SORCS2	ok
57538	ALPK3	ok
57539	WDR35	ok
5754	PTK7	ok
57540	DISP3	ok
57541	ZNF398	ok
57542	KLHL42	ok
57544	TXNDC16	ok
57545	CC2D2A	ok
57546	PDP2	ok
57547	ZNF624	ok
57549	IGSF9	ok
57551	TAOK1	ok
57552	NCEH1	ok
57553	MICAL3	ok
57554	LRRC7	ok
57555	NLGN2	ok
57556	SEMA6A	ok
57558	USP35	ok
57559	STAMBPL1	ok
5756	TWF1	ok
57560	IFT80	ok
57561	ARRDC3	ok
57562	CEP126	ok
57563	KLHL8	ok
57565	KLHL14	ok
57567	ZNF319	ok
57568	SIPA1L2	ok
57569	ARHGAP20	ok
5757	PTMA	ok
57570	TRMT5	ok
57571	CARNS1	ok
57572	DOCK6	ok
57573	ZNF471	ok
57574	MARCHF4	ok
57575	PCDH10	ok
57576	KIF17	ok
57577	CCDC191	ok
57578	UNC79	ok
57579	FAM135A	ok
57580	PREX1	ok
57582	KCNT1	ok
57583	TMEM181	ok
57584	ARHGAP21	ok
57585	CRAMP1	ok
57586	SYT13	ok
57587	CFAP97	ok
57589	RIC1	ok
57590	WDFY1	ok
57591	MRTFA	ok
57592	ZNF687	ok
57593	EBF4	ok
57594	HOMEZ	ok
57595	PDZD4	ok
57596	BEGAIN	ok
57597	BAHCC1	ok
57599	WDR48	ok
576	ADGRB2	ok
57600	FNIP2	ok
57602	USP36	ok
57604	TRMT9B	ok
57605	PITPNM2	ok
57606	SLAIN2	ok
57608	JCAD	ok
57609	DIP2B	ok
57610	RANBP10	ok
57611	ISLR2	ok
57613	FAM234B	ok
57614	RELCH	ok
57615	ZNF492	ok
57616	TSHZ3	ok
57617	VPS18	ok
57619	SHROOM3	ok
57620	STIM2	ok
57621	ZBTB2	ok
57622	LRFN1	ok
57623	ZFAT	ok
57624	NYAP2	ok
57626	KLHL1	ok
57628	DPP10	ok
5763	PTMS	ok
57630	SH3RF1	ok
57631	LRCH2	ok
57633	LRRN1	ok
57634	EP400	ok
57636	ARHGAP23	ok
57639	CCDC146	ok
5764	PTN	ok
57642	COL20A1	ok
57643	ZSWIM5	ok
57644	MYH7B	ok
57645	POGK	ok
57646	USP28	ok
57647	DHX37	ok
57648	NHSL3	ok
57649	PHF12	ok
57650	CIP2A	ok
57653	SUGT1P4-STRA6LP-CCDC180	ok
57654	UVSSA	ok
57655	GRAMD1A	ok
57657	HCN3	ok
57658	CALCOCO1	ok
57659	ZBTB4	ok
57661	PHRF1	ok
57662	CAMSAP3	ok
57663	USP29	ok
57664	PLEKHA4	ok
57665	RDH14	ok
57666	FBRSL1	ok
57669	EPB41L5	ok
57670	KIAA1549	ok
57673	BEND3	ok
57674	RNF213	ok
57677	ZFP14	ok
57678	GPAM	ok
57679	ALS2	ok
5768	QSOX1	ok
57680	CHD8	ok
57683	ZDBF2	ok
57684	ZBTB26	ok
57685	CACHD1	ok
57687	VAT1L	ok
57688	ZSWIM6	ok
57689	LRRC4C	ok
57690	TNRC6C	ok
57691	KIAA1586	ok
57692	MAGEE1	ok
57693	ZNF317	ok
57695	USP37	ok
57696	DDX55	ok
57697	FANCM	ok
57698	SHTN1	ok
57699	CPNE5	ok
577	ADGRB3	ok
5770	PTPN1	ok
57700	FHIP2A	ok
57701	NCKAP5L	ok
57703	CWC22	ok
57704	GBA2	ok
57705	WDFY4	ok
57706	DENND1A	ok
57707	MEAK7	ok
57708	MIER1	ok
57709	SLC7A14	ok
5771	PTPN2	ok
57710	KIAA1614	ok
57711	ZNF529	ok
57713	SFMBT2	ok
57715	SEMA4G	ok
57716	PRX	ok
57717	PCDHB16	ok
57718	PPP4R4	ok
57719	ANO8	ok
57720	GPR107	ok
57721	METTL14	ok
57722	IGDCC4	ok
57724	EPG5	ok
57727	NCOA5	ok
57728	WDR19	ok
57730	ANKRD36B	ok
57731	SPTBN4	ok
57732	ZFYVE28	ok
57733	GBA3	ok
5774	PTPN3	ok
5775	PTPN4	ok
57758	SCUBE2	ok
57761	TRIB3	ok
57763	ANKRA2	ok
5777	PTPN6	ok
5778	PTPN7	ok
57786	RBAK	ok
57787	MARK4	ok
57794	SUGP1	ok
57795	BRINP2	ok
57798	GATAD1	ok
57799	RAB40C	ok
578	BAK1	ok
5780	PTPN9	ok
57801	HES4	ok
57804	POLD4	ok
57805	CCAR2	ok
5781	PTPN11	ok
57817	HAMP	ok
57818	G6PC2	ok
57819	LSM2	ok
5782	PTPN12	ok
57820	CCNB1IP1	ok
57821	CCDC181	ok
57822	GRHL3	ok
57823	SLAMF7	ok
57824	HMHB1	ok
57826	RAP2C	ok
57827	C6orf47	ok
57828	CATSPERG	ok
57829	ZP4	ok
5783	PTPN13	ok
57830	KRTAP5-8	ok
57834	CYP4F11	ok
57835	SLC4A5	ok
5784	PTPN14	ok
5786	PTPRA	ok
57862	ZNF410	ok
57863	CADM3	ok
57864	SLC46A2	ok
5787	PTPRB	ok
5788	PTPRC	ok
5789	PTPRD	ok
579	NKX3-2	ok
5790	PTPRCAP	ok
5791	PTPRE	ok
5792	PTPRF	ok
5793	PTPRG	ok
5794	PTPRH	ok
5795	PTPRJ	ok
5796	PTPRK	ok
5797	PTPRM	ok
5798	PTPRN	ok
5799	PTPRN2	ok
58	ACTA1	ok
580	BARD1	ok
5800	PTPRO	ok
5801	PTPRR	ok
5802	PTPRS	ok
5803	PTPRZ1	ok
5805	PTS	ok
5806	PTX3	ok
581	BAX	ok
5810	RAD1	ok
5813	PURA	ok
5814	PURB	ok
58155	PTBP2	ok
58157	NGB	ok
58158	NEUROD4	ok
5816	PVALB	ok
5817	PVR	ok
5818	NECTIN1	ok
58189	WFDC1	ok
5819	NECTIN2	ok
58190	CTDSP1	ok
58191	CXCL16	ok
582	BBS1	ok
5820	PVT1	ok
5822	PWP2	ok
5824	PEX19	ok
5825	ABCD3	ok
5826	ABCD4	ok
5827	PXMP2	ok
5828	PEX2	ok
5829	PXN	ok
583	BBS2	ok
5830	PEX5	ok
5831	PYCR1	ok
5832	ALDH18A1	ok
5833	PCYT2	ok
5834	PYGB	ok
5836	PYGL	ok
5837	PYGM	ok
58472	SQOR	ok
58473	PLEKHB1	ok
58475	MS4A7	ok
58476	TP53INP2	ok
58477	SRPRB	ok
58478	ENOPH1	ok
58480	RHOU	ok
58483	LINC00474	ok
58484	NLRC4	ok
58485	TRAPPC1	ok
58486	ZBED5	ok
58487	CREBZF	ok
58488	PCTP	ok
58489	ABHD17C	ok
58490	RPRD1B	ok
58491	ZNF71	ok
58492	ZNF77	ok
58493	INIP	ok
58494	JAM2	ok
58495	OVOL2	ok
58496	LY6G5B	ok
58497	PRUNE1	ok
58498	MYL7	ok
58499	ZNF462	ok
585	BBS4	ok
58500	ZNF250	ok
58503	OPRPN	ok
58504	ARHGAP22	ok
58505	OSTC	ok
58506	SCAF1	ok
58508	KMT2C	ok
58509	CACTIN	ok
58510	PRODH2	ok
58511	DNASE2B	ok
58512	DLGAP3	ok
58513	EPS15L1	ok
58515	SELENOK	ok
58516	SINHCAF	ok
58517	RBM25	ok
58524	DMRT3	ok
58525	WIZ	ok
58526	MID1IP1	ok
58527	ABRACL	ok
58528	RRAGD	ok
58529	MYOZ1	ok
58533	SNX6	ok
58538	MPP4	ok
5858	PZP	ok
5859	QARS1	ok
586	BCAT1	ok
5860	QDPR	ok
5861	RAB1A	ok
5862	RAB2A	ok
5863	RGL2	ok
5864	RAB3A	ok
5865	RAB3B	ok
5866	RAB3IL1	ok
5867	RAB4A	ok
5868	RAB5A	ok
5869	RAB5B	ok
587	BCAT2	ok
5870	RAB6A	ok
5871	MAP4K2	ok
5872	RAB13	ok
5873	RAB27A	ok
5874	RAB27B	ok
5875	RABGGTA	ok
5876	RABGGTB	ok
5877	RABIF	ok
5878	RAB5C	ok
5879	RAC1	ok
5880	RAC2	ok
5881	RAC3	ok
5883	RAD9A	ok
5884	RAD17	ok
5885	RAD21	ok
5886	RAD23A	ok
5887	RAD23B	ok
5888	RAD51	ok
5889	RAD51C	ok
5890	RAD51B	ok
5891	MOK	ok
5892	RAD51D	ok
5893	RAD52	ok
5894	RAF1	ok
5896	RAG1	ok
5897	RAG2	ok
5898	RALA	ok
58985	IL22RA1	ok
58986	PGAP6	ok
5899	RALB	ok
59	ACTA2	ok
590	BCHE	ok
5900	RALGDS	ok
5901	RAN	ok
5902	RANBP1	ok
5903	RANBP2	ok
5905	RANGAP1	ok
5906	RAP1A	ok
59067	IL21	ok
5908	RAP1B	ok
59082	CARD18	ok
59084	ENPP5	ok
5909	RAP1GAP	ok
5910	RAP1GDS1	ok
5911	RAP2A	ok
5912	RAP2B	ok
5913	RAPSN	ok
5914	RARA	ok
5915	RARB	ok
5916	RARG	ok
5917	RARS1	ok
5918	RARRES1	ok
5919	RARRES2	ok
5920	PLAAT4	ok
5921	RASA1	ok
5922	RASA2	ok
5923	RASGRF1	ok
5924	RASGRF2	ok
5925	RB1	ok
5926	ARID4A	ok
59269	HIVEP3	ok
5927	KDM5A	ok
59271	EVA1C	ok
59272	ACE2	ok
59274	TLNRD1	ok
59277	NTN4	ok
5928	RBBP4	ok
59283	CACNG8	ok
59284	CACNG7	ok
59285	CACNG6	ok
59286	UBL5	ok
5929	RBBP5	ok
593	BCKDHA	ok
5930	RBBP6	ok
59307	SIGIRR	ok
5931	RBBP7	ok
5932	RBBP8	ok
5933	RBL1	ok
59335	PRDM12	ok
59336	PRDM13	ok
59338	PLEKHA1	ok
59339	PLEKHA2	ok
5934	RBL2	ok
59340	HRH4	ok
59341	TRPV4	ok
59342	SCPEP1	ok
59343	SENP2	ok
59344	ALOXE3	ok
59345	GNB4	ok
59348	ZNF350	ok
59349	KLHL12	ok
5935	RBM3	ok
59350	RXFP1	ok
59351	PBOV1	ok
59352	LGR6	ok
59353	TMEM35A	ok
5936	RBM4	ok
5937	RBMS1	ok
5939	RBMS2	ok
594	BCKDHB	ok
5947	RBP1	ok
5948	RBP2	ok
594839	SNORA33	ok
594842	HAS2-AS1	ok
594855	CPLX3	ok
594857	NPS	ok
5949	RBP3	ok
595	CCND1	ok
5950	RBP4	ok
595097	SNORD16	ok
595098	SNORD18A	ok
595099	SNORD18B	ok
595101	SMG1P5	ok
595135	PGM5P2	ok
5954	RCN1	ok
5955	RCN2	ok
5956	OPN1LW	ok
5957	RCVRN	ok
5959	RDH5	ok
596	BCL2	ok
5961	PRPH2	ok
5962	RDX	ok
5965	RECQL	ok
5966	REL	ok
5967	REG1A	ok
5968	REG1B	ok
597	BCL2A1	ok
5970	RELA	ok
5971	RELB	ok
5972	REN	ok
5973	RENBP	ok
5976	UPF1	ok
5977	DPF2	ok
5978	REST	ok
5979	RET	ok
598	BCL2L1	ok
5980	REV3L	ok
5981	RFC1	ok
5982	RFC2	ok
5983	RFC3	ok
5984	RFC4	ok
5985	RFC5	ok
5986	RFNG	ok
5987	TRIM27	ok
5988	RFPL1	ok
5989	RFX1	ok
599	BCL2L2	ok
5990	RFX2	ok
5991	RFX3	ok
5992	RFX4	ok
5993	RFX5	ok
5994	RFXAP	ok
5995	RGR	ok
5996	RGS1	ok
5997	RGS2	ok
5998	RGS3	ok
5999	RGS4	ok
60	ACTB	ok
6000	RGS7	ok
6001	RGS10	ok
6002	RGS12	ok
6003	RGS13	ok
6004	RGS16	ok
6005	RHAG	ok
6006	RHCE	ok
6007	RHD	ok
6009	RHEB	ok
6010	RHO	ok
6011	GRK1	ok
6013	RLN1	ok
6014	RIT2	ok
6015	RING1	ok
6016	RIT1	ok
6017	RLBP1	ok
6018	RLF	ok
6019	RLN2	ok
602	BCL3	ok
6023	RMRP	ok
60312	AFAP1	ok
60313	GPBP1L1	ok
60314	MYG1	ok
60343	FAM3A	ok
6035	RNASE1	ok
6036	RNASE2	ok
6037	RNASE3	ok
60370	AVPI1	ok
6038	RNASE4	ok
60385	TSKS	ok
60386	SLC25A19	ok
6039	RNASE6	ok
604	BCL6	ok
60401	EDA2R	ok
6041	RNASEL	ok
60412	EXOC4	ok
6043	SNORA63	ok
60436	TGIF2	ok
60437	CDH26	ok
6044	SNORA62	ok
6045	RNF2	ok
6046	BRD2	ok
60467	BPESC1	ok
60468	BACH2	ok
6047	RNF4	ok
6048	RNF5	ok
60481	ELOVL5	ok
60482	SLC5A7	ok
60484	HAPLN2	ok
60485	SAV1	ok
60487	TRMT11	ok
60488	MRPS35	ok
60489	APOBEC3G	ok
6049	RNF6	ok
60490	PPCDC	ok
60491	NIF3L1	ok
60492	CCDC90B	ok
60493	FASTKD5	ok
60494	CCDC81	ok
60495	HPSE2	ok
60496	AASDHPPT	ok
605	BCL7A	ok
6050	RNH1	ok
60506	NYX	ok
60509	AGBL5	ok
6051	RNPEP	ok
60526	LDAH	ok
60528	ELAC2	ok
60529	ALX4	ok
60558	GUF1	ok
60559	SPCS3	ok
60560	NAA35	ok
60561	RINT1	ok
6059	ABCE1	ok
60592	SCOC	ok
60598	KCNK15	ok
606	NBEAP1	ok
60625	DHX35	ok
60626	RIC8A	ok
606293	KLKP1	ok
606495	CYB5RL	ok
606500	SNORD68	ok
606551	UBE2MP1	ok
60672	MIIP	ok
606724		no_symbol_in_gene_info
60673	ATG101	ok
60674	GAS5	ok
60675	PROK2	ok
60676	PAPPA2	ok
60677	CELF6	ok
60678	EEFSEC	ok
60680	CELF5	ok
60681	FKBP10	ok
60682	SMAP1	ok
60684	TRAPPC11	ok
60685	ZFAND3	ok
60686	C14orf93	ok
607	BCL9	ok
6079	SNORD15A	ok
608	TNFRSF17	ok
6082	SNORD20	ok
6083	SNORD21	ok
6090	RNY5	ok
6091	ROBO1	ok
6092	ROBO2	ok
6093	ROCK1	ok
6094	ROM1	ok
6095	RORA	ok
6096	RORB	ok
6097	RORC	ok
6098	ROS1	ok
610	HCN2	ok
6100	RP9	ok
6101	RP1	ok
6102	RP2	ok
6103	RPGR	ok
611	OPN1SW	ok
6117	RPA1	ok
6118	RPA2	ok
6119	RPA3	ok
6120	RPE	ok
6121	RPE65	ok
6122	RPL3	ok
6123	RPL3L	ok
6124	RPL4	ok
6125	RPL5	ok
6128	RPL6	ok
6129	RPL7	ok
613	BCR	ok
6130	RPL7A	ok
613037	NPIPB13	ok
613038	SGF29P2	ok
6132	RPL8	ok
613209	DEFB135	ok
613210	DEFB136	ok
613211	DEFB134	ok
613212	CTXN3	ok
613227	HIGD1C	ok
6133	RPL9	ok
6134	RPL10	ok
6135	RPL11	ok
6136	RPL12	ok
6137	RPL13	ok
6138	RPL15	ok
6139	RPL17	ok
6141	RPL18	ok
6142	RPL18A	ok
6143	RPL19	ok
6144	RPL21	ok
6146	RPL22	ok
6147	RPL23A	ok
6150	MRPL23	ok
6152	RPL24	ok
6154	RPL26	ok
6155	RPL27	ok
6156	RPL30	ok
6157	RPL27A	ok
6158	RPL28	ok
6159	RPL29	ok
6160	RPL31	ok
6161	RPL32	ok
6164	RPL34	ok
6165	RPL35A	ok
6166	RPL36AL	ok
6167	RPL37	ok
6168	RPL37A	ok
6169	RPL38	ok
617	BCS1L	ok
6170	RPL39	ok
6171	RPL41	ok
6173	RPL36A	ok
6175	RPLP0	ok
6176	RPLP1	ok
618	BCYRN1	ok
6181	RPLP2	ok
6182	MRPL12	ok
6183	MRPS12	ok
6184	RPN1	ok
6185	RPN2	ok
6187	RPS2	ok
6188	RPS3	ok
6189	RPS3A	ok
6191	RPS4X	ok
619189	SERINC4	ok
619190	FDPSP2	ok
6192	RPS4Y1	ok
619207	SCART1	ok
619208	FAM229B	ok
619279	ZNF704	ok
6193	RPS5	ok
619343		no_symbol_in_gene_info
619344	LINC01298	ok
619351	LINC00589	ok
619373	MBOAT4	ok
619383	SCARNA9	ok
6194	RPS6	ok
619434	LINC00051	ok
619455	SPANXA2-OT1	ok
619498	SNORD74	ok
619499	SNORA27	ok
6195	RPS6KA1	ok
619505	SNORA21	ok
619552	MIR483	ok
619554	MIR486-1	ok
619556	MIR455	ok
619562	SNORA3A	ok
619564	SNORD72	ok
619565	SNORA52	ok
619567	SNORD2	ok
619569	SNORA41	ok
619570	SNORD95	ok
619571	SNORD96A	ok
6196	RPS6KA2	ok
6197	RPS6KA3	ok
6198	RPS6KB1	ok
6199	RPS6KB2	ok
6201	RPS7	ok
6202	RPS8	ok
6203	RPS9	ok
6204	RPS10	ok
6205	RPS11	ok
6206	RPS12	ok
6207	RPS13	ok
6208	RPS14	ok
6209	RPS15	ok
6210	RPS15A	ok
6217	RPS16	ok
622	BDH1	ok
6222	RPS18	ok
6223	RPS19	ok
6224	RPS20	ok
6227	RPS21	ok
6228	RPS23	ok
6229	RPS24	ok
623	BDKRB1	ok
6230	RPS25	ok
6231	RPS26	ok
6232	RPS27	ok
6233	RPS27A	ok
6234	RPS28	ok
6235	RPS29	ok
6236	RRAD	ok
6237	RRAS	ok
6238	RRBP1	ok
6239	RREB1	ok
624	BDKRB2	ok
6240	RRM1	ok
6241	RRM2	ok
6242	RTKN	ok
6247	RS1	ok
6248	RSC1A1	ok
6249	CLIP1	ok
6251	RSU1	ok
6252	RTN1	ok
6253	RTN2	ok
6256	RXRA	ok
6257	RXRB	ok
6258	RXRG	ok
6259	RYK	ok
6261	RYR1	ok
6262	RYR2	ok
6263	RYR3	ok
627	BDNF	ok
6271	S100A1	ok
6272	SORT1	ok
6273	S100A2	ok
6274	S100A3	ok
6275	S100A4	ok
6276	S100A5	ok
6277	S100A6	ok
6278	S100A7	ok
6279	S100A8	ok
6280	S100A9	ok
6281	S100A10	ok
6282	S100A11	ok
6283	S100A12	ok
6284	S100A13	ok
6285	S100B	ok
6286	S100P	ok
6288	SAA1	ok
6289	SAA2	ok
629	CFB	ok
6290	SAA3P	ok
6291	SAA4	ok
6293	VPS52	ok
6294	SAFB	ok
6295	SAG	ok
6296	ACSM3	ok
6297	SALL2	ok
6299	SALL1	ok
6300	MAPK12	ok
6301	SARS1	ok
6302	TSPAN31	ok
63027	SLC22A23	ok
6303	SAT1	ok
63035	BCORL1	ok
63036	CELA2A	ok
6304	SATB1	ok
6305	SBF1	ok
6307	MSMO1	ok
6309	SC5D	ok
631	BFSP1	ok
6310	ATXN1	ok
6311	ATXN2	ok
6314	ATXN7	ok
6315	ATXN8OS	ok
6317	SERPINB3	ok
6318	SERPINB4	ok
6319	SCD	ok
632	BGLAP	ok
6320	CLEC11A	ok
6322	SCML1	ok
6323	SCN1A	ok
6324	SCN1B	ok
6326	SCN2A	ok
6327	SCN2B	ok
6328	SCN3A	ok
6329	SCN4A	ok
633	BGN	ok
6330	SCN4B	ok
6331	SCN5A	ok
6332	SCN7A	ok
6334	SCN8A	ok
6335	SCN9A	ok
6336	SCN10A	ok
6337	SCNN1A	ok
6338	SCNN1B	ok
6339	SCNN1D	ok
634	CEACAM1	ok
6340	SCNN1G	ok
6341	SCO1	ok
6342	SCP2	ok
6343	SCT	ok
6344	SCTR	ok
6345	SRL	ok
6346	CCL1	ok
6347	CCL2	ok
6348	CCL3	ok
635	BHMT	ok
6351	CCL4	ok
6352	CCL5	ok
6354	CCL7	ok
6355	CCL8	ok
6356	CCL11	ok
6357	CCL13	ok
6358	CCL14	ok
636	BICD1	ok
6360	CCL16	ok
6361	CCL17	ok
6362	CCL18	ok
6363	CCL19	ok
6364	CCL20	ok
6366	CCL21	ok
6367	CCL22	ok
6368	CCL23	ok
6369	CCL24	ok
637	BID	ok
6370	CCL25	ok
6372	CXCL6	ok
6373	CXCL11	ok
6374	CXCL5	ok
6375	XCL1	ok
6376	CX3CL1	ok
638	BIK	ok
6382	SDC1	ok
63826	SRR	ok
63827	BCAN	ok
6383	SDC2	ok
6385	SDC4	ok
6386	SDCBP	ok
6387	CXCL12	ok
63874	ABHD4	ok
63875	MRPL17	ok
63876	PKNOX2	ok
63877	FAM204A	ok
6388	SDF2	ok
6389	SDHA	ok
63891	RNF123	ok
63892	THADA	ok
63893	UBE2O	ok
63894	VIPAS39	ok
63895	PIEZO2	ok
63897	HEATR6	ok
63898	SH2D4A	ok
63899	NSUN3	ok
639	PRDM1	ok
6390	SDHB	ok
63901	FAM111A	ok
63904	DUSP21	ok
63905	MANBAL	ok
63906	GPATCH3	ok
63908	NAPB	ok
6391	SDHC	ok
63910	SLC17A9	ok
63914	LINC01590	ok
63915	BLOC1S5	ok
63916	ELMO2	ok
63917	GALNT11	ok
6392	SDHD	ok
63920	ZBED8	ok
63922	CHTF18	ok
63923	TNN	ok
63924	CIDEC	ok
63925	ZNF335	ok
63926	ANKEF1	ok
63928	CHP2	ok
63929	XPNPEP3	ok
63930	LINC01749	ok
63931	MRPS14	ok
63932	STEEP1	ok
63933	MCUR1	ok
63934	ZNF667	ok
63935	PCIF1	ok
63939	FAM217B	ok
63940	GPSM3	ok
63941	NECAB3	ok
63943	FKBPL	ok
63946	DMRTC2	ok
63947	DMRTC1	ok
63948	DMRTB1	ok
63950	DMRTA2	ok
63951	DMRTA1	ok
6396	SEC13	ok
63967	CLSPN	ok
6397	SEC14L1	ok
63970	TP53AIP1	ok
63971	KIF13A	ok
63973	NEUROG2	ok
63974	NEUROD6	ok
63976	PRDM16	ok
63977	PRDM15	ok
63978	PRDM14	ok
63979	FIGNL1	ok
6398	SECTM1	ok
63982	ANO3	ok
6399	TRAPPC2	ok
640	BLK	ok
6400	SEL1L	ok
64002	PCGEM1	ok
64005	MYO1G	ok
6401	SELE	ok
6402	SELL	ok
6403	SELP	ok
6404	SELPLG	ok
6405	SEMA3F	ok
6406	SEMG1	ok
64061	TSPYL2	ok
64062	RBM26	ok
64063	PRSS22	ok
64064	OXCT2	ok
64065	PERP	ok
64066	MMP27	ok
64067	NPAS3	ok
6407	SEMG2	ok
64072	CDH23	ok
64077	LHPP	ok
64078	SLC28A3	ok
64080	RBKS	ok
64081	PBLD	ok
64083	GOLPH3	ok
64084	CLSTN2	ok
64087	MCCC2	ok
64089	SNX16	ok
64090	GAL3ST2	ok
64091	POPDC2	ok
64092	SAMSN1	ok
64093	SMOC1	ok
64094	SMOC2	ok
64097	EPB41L4A	ok
64098	PARVG	ok
641	BLM	ok
64100	ELSPBP1	ok
64101	LRRC4	ok
64102	TNMD	ok
64105	CENPK	ok
64106	NPFFR1	ok
64108	RTP4	ok
64110	MAGEF1	ok
64111	NPVF	ok
64112	MOAP1	ok
64114	TMBIM1	ok
64115	VSIR	ok
64116	SLC39A8	ok
64118	DUS1L	ok
64121	RRAGC	ok
64122	FN3K	ok
64123	ADGRL4	ok
64127	NOD2	ok
64129	TINAGL1	ok
641298	SMG1P1	ok
64130	LIN7B	ok
64131	XYLT1	ok
641311	RPL31P11	ok
64132	XYLT2	ok
641339	ZNF674	ok
64135	IFIH1	ok
641364	SLC7A11-AS1	ok
641365	LINC00616	ok
641367	CCNYL6	ok
64137	ABCG4	ok
641371	ACOT1	ok
641372	ACOT6	ok
641373	NRON	ok
6414	SELENOP	ok
64145	RBSN	ok
641451	SNORA19	ok
641455	POTEM	ok
64146	PDF	ok
641467	TSC22D1-AS1	ok
64147	KIF9	ok
64149	C17orf75	ok
6415	SELENOW	ok
64151	NCAPG	ok
641515	MGAT4EP	ok
641516		no_symbol_in_gene_info
641517	DEFB109B	ok
641518	LEF1-AS1	ok
6416	MAP2K4	ok
641638	SNHG6	ok
641648	SNORD87	ok
641649	TMEM91	ok
64167	ERAP2	ok
64168	NECAB1	ok
64170	CARD9	ok
641700	ECSCR	ok
64172	OSGEPL1	ok
64174	DPEP2	ok
641746	GCSHP8	ok
64175	P3H1	ok
6418	SET	ok
64180	DPEP3	ok
64184	EDDM3B	ok
6419	SETMAR	ok
641977	SEPTIN7P2	ok
642	BLMH	ok
642006	GUSBP10	ok
64207	IRF2BPL	ok
64208	POPDC3	ok
6421	SFPQ	ok
64210	MMS19	ok
64211	LHX5	ok
64215	DNAJC1	ok
64216	TFB2M	ok
64218	SEMA4A	ok
64219	PJA1	ok
6422	SFRP1	ok
64220	STRA6	ok
64221	ROBO3	ok
64222	TOR3A	ok
64223	MLST8	ok
642236	FRG1JP	ok
64224	HERPUD2	ok
64225	ATL2	ok
642265		no_symbol_in_gene_info
642273	FAM110C	ok
642280	ZNF876P	ok
6423	SFRP2	ok
64231	MS4A6A	ok
64232	MS4A5	ok
642345	MIR4500HG	ok
64236	PDLIM2	ok
642361		no_symbol_in_gene_info
642366	ISL1-DT	ok
642394	ADARB2-AS1	ok
6424	SFRP4	ok
64240	ABCG5	ok
64241	ABCG8	ok
642423		no_symbol_in_gene_info
642446	TRIM64B	ok
642475	MROH6	ok
6425	SFRP5	ok
642517	AGAP9	ok
642559	POU5F1P3	ok
642569	TRIM53AP	ok
642587	MIR205HG	ok
642597	AKAIN1	ok
6426	SRSF1	ok
642612	TRIM49C	ok
642623	UBTFL1	ok
642629		no_symbol_in_gene_info
642636	RAD21L1	ok
642658	SCX	ok
6427	SRSF2	ok
642741	RPL3P7	ok
642778	NPIPA3	ok
6428	SRSF3	ok
642819	ZNF487	ok
64282	TENT4B	ok
642826	BMS1P2	ok
64283	ARHGEF28	ok
64284	RAB17	ok
642843	CPSF4L	ok
642846		no_symbol_in_gene_info
64285	RHBDF1	ok
642852	LINC00205	ok
642864	SPATA42	ok
64288	ZSCAN31	ok
6429	SRSF4	ok
642924	CIBAR1-DT	ok
642929		no_symbol_in_gene_info
642938	INSYN2A	ok
642946	FLVCR1-DT	ok
642968	FAM163B	ok
642976	GRIK1-AS1	ok
642987	TMEM232	ok
643	CXCR5	ok
6430	SRSF5	ok
643008	SMIM5	ok
643036		no_symbol_in_gene_info
643037	C11orf97	ok
6431	SRSF6	ok
643155	SMIM15	ok
643160	CYMP	ok
643161	FAM25A	ok
64318	NOC3L	ok
643180	CCT6A3P	ok
64319	FBRS	ok
6432	SRSF7	ok
64320	RNF25	ok
643201	CEP192P1	ok
64321	SOX17	ok
643210		no_symbol_in_gene_info
643224	TUBBP5	ok
643226	GRXCR2	ok
643236	TMEM72	ok
64324	NSD1	ok
643246	MAP1LC3B2	ok
643253	CCT6A2P	ok
64326	COP1	ok
64327	LMBR1	ok
64328	XPO4	ok
6433	SFSWAP	ok
643311	CT47B1	ok
643314		no_symbol_in_gene_info
64332	NFKBIZ	ok
64333	ARHGAP9	ok
643332	RNASE2CP	ok
643338	C15orf62	ok
643339		no_symbol_in_gene_info
643355	LINC01750	ok
643376	BTBD18	ok
643382	TMEM253	ok
643387	TARDBPP3	ok
643394	SPINK9	ok
6434	TRA2B	ok
643401	PURPL	ok
643406		no_symbol_in_gene_info
643414	LIPK	ok
643418	LIPN	ok
64342	HS1BP3	ok
64343	AZI2	ok
643432		no_symbol_in_gene_info
64344	HIF3A	ok
643441		no_symbol_in_gene_info
643486	BRDTP1	ok
643503	TARDBPP1	ok
643529	LINC00865	ok
643542	DSEL-AS1	ok
64359	NXN	ok
643596	RNF224	ok
643623	LINC02523	ok
643641	ZNF862	ok
643648	LINC01189	ok
643650	LINC00842	ok
643664	SLC35G6	ok
643669	CCER2	ok
643677	LRTM3	ok
643707	GOLGA6L4	ok
643711	PAFAH1B2P2	ok
643714	CASC16	ok
643719	SCGB1B2P	ok
643723	LYPLAL1-DT	ok
643733	CASP4LP	ok
64374	SIL1	ok
643749	TRAF3IP2-AS1	ok
64375	IKZF4	ok
64376	IKZF5	ok
643763		no_symbol_in_gene_info
64377	CHST8	ok
643770	LINC02453	ok
643802	MPHOSPH10P1	ok
643803	KRTAP24-1	ok
643832		no_symbol_in_gene_info
643834	PGA3	ok
643836	ZFP62	ok
643837	LINC01128	ok
643847	PGA4	ok
643853	TMPPE	ok
643854	CTAGE9	ok
64386	MMP25	ok
643866	CBLN3	ok
64388	GREM2	ok
6439	SFTPB	ok
643904	RNF222	ok
643911	CRNDE	ok
643923		no_symbol_in_gene_info
64393	ZMAT3	ok
64395	GMCL1	ok
643955	ZNF733P	ok
64396	GMCL2	ok
643965	TMEM278	ok
64397	ZNF106	ok
64398	PALS1	ok
643988	FNDC10	ok
64399	HHIP	ok
644	BLVRA	ok
6440	SFTPC	ok
64400	AKTIP	ok
644019	ZNG1F	ok
64403	CDH24	ok
644041	C18orf63	ok
64405	CDH22	ok
644054	FAM25C	ok
644068	RPS14P3	ok
64407	RGS18	ok
64409	GALNT17	ok
644096	SDHAF1	ok
6441	SFTPD	ok
64410	KLHL25	ok
644100	ARL14EPL	ok
64411	ARAP3	ok
64412	GZF1	ok
644128	RPL23AP53	ok
644139	PIRT	ok
644145	EXOC1L	ok
644150	WIPF3	ok
644165	BCRP3	ok
644168	DRGX	ok
64417	TMEM267	ok
644172	MAPK8IP1P2	ok
64418	TMEM168	ok
644186	SYCE3	ok
644189	ACOT4P1	ok
64419	MTMR14	ok
644192	NR2F2-AS1	ok
6442	SGCA	ok
64420	SUSD1	ok
64421	DCLRE1C	ok
64422	ATG3	ok
64423	INF2	ok
644242	LINC00622	ok
644246	KANSL1-AS1	ok
644248	SNCA-AS1	ok
64425	POLR1E	ok
64426	SUDS3	ok
64427	TTC31	ok
64428	CIAO3	ok
64429	ZDHHC6	ok
6443	SGCB	ok
64430	PCNX4	ok
64431	ACTR6	ok
644314	MT1IP	ok
644316		no_symbol_in_gene_info
64432	MRPS25	ok
64433	LINC00244	ok
64434	NOM1	ok
644353	ZCCHC18	ok
6444	SGCD	ok
644444	CDC50CP	ok
64446	DNAI2	ok
6445	SGCG	ok
644511	RPL13AP6	ok
644524	NKX2-4	ok
644538	SMIM10	ok
644554		no_symbol_in_gene_info
644591	PPIAL4G	ok
644596	SMIM10L2B	ok
6446	SGK1	ok
644619	INTS4P2	ok
644649	APOOP5	ok
644656	ZNF143-AS1	ok
644660	RAD21-AS1	ok
644669	ANKRD30BP4	ok
644694	CDRT15P2	ok
6447	SCG5	ok
644714	LIMD1-AS1	ok
644759	TMPRSS11GP	ok
64478	CSMD1	ok
6448	SGSH	ok
644809	PAK6-AS1	ok
644815	SACK1G	ok
644838	LINC01829	ok
644844	PHGR1	ok
644861	NBPF13P	ok
644873	SLC12A2-DT	ok
644890	MEIG1	ok
6449	SGTA	ok
64493	LINC00235	ok
644936		no_symbol_in_gene_info
644943	RASSF10	ok
644945	KRT16P3	ok
644961	ACTG1P20	ok
644962	TNRC18P1	ok
644974	ALG1L2	ok
64499	TPSB2	ok
644990	THRB-AS1	ok
644997	PIK3CD-AS1	ok
645	BLVRB	ok
6450	SH3BGR	ok
645027	EVPLL	ok
64506	CPEB1	ok
645090		no_symbol_in_gene_info
6451	SH3BGRL	ok
645104	CLRN2	ok
645121	CCNI2	ok
645158	CBX3P2	ok
645166	LSP1P5	ok
64518	TEKT3	ok
645191	LINGO3	ok
6452	SH3BP2	ok
645206	LINC00693	ok
645212	EIF3J-DT	ok
645249	MNX1-AS1	ok
6453	ITSN1	ok
645323	MIR9-2HG	ok
645332	FAM86C2P	ok
645339	SNRPD2P2	ok
645355	MIR3976HG	ok
645367	GGT8P	ok
645369	TMEM200C	ok
645425	PRAMEF20	ok
645426	TMEM191C	ok
645431	FUT8-AS1	ok
645432	ARRDC5	ok
645434	LINC01625	ok
645455	CEP170P1	ok
6455	SH3GL1	ok
645513	SEPTIN7P14	ok
645528	FAM238A	ok
645591	LHFPL3-AS1	ok
6456	SH3GL2	ok
645638	WFDC21P	ok
645644		no_symbol_in_gene_info
645676	ASH1L-AS1	ok
645682	POU5F1P4	ok
645683	RPL13AP3	ok
645687	LINC00520	ok
6457	SH3GL3	ok
645700	ZNF890P	ok
645745	MT1HL1	ok
645752	GOLGA6FP	ok
64577	ALDH8A1	ok
645784	ANKRD36BP2	ok
64579	NDST4	ok
6458	SH3GL1P1	ok
64581	CLEC7A	ok
645811	CCDC154	ok
64582	GPR135	ok
645832	SEBOX	ok
645840		no_symbol_in_gene_info
645843	TMEM14EP	ok
645864	MAGEB17	ok
645884	RPS7P5	ok
6459	SH3GL1P2	ok
64591	TSPY2	ok
64593	RBMY3AP	ok
645949	LINC01822	ok
64595	TTTY15	ok
645958	RPS18P9	ok
645961	SPATA31C2	ok
64598	MOSPD3	ok
64599	GIGYF1	ok
645996	NAP1L6P	ok
646	BNC1	ok
64600	PLA2G2F	ok
64601	VPS16	ok
646019	CBY3	ok
646023	ADORA2A-AS1	ok
646024	RAET1K	ok
646074	POM121L10P	ok
646096	CHEK2P2	ok
6461	SHB	ok
646113	SERTAD4BP	ok
646168	LRRC77P	ok
646174	C16orf90	ok
6462	SHBG	ok
646201	BASP1P1	ok
646214		no_symbol_in_gene_info
646243	CXADRP2	ok
646268	LINC01704	ok
646278	PDCD6IPP2	ok
646282	AZGP1P1	ok
646300	COL6A4P2	ok
646324	LINC00607	ok
646329		no_symbol_in_gene_info
646396	REREP3	ok
6464	SHC1	ok
646405	TPTE2P1	ok
64641	EBF2	ok
646424	SPINK8	ok
64645	SLC71A1	ok
646450	ARIH2OS	ok
646457	C19orf67	ok
646471		no_symbol_in_gene_info
646480	FABP9	ok
646486	FABP12	ok
646498	CIMIP7	ok
646508	FAM90A27P	ok
64651	CSRNP1	ok
646576	HHIP-AS1	ok
646600	IGF2BP2-AS1	ok
646603	C4orf51	ok
646625	URAD	ok
646626	BCL10-AS1	ok
646627	LYPD8	ok
64663	SPANXC	ok
646643	SBK2	ok
646658	SYNDIG1L	ok
646719	NIPBL-DT	ok
646736		no_symbol_in_gene_info
646762	MIR550A3HG	ok
646799	ZAR1L	ok
6468	FBXW4	ok
646813		no_symbol_in_gene_info
64682	ANAPC1	ok
646851	FAM227A	ok
646862	RNF225	ok
64689	GORASP1	ok
646892	SH2D7	ok
6469	SHH	ok
646903		no_symbol_in_gene_info
64693	CTAGE1	ok
646938		no_symbol_in_gene_info
646960	PRSS56	ok
646962	HRCT1	ok
646982	LINC00598	ok
64699	TMPRSS3	ok
646999		no_symbol_in_gene_info
6470	SHMT1	ok
647012	YY1P2	ok
647024	C6orf132	ok
647033	PA2G4P4	ok
647042	GOLGA6L10	ok
64708	COPS7B	ok
647087	STMP1	ok
64710	NUCKS1	ok
647107	LINC01192	ok
64711	HS3ST6	ok
647121	EMBP1	ok
64714	PDIA2	ok
647166	C13orf42	ok
647174	SERPINE3	ok
64718	UNKL	ok
647190	RPS16P5	ok
6472	SHMT2	ok
647219	ASCL5	ok
647286	RD3L	ok
647288	CTAGE11P	ok
647309	GMNC	ok
647310	TEX22	ok
647323	LINC02026	ok
64735	LINC00254	ok
6474	SHOX2	ok
64743	WDR13	ok
64744	SMAP2	ok
64745	METTL17	ok
64746	ACBD3	ok
64747	MFSD1	ok
647476	FRG2EP	ok
64748	PLPPR2	ok
64750	SMURF2	ok
64753	CCDC136	ok
64754	SMYD3	ok
64755	RUSF1	ok
64756	ATPAF1	ok
64757	MTARC1	ok
647589	ANHX	ok
64759	TNS3	ok
6476	SI	ok
64760	FHIP2B	ok
64761	PARP12	ok
64762	GAREM1	ok
64763	ZNF574	ok
64764	CREB3L2	ok
64766	S100PBP	ok
64768	IPPK	ok
64769	MEAF6	ok
6477	SIAH1	ok
64770	CCDC14	ok
64771	ILRUN	ok
64772	ENGASE	ok
64773	PCED1A	ok
64776	CFAP68	ok
64777	RMND5B	ok
64778	FNDC3B	ok
64779	MTHFSD	ok
6478	SIAH2	ok
64780	MICAL1	ok
64781	CERK	ok
64782	AEN	ok
64783	RBM15	ok
64784	CRTC3	ok
64785	GINS3	ok
647859	OCLNP1	ok
64786	TBC1D15	ok
64787	EPS8L2	ok
64788	LMF1	ok
64789	EXO5	ok
64792	IFT22	ok
64793	CEP85	ok
64794	DDX31	ok
647946	MIR924HG	ok
64795	RMND5A	ok
647979	NORAD	ok
64798	DEPTOR	ok
64799	IQCH	ok
648	BMI1	ok
6480	ST6GAL1	ok
64800	EFCAB6	ok
64801	ARV1	ok
64802	NMNAT1	ok
64805	P2RY12	ok
64806	IL25	ok
64816	CYP3A43	ok
6482	ST3GAL1	ok
6483	ST3GAL2	ok
64834	ELOVL1	ok
64837	KLC2	ok
64838	FNDC4	ok
64839	FBXL17	ok
6484	ST3GAL4	ok
64840	PORCN	ok
64841	GNPNAT1	ok
64843	ISL2	ok
64844	MARCHF7	ok
64847	SPATA20	ok
64848	YTHDC2	ok
64849	SLC13A3	ok
64850	ETNPPL	ok
64852	TUT1	ok
64853	AIDA	ok
64854	USP46	ok
64855	NIBAN2	ok
64856	VWA1	ok
64857	PLEKHG2	ok
64858	DCLRE1B	ok
64859	NABP1	ok
64860	ARMCX5	ok
64863	METTL4	ok
64864	RFX7	ok
64866	CDCP1	ok
648691	PRAME-AS	ok
6487	ST3GAL3	ok
648740	ACTG1P4	ok
648791	PPP1R3G	ok
648809	EFL1P1	ok
64881	PCDH20	ok
6489	ST8SIA1	ok
64895	PAPOLG	ok
64897	C12orf43	ok
648987	ANXA2R-OT1	ok
649	BMP1	ok
6490	PMEL	ok
64900	LPIN3	ok
64901	RANBP17	ok
64902	AGXT2	ok
6491	STIL	ok
649133	POU2F3-AS1	ok
64919	BCL11B	ok
6492	SIM1	ok
64921	CASD1	ok
64922	LRRC19	ok
64924	SLC30A5	ok
64925	CCDC71	ok
64926	RASAL3	ok
649264	CES5AP1	ok
64927	TTC23	ok
64928	MRPL14	ok
6493	SIM2	ok
649330	HNRNPCL3	ok
649352		no_symbol_in_gene_info
649395	YWHAEP1	ok
6494	SIPA1	ok
64940	STAG3L4	ok
64943	NT5DC2	ok
649446	DLGAP1-AS1	ok
64946	CENPH	ok
64949	MRPS26	ok
6495	SIX1	ok
64951	MRPS24	ok
6496	SIX3	ok
64960	MRPS15	ok
64963	MRPS11	ok
64965	MRPS9	ok
64968	MRPS6	ok
64969	MRPS5	ok
6497	SKI	ok
64975	MRPL41	ok
64976	MRPL40	ok
64978	MRPL38	ok
64979	MRPL36	ok
6498	SKIL	ok
64981	MRPL34	ok
64983	MRPL32	ok
6499	SKIC2	ok
649946	RPL23AP64	ok
650	BMP2	ok
6500	SKP1	ok
65003	MRPL11	ok
65005	MRPL9	ok
65008	MRPL1	ok
65009	NDRG4	ok
65010	SLC26A6	ok
65012	SLC26A10P	ok
65018	PINK1	ok
6502	SKP2	ok
650226		no_symbol_in_gene_info
650293	OR7E85BP	ok
6503	SLA	ok
650368	TSSC2	ok
6504	SLAMF1	ok
6505	SLC1A1	ok
65055	REEP1	ok
65056	GPBP1	ok
65057	ACD	ok
65059	RAPH1	ok
6506	SLC1A2	ok
65061	CDK15	ok
65062	TMEM237	ok
650623	BEND3P3	ok
65065	NBEAL1	ok
650655	ABCA17P	ok
650669	GAS6-AS1	ok
6507	SLC1A3	ok
65072	CFLAR-AS1	ok
65078	RTN4R	ok
650794	MIPEPP3	ok
6508	SLC4A3	ok
65080	MRPL44	ok
65082	VPS33A	ok
65083	NOL6	ok
65084	TMEM135	ok
6509	SLC1A4	ok
65094	JMJD4	ok
65095	KRI1	ok
651	BMP3	ok
6510	SLC1A5	ok
65108	MARCKSL1	ok
65109	UPF3B	ok
6511	SLC1A6	ok
65110	UPF3A	ok
65117	RSRC2	ok
6512	SLC1A7	ok
65121	PRAMEF1	ok
65122	PRAMEF2	ok
65123	INTS3	ok
65124	SOWAHC	ok
65125	WNK1	ok
6513	SLC2A1	ok
651302	ZKSCAN8P1	ok
6514	SLC2A2	ok
651430		no_symbol_in_gene_info
6515	SLC2A3	ok
6517	SLC2A4	ok
651746	ANKRD33B	ok
6518	SLC2A5	ok
6519	SLC3A1	ok
652	BMP4	ok
6520	SLC3A2	ok
6521	SLC4A1	ok
65217	PCDH15	ok
6522	SLC4A2	ok
65220	NADK	ok
652276		no_symbol_in_gene_info
6523	SLC5A1	ok
6524	SLC5A2	ok
65243	ZFP69B	ok
65244	SPATS2	ok
65249	ZSWIM4	ok
6525	SMTN	ok
65250	CPLANE1	ok
65251	ZNF649	ok
65258	MPPE1	ok
6526	SLC5A3	ok
65260	COA7	ok
65263	PYCR3	ok
65264	UBE2Z	ok
65265	C8orf33	ok
65266	WNK4	ok
65267	WNK3	ok
65268	WNK2	ok
6527	SLC5A4	ok
6528	SLC5A5	ok
6529	SLC6A1	ok
652965	SNORA48	ok
652966	SNORD10	ok
652968	CASTOR1	ok
652972	LRRC37A5P	ok
652991	SKOR2	ok
652995	UCA1	ok
653	BMP5	ok
6530	SLC6A2	ok
653061	GOLGA8S	ok
653075	GOLGA8T	ok
6531	SLC6A3	ok
653113	FAM86FP	ok
653121	ZBTB8A	ok
653140	FAM228A	ok
653145	ANXA8	ok
653149	NBPF6	ok
653160	GPR199P	ok
653162	RPSAP9	ok
653166	OR1D4	ok
653188	GUSBP3	ok
653190	ABCC6P1	ok
653192	TRIM43B	ok
6532	SLC6A4	ok
653238	GTF2H2B	ok
653240	KRTAP4-11	ok
653247	PRB2	ok
653268	AGAP7P	ok
653269	POTEI	ok
6533	SLC6A6	ok
653308	ASAH2B	ok
653316	FAM153CP	ok
653319	MATCAP1	ok
653333	FAM86B2	ok
653361	NCF1	ok
653390	RRN3P2	ok
653399	GSTTP2	ok
6534	SLC6A7	ok
653404	FOXD4L6	ok
653427	FOXD4L5	ok
653437	AQP12B	ok
653464	SRGAP2C	ok
653479	MRPL45P2	ok
653483	AFDN-DT	ok
653489	RGPD3	ok
653492	PSG10P	ok
653499	LGALS7B	ok
6535	SLC6A8	ok
653501		no_symbol_in_gene_info
653505	PPIAL4A	ok
653509	SFTPA1	ok
653513		no_symbol_in_gene_info
653519	GPHRA	ok
653567	TMEM236	ok
653583	PHLDB3	ok
6536	SLC6A9	ok
653604	H3C13	ok
653635	WASH7P	ok
653641	GOLGA6C	ok
653643	GOLGA6D	ok
653645	TBC1D3P1-DHX40P1	ok
653653	AP1S2P2	ok
653677	FUT2BP	ok
653687	FAM226B	ok
653712	IFT122P3	ok
653781	POTEJ	ok
653784	MZT2A	ok
653786	OTOAP1	ok
6538	SLC6A11	ok
653808	ZG16	ok
653820	RUMY2	ok
653857	ACTR3C	ok
6539	SLC6A12	ok
654	BMP6	ok
6540	SLC6A13	ok
6541	SLC7A1	ok
6542	SLC7A2	ok
654231	OCM	ok
654254	ZNF732	ok
6543	SLC8A2	ok
654320	SNORA8	ok
654321	SNORA75	ok
654322	SNORA13	ok
654341		no_symbol_in_gene_info
654342	LSP1P4	ok
654346	LGALS9C	ok
654364	NME1-NME2	ok
654412	FAM138B	ok
654429	LRTM2	ok
654433	PAX8-AS1	ok
654434	SNHG20	ok
654463	FER1L6	ok
654466	FGF7P3	ok
6545	SLC7A4	ok
654502	IQCJ	ok
6546	SLC8A1	ok
6547	SLC8A3	ok
654790	PCP4L1	ok
6548	SLC9A1	ok
654816	NCF1B	ok
654817	NCF1C	ok
654841	MFF-DT	ok
6549	SLC9A2	ok
655	BMP7	ok
6550	SLC9A3	ok
6553	SLC9A5	ok
6554	SLC10A1	ok
6555	SLC10A2	ok
6556	SLC11A1	ok
6557	SLC12A1	ok
6558	SLC12A2	ok
6559	SLC12A3	ok
656	BMP8B	ok
6560	SLC12A4	ok
6561	SLC13A1	ok
6563	SLC14A1	ok
6564	SLC15A1	ok
6565	SLC15A2	ok
6566	SLC16A1	ok
6567	SLC16A2	ok
6568	SLC17A1	ok
6569	SLC34A1	ok
657	BMPR1A	ok
6570	SLC18A1	ok
6571	SLC18A2	ok
6572	SLC18A3	ok
6573	SLC19A1	ok
6574	SLC20A1	ok
6575	SLC20A2	ok
6576	SLC25A1	ok
6578	SLCO2A1	ok
6579	SLCO1A2	ok
658	BMPR1B	ok
6580	SLC22A1	ok
6581	SLC22A3	ok
6582	SLC22A2	ok
6583	SLC22A4	ok
6584	SLC22A5	ok
6585	SLIT1	ok
6586	SLIT3	ok
6588	SLN	ok
659	BMPR2	ok
6590	SLPI	ok
6591	SNAI2	ok
6594	SMARCA1	ok
6595	SMARCA2	ok
6596	HLTF	ok
6597	SMARCA4	ok
65975	STK33	ok
65977	PLEKHA3	ok
65979	PHACTR4	ok
6598	SMARCB1	ok
65980	BRD9	ok
65981	CAPRIN2	ok
65982	ZSCAN18	ok
65983	GRAMD2B	ok
65985	AACS	ok
65986	ZBTB10	ok
65987	KCTD14	ok
65988	ZNF747	ok
65989	DLK2	ok
6599	SMARCC1	ok
65990	ANTKMT	ok
65991	FUNDC2	ok
65992	DDRGK1	ok
65993	MRPS34	ok
65996	CENPBD2P	ok
65997	RASL11B	ok
65998	ZFTA	ok
65999	LRRC61	ok
660	BMX	ok
66000	TMEM108	ok
66002	CYP4F12	ok
66004	LYNX1	ok
66005	CHID1	ok
66008	TRAK2	ok
6601	SMARCC2	ok
6602	SMARCD1	ok
6603	SMARCD2	ok
66035	SLC2A11	ok
66036	MTMR9	ok
66037	BOLL	ok
6604	SMARCD3	ok
6605	SMARCE1	ok
6606	SMN1	ok
6607	SMN2	ok
6608	SMO	ok
6609	SMPD1	ok
661	POLR3D	ok
6610	SMPD2	ok
6611	SMS	ok
6612	SUMO3	ok
6613	SUMO2	ok
6614	SIGLEC1	ok
6615	SNAI1	ok
6616	SNAP25	ok
6617	SNAPC1	ok
6618	SNAPC2	ok
6619	SNAPC3	ok
662	BNIP1	ok
6620	SNCB	ok
6621	SNAPC4	ok
6622	SNCA	ok
6623	SNCG	ok
6624	FSCN1	ok
6625	SNRNP70	ok
6626	SNRPA	ok
6627	SNRPA1	ok
6628	SNRPB	ok
6629	SNRPB2	ok
663	BNIP2	ok
6631	SNRPC	ok
6632	SNRPD1	ok
6633	SNRPD2	ok
6634	SNRPD3	ok
6635	SNRPE	ok
6636	SNRPF	ok
6637	SNRPG	ok
6638	SNRPN	ok
664	BNIP3	ok
6640	SNTA1	ok
6641	SNTB1	ok
6642	SNX1	ok
6643	SNX2	ok
6645	SNTB2	ok
6646	SOAT1	ok
664615	MIR376A2	ok
664617	MIR542	ok
664618	HSP90AB4P	ok
6647	SOD1	ok
664701	ZNF826P	ok
6648	SOD2	ok
6649	SOD3	ok
665	BNIP3L	ok
6650	CAPN15	ok
6651	SON	ok
6652	SORD	ok
6653	SORL1	ok
6654	SOS1	ok
6655	SOS2	ok
6656	SOX1	ok
6657	SOX2	ok
6658	SOX3	ok
6659	SOX4	ok
666	BOK	ok
6660	SOX5	ok
6662	SOX9	ok
6663	SOX10	ok
6664	SOX11	ok
6665	SOX15	ok
6666	SOX12	ok
6667	SP1	ok
6668	SP2	ok
667	DST	ok
6670	SP3	ok
6671	SP4	ok
6672	SP100	ok
6674	SPAG1	ok
6675	UAP1	ok
6676	SPAG4	ok
6677	SPAM1	ok
6678	SPARC	ok
668	FOXL2	ok
6683	SPAST	ok
6687	SPG7	ok
6688	SPI1	ok
6689	SPIB	ok
669	BPGM	ok
6690	SPINK1	ok
6691	SPINK2	ok
6692	SPINT1	ok
6693	SPN	ok
6694	SPP2	ok
6695	SPOCK1	ok
6696	SPP1	ok
6697	SPR	ok
6698	SPRR1A	ok
6699	SPRR1B	ok
670	BPHL	ok
6700	SPRR2A	ok
6701	SPRR2B	ok
6702	SPRR2C	ok
6703	SPRR2D	ok
6704	SPRR2E	ok
6705	SPRR2F	ok
6706	SPRR2G	ok
6707	SPRR3	ok
6708	SPTA1	ok
6709	SPTAN1	ok
671	BPI	ok
6710	SPTB	ok
6711	SPTBN1	ok
6712	SPTBN2	ok
6713	SQLE	ok
6714	SRC	ok
6715	SRD5A1	ok
6716	SRD5A2	ok
6717	SRI	ok
6718	AKR1D1	ok
6719	SRD5A1P1	ok
672	BRCA1	ok
6720	SREBF1	ok
6721	SREBF2	ok
6722	SRF	ok
6723	SRM	ok
6725	SRMS	ok
6726	SRP9	ok
6727	SRP14	ok
6728	SRP19	ok
6729	SRP54	ok
673	BRAF	ok
6730	SRP68	ok
6731	SRP72	ok
6732	SRPK1	ok
6733	SRPK2	ok
6734	SRPRA	ok
6736	SRY	ok
6737	TRIM21	ok
6738	RO60	ok
6741	SSB	ok
6742	SSBP1	ok
6744	ITPRID2	ok
6745	SSR1	ok
6746	SSR2	ok
6747	SSR3	ok
6748	SSR4	ok
6749	SSRP1	ok
675	BRCA2	ok
6750	SST	ok
6751	SSTR1	ok
6752	SSTR2	ok
6753	SSTR3	ok
6754	SSTR4	ok
6755	SSTR5	ok
6756	SSX1	ok
6758	SSX5	ok
676	BRDT	ok
6760	SS18	ok
6764	DENND2B	ok
6767	ST13	ok
6768	ST14	ok
6769	STAC	ok
677	ZFP36L1	ok
6770	STAR	ok
6772	STAT1	ok
6773	STAT2	ok
6774	STAT3	ok
6775	STAT4	ok
6776	STAT5A	ok
677679	SCARNA3	ok
677681	SCARNA20	ok
6777	STAT5B	ok
677763	SCARNA21	ok
677765	SCARNA18	ok
677766	SCARNA2	ok
677767	SCARNA7	ok
677769	SCARNA17	ok
677770	SCARNA22	ok
677771	SCARNA4	ok
677772	SCARNA6	ok
677773	SCARNA23	ok
677774	SCARNA1	ok
677775	SCARNA5	ok
677776	SCARNA8	ok
677777	SCARNA12	ok
677778	SCARNA15	ok
677779	LINC00488	ok
677780	SCARNA11	ok
677781	SCARNA16	ok
677784	FAM138D	ok
677793	SNORA2A	ok
677794	SNORA2B	ok
677796	SNORA5C	ok
677797	SNORA7B	ok
677799	SNORA11	ok
6778	STAT6	ok
677800	SNORA12	ok
677801	SNORA14A	ok
677802	SNORA14B	ok
677803	SNORA15	ok
677805	SNORA18	ok
677806	SNORA20	ok
677807	SNORA22	ok
677808	SNORA23	ok
677809	SNORA24	ok
677810	SNORA26	ok
677811	SNORA28	ok
677812	SNORA29	ok
677813	SNORA30	ok
677814	SNORA31	ok
677815	SNORA2C	ok
677817	SNORA36A	ok
677818	SNORA36B	ok
677819	SNORA37	ok
677820	SNORA38	ok
677821	SNORA71E	ok
677822	SNORA40	ok
677823	SNORA80E	ok
677826	SNORA3B	ok
677827	SNORA46	ok
677828	SNORA47	ok
677829	SNORA49	ok
677830	SNORA50A	ok
677831	SNORA51	ok
677832	SNORA53	ok
677833	SNORA54	ok
677834	SNORA55	ok
677835	SNORA56	ok
677836	SNORA58	ok
677839	SNORA71C	ok
677840	SNORA71D	ok
677841	SNORA74B	ok
677842	SNORA50C	ok
677843	SNORA77	ok
677844	SNORA78	ok
677845	SNORA79	ok
677846	SNORA80A	ok
677847	SNORA81	ok
677848	SNORD1A	ok
677849	SNORD1B	ok
677882	SNORA59B	ok
677885	SNORA59A	ok
6779	STATH	ok
678	ZFP36L2	ok
6780	STAU1	ok
6781	STC1	ok
6782	HSPA13	ok
6783	SULT1E1	ok
6785	ELOVL4	ok
6786	STIM1	ok
678655	CD27-AS1	ok
6787	NEK4	ok
6788	STK3	ok
6789	STK4	ok
6790	AURKA	ok
6791	AURKAP1	ok
6792	CDKL5	ok
6793	STK10	ok
6794	STK11	ok
6795	AURKC	ok
6799	SULT1A2	ok
680	BRS3	ok
6801	STRN	ok
6804	STX1A	ok
6809	STX3	ok
6810	STX4	ok
6811	STX5	ok
6812	STXBP1	ok
6813	STXBP2	ok
6814	STXBP3	ok
6815	STYX	ok
6817	SULT1A1	ok
6818	SULT1A3	ok
6819	SULT1C2	ok
682	BSG	ok
6820	SULT2B1	ok
6821	SUOX	ok
6822	SULT2A1	ok
6827	SUPT4H1	ok
6829	SUPT5H	ok
683	BST1	ok
6830	SUPT6H	ok
6832	SUPV3L1	ok
6833	ABCC8	ok
6834	SURF1	ok
6835	SURF2	ok
6836	SURF4	ok
6837	MED22	ok
6838	SURF6	ok
6839	SUV39H1	ok
684	BST2	ok
6840	SVIL	ok
6843	VAMP1	ok
6844	VAMP2	ok
6845	VAMP7	ok
6846	XCL2	ok
6847	SYCP1	ok
685	BTC	ok
6850	SYK	ok
6853	SYN1	ok
6854	SYN2	ok
6855	SYP	ok
6856	SYPL1	ok
6857	SYT1	ok
686	BTD	ok
6860	SYT4	ok
6861	SYT5	ok
6862	TBXT	ok
6863	TAC1	ok
6865	TACR2	ok
6866	TAC3	ok
6867	TACC1	ok
6868	ADAM17	ok
6869	TACR1	ok
687	KLF9	ok
6870	TACR3	ok
6871	TADA2A	ok
6872	TAF1	ok
6873	TAF2	ok
6874	TAF4	ok
6875	TAF4B	ok
6876	TAGLN	ok
6877	TAF5	ok
6878	TAF6	ok
6879	TAF7	ok
688	KLF5	ok
6880	TAF9	ok
6881	TAF10	ok
6882	TAF11	ok
6883	TAF12	ok
6884	TAF13	ok
6885	MAP3K7	ok
6886	TAL1	ok
6887	TAL2	ok
6888	TALDO1	ok
689	BTF3	ok
6890	TAP1	ok
6891	TAP2	ok
6892	TAPBP	ok
6894	TARBP1	ok
6895	TARBP2	ok
6897	TARS1	ok
6898	TAT	ok
6899	TBX1	ok
690	BTF3P11	ok
6900	CNTN2	ok
6901	TAFAZZIN	ok
6902	TBCA	ok
6903	TBCC	ok
6904	TBCD	ok
6905	TBCE	ok
6906	SERPINA7	ok
6907	TBL1X	ok
6908	TBP	ok
6909	TBX2	ok
6910	TBX5	ok
6911	TBX6	ok
6913	TBX15	ok
6915	TBXA2R	ok
6916	TBXAS1	ok
6917	TCEA1	ok
6919	TCEA2	ok
6920	TCEA3	ok
692053	SNORD9	ok
692057	SNORD12	ok
692058	SNORD11	ok
692072	SNORD5	ok
692076	SNORD7	ok
692085	SNORD45C	ok
692086	SNORD17	ok
692087	SNORD49B	ok
692088	SNORD50B	ok
692089	SNORD19	ok
692090	SNORD59B	ok
692092	SNORD32B	ok
692094	MSMP	ok
692099	FAM86DP	ok
6921	ELOC	ok
692106	SNORD65	ok
692107	SNORD66	ok
692108	SNORD67	ok
692109	SNORD69	ok
692110	SNORD70	ok
692111	SNORD71	ok
692148	SCARNA10	ok
692149	SCARNA14	ok
692157	SNORA16B	ok
692158	SNORA57	ok
692195	SNORD75	ok
692197	SNORD77	ok
692198	SNORD78	ok
692200	SNORD103C	ok
692202	SNORD88A	ok
692203	SNORD88B	ok
692204	SNORD88C	ok
692205	SNORD89	ok
692207	SNORD91A	ok
692208	SNORD91B	ok
692209	SNORD92	ok
692210	SNORD93	ok
692211	SNORD98	ok
692212	SNORD99	ok
692213	SNORD110	ok
692214	SNORD111	ok
692223	SNORD97	ok
692224		no_symbol_in_gene_info
692225	SNORD94	ok
692226	SNORD96B	ok
692227	SNORD104	ok
692229	SNORD105	ok
692233	SNORD117	ok
692234	SNORD103A	ok
6923	ELOB	ok
6924	ELOA	ok
6925	TCF4	ok
6926	TBX3	ok
6927	HNF1A	ok
6928	HNF1B	ok
6929	TCF3	ok
693120	MIR33B	ok
693122	MIR421	ok
693135	MIR551A	ok
693138	MIR553	ok
693139	MIR554	ok
693140	MIR555	ok
693141	MIR556	ok
693143	MIR558	ok
693146	MIR561	ok
693148	MIR563	ok
693152	MIR567	ok
693153	MIR568	ok
693154	MIR569	ok
693155	MIR570	ok
693157	MIR572	ok
693158	MIR573	ok
693159	MIR574	ok
693163	MIR578	ok
693165	MIR580	ok
693166	MIR581	ok
693174	MIR589	ok
693175	MIR590	ok
693178	MIR593	ok
693181	MIR596	ok
693182	MIR597	ok
693183	MIR598	ok
693184	MIR599	ok
693186	MIR601	ok
693187	MIR602	ok
693188	MIR603	ok
693189	MIR604	ok
693190	MIR605	ok
693193	MIR608	ok
693194	MIR609	ok
693196	MIR611	ok
693198	MIR613	ok
693199	MIR614	ok
6932	TCF7	ok
693200	MIR615	ok
693205	MIR620	ok
693207	MIR622	ok
693208	MIR623	ok
693209	MIR624	ok
693211	MIR626	ok
693212	MIR627	ok
693213	MIR628	ok
693214	MIR629	ok
693215	MIR630	ok
693216	MIR631	ok
693219	MIR634	ok
693220	MIR635	ok
693226	MIR641	ok
693227	MIR642A	ok
693228	MIR643	ok
693229	MIR644A	ok
693230	MIR645	ok
693232	MIR647	ok
693233	MIR648	ok
693235	MIR92B	ok
6934	TCF7L2	ok
6935	ZEB1	ok
6936	GCFC2	ok
6938	TCF12	ok
6939	TCF15	ok
694	BTG1	ok
6940	ZNF354A	ok
6941	TCF19	ok
6942	TCF20	ok
6943	TCF21	ok
6944	VPS72	ok
6945	MLX	ok
6947	TCN1	ok
6948	TCN2	ok
6949	TCOF1	ok
695	BTK	ok
6950	TCP1	ok
6953	TCP10L3	ok
6954	TCP11	ok
696	BTN1A1	ok
6975	TECTB	ok
6988	TCTA	ok
699	BUB1	ok
6990	DYNLT3	ok
6991	DYNLT2	ok
6992	PPP1R11	ok
6993	DYNLT1	ok
6996	TDG	ok
6997	CRIPTO	ok
6998	CRIPTO3	ok
6999	TDO2	ok
70	ACTC1	ok
7001	PRDX2	ok
7003	TEAD1	ok
7004	TEAD4	ok
7005	TEAD3	ok
7006	TEC	ok
7007	TECTA	ok
7008	TEF	ok
7009	TMBIM6	ok
701	BUB1B	ok
7010	TEK	ok
7011	TEP1	ok
7012	TERC	ok
7013	TERF1	ok
7014	TERF2	ok
7015	TERT	ok
7016	TESK1	ok
7018	TF	ok
7019	TFAM	ok
7020	TFAP2A	ok
7021	TFAP2B	ok
7022	TFAP2C	ok
7023	TFAP4	ok
7024	TFCP2	ok
7025	NR2F1	ok
7026	NR2F2	ok
7027	TFDP1	ok
7029	TFDP2	ok
7030	TFE3	ok
7031	TFF1	ok
7032	TFF2	ok
7033	TFF3	ok
7035	TFPI	ok
7036	TFR2	ok
7037	TFRC	ok
7038	TG	ok
7039	TGFA	ok
7040	TGFB1	ok
7041	TGFB1I1	ok
7042	TGFB2	ok
7043	TGFB3	ok
7044	LEFTY2	ok
7045	TGFBI	ok
7046	TGFBR1	ok
7047	TGM4	ok
7048	TGFBR2	ok
7049	TGFBR3	ok
705	BYSL	ok
7050	TGIF1	ok
7051	TGM1	ok
7052	TGM2	ok
7053	TGM3	ok
7054	TH	ok
7056	THBD	ok
7057	THBS1	ok
7058	THBS2	ok
7059	THBS3	ok
706	TSPO	ok
7060	THBS4	ok
7062	TCHH	ok
7064	THOP1	ok
7066	THPO	ok
7067	THRA	ok
7068	THRB	ok
7069	THRSP	ok
7070	THY1	ok
7071	KLF10	ok
7072	TIA1	ok
7073	TIAL1	ok
7074	TIAM1	ok
7075	TIE1	ok
7076	TIMP1	ok
7077	TIMP2	ok
7078	TIMP3	ok
7079	TIMP4	ok
708	C1QBP	ok
7080	NKX2-1	ok
7082	TJP1	ok
7083	TK1	ok
7084	TK2	ok
7086	TKT	ok
7087	ICAM5	ok
7088	TLE1	ok
7089	TLE2	ok
7090	TLE3	ok
7091	TLE4	ok
7092	TLL1	ok
7093	TLL2	ok
7094	TLN1	ok
7095	SEC62	ok
7096	TLR1	ok
7097	TLR2	ok
7098	TLR3	ok
7099	TLR4	ok
71	ACTG1	ok
710	SERPING1	ok
7100	TLR5	ok
7101	NR2E1	ok
7102	TSPAN7	ok
7103	TSPAN8	ok
7104	TM4SF4	ok
7105	TSPAN6	ok
7106	TSPAN4	ok
7107	GPR137B	ok
7108	TM7SF2	ok
7109	TRAPPC10	ok
711	ERC2-IT1	ok
7110	TMF1	ok
7111	TMOD1	ok
7112	TMPO	ok
7113	TMPRSS2	ok
7114	TMSB4X	ok
712	C1QA	ok
7122	CLDN5	ok
7123	CLEC3B	ok
7124	TNF	ok
7125	TNNC2	ok
7126	TNFAIP1	ok
7127	TNFAIP2	ok
7128	TNFAIP3	ok
713	C1QB	ok
7130	TNFAIP6	ok
7132	TNFRSF1A	ok
7133	TNFRSF1B	ok
7134	TNNC1	ok
7135	TNNI1	ok
7136	TNNI2	ok
7137	TNNI3	ok
7138	TNNT1	ok
7139	TNNT2	ok
714	C1QC	ok
7140	TNNT3	ok
7141	TNP1	ok
7142	TNP2	ok
7143	TNR	ok
7145	TNS1	ok
7148	TNXB	ok
715	C1R	ok
7150	TOP1	ok
7151	TOP1P1	ok
7152	TOP1P2	ok
7153	TOP2A	ok
7155	TOP2B	ok
7156	TOP3A	ok
7157	TP53	ok
7158	TP53BP1	ok
7159	TP53BP2	ok
716	C1S	ok
7161	TP73	ok
7162	TPBG	ok
7163	TPD52	ok
7164	TPD52L1	ok
7165	TPD52L2	ok
7166	TPH1	ok
7167	TPI1	ok
7168	TPM1	ok
7169	TPM2	ok
717	C2	ok
7170	TPM3	ok
7171	TPM4	ok
7172	TPMT	ok
7173	TPO	ok
7174	TPP2	ok
7175	TPR	ok
7177	TPSAB1	ok
7178	TPT1	ok
7179	TPTE	ok
718	C3	ok
7180	CRISP2	ok
7181	NR2C1	ok
7182	NR2C2	ok
7184	HSP90B1	ok
7185	TRAF1	ok
7186	TRAF2	ok
7187	TRAF3	ok
7188	TRAF5	ok
7189	TRAF6	ok
719	C3AR1	ok
7190	HSP90B2P	ok
72	ACTG2	ok
720	C4A	ok
7200	TRH	ok
7201	TRHR	ok
7203	CCT3	ok
7204	TRIO	ok
7205	TRIP6	ok
7216	TRO	ok
722	C4BPA	ok
7220	TRPC1	ok
7221	TRPC2	ok
7222	TRPC3	ok
7223	TRPC4	ok
7224	TRPC5	ok
7225	TRPC6	ok
7226	TRPM2	ok
7227	TRPS1	ok
723778	MIR650	ok
723790	H2AC19	ok
723809	LHFPL3-AS2	ok
723972	ANP32AP1	ok
724026	MIR656	ok
724027	MIR657	ok
724028	MIR658	ok
724029	MIR659	ok
724031	MIR661	ok
724087	LINC01545	ok
724102	SNHG4	ok
7247	TSN	ok
7248	TSC1	ok
7249	TSC2	ok
725	C4BPB	ok
7251	TSG101	ok
7252	TSHB	ok
7253	TSHR	ok
7257	TSNAX	ok
7258	TSPY1	ok
7259	TSPYL1	ok
726	CAPN5	ok
7260	EIPR1	ok
7262	PHLDA2	ok
7263	TST	ok
7264	GFUS	ok
7265	TTC1	ok
7266	DNAJC7	ok
7267	TTC3	ok
7268	TTC4	ok
727	C5	ok
7270	TTF1	ok
7272	TTK	ok
7273	TTN	ok
7274	TTPA	ok
7275	TUB	ok
7276	TTR	ok
727677	CASC8	ok
727699	LINC00163	ok
7277	TUBA4A	ok
727708	SNORD116-19	ok
727758	ROCK1P1	ok
727764	MAFIP	ok
7278	TUBA3C	ok
727800	RNF208	ok
727830	SPATA31A3	ok
727851	RGPD8	ok
727857	BHLHA9	ok
727866	FAM156B	ok
727896	CHORDC1P4	ok
727897	MUC5B	ok
727905	SPATA31A5	ok
727910	TLCD2	ok
727915	AGBL1-AS1	ok
727924	LINC02203	ok
727936	GXYLT2	ok
727940	RHOXF2B	ok
727956	SDHAP2	ok
727957	MROH1	ok
727982	LINC01249	ok
728	C5AR1	ok
7280	TUBB2A	ok
728024	STEEP1P1	ok
728039	SSR4P1	ok
728040	LINC02499	ok
728047	GOLGA8O	ok
728053		no_symbol_in_gene_info
728081	LINC00290	ok
728084	LINC02458	ok
728116	ZBTB8B	ok
728118	NUTM2A	ok
728130	NUTM2D	ok
728137	TSPY3	ok
728175	LINC02363	ok
728190	NUTM2A-AS1	ok
728192	LINC00460	ok
728194	RSPH10B2	ok
728215	NALF1	ok
728218	FAM245A	ok
728224	KRTAP4-8	ok
728228	LINC01433	ok
728229	TMEM191B	ok
728233	PI4KAP1	ok
728239	MAGED4	ok
728262	FAM157A	ok
728264	CARMN	ok
728269	MAGEA9B	ok
728276	CLEC19A	ok
728279	KRTAP2-2	ok
728294	D2HGDH	ok
728299	KRTAP19-8	ok
7283	TUBG1	ok
728310	GOLGA6L7	ok
728323	LINC01881	ok
728340	GTF2H2C	ok
728342	LINC00992	ok
728358	DEFA1B	ok
728361	OVOL3	ok
728377	ARHGEF34P	ok
728378	POTEF	ok
728392	SMIM48	ok
7284	TUFM	ok
728402	TPI1P3	ok
728404		no_symbol_in_gene_info
728407	PARGP1	ok
728411	GUSBP1	ok
728431	LITATS1	ok
728448	PPIEL	ok
728461		no_symbol_in_gene_info
728463	TGFB2-AS1	ok
728464	METTL24	ok
728489	DNLZ	ok
728495	FAM74A3	ok
728537	C2orf92	ok
728554		no_symbol_in_gene_info
728558	ENTPD1-AS1	ok
728568	UQCC6	ok
728577	CNTNAP3B	ok
728591	CCDC169	ok
7286	TUFT1	ok
728606	PCAT18	ok
728609	SDHAP3	ok
728613	PDCD6P1	ok
728619	ASB9P1	ok
728621	CCDC30	ok
728622	SKP1P2	ok
728635	DHRS4L1	ok
728637	MEIKIN	ok
728640	FAM133CP	ok
728642	CDK11A	ok
728643	HNRNPA1P33	ok
728655	HULC	ok
728661	SLC35E2B	ok
728689	EIF3CL	ok
7287	TULP1	ok
728716	LINC01346	ok
728723	ZBED3-AS1	ok
728724	LINC00977	ok
728730	MAP4K3-DT	ok
728739		no_symbol_in_gene_info
728743		no_symbol_in_gene_info
728747	ANKRD20A4P	ok
728752	ZNF566-AS1	ok
728758	PIN4P1	ok
728773	PABPC1P2	ok
728780	ANKDD1B	ok
728798	FRMPD2B	ok
7288	TULP2	ok
728819	C1GALT1C1L	ok
728833	RUMY4	ok
728841	NBPF8	ok
728855	LINC00623	ok
728858	C12orf71	ok
728875		no_symbol_in_gene_info
728882	FAM182B	ok
7289	TULP3	ok
728912		no_symbol_in_gene_info
728927	ZNF736	ok
728932		no_symbol_in_gene_info
728936		no_symbol_in_gene_info
728939		no_symbol_in_gene_info
728963	RPS15AP10	ok
728978	UNC5B-AS1	ok
728989		no_symbol_in_gene_info
729	C6	ok
7290	HIRA	ok
729013	ZBED5-AS1	ok
729020	RPEL1	ok
729025	SLC15A5	ok
729041	FAAHP1	ok
729059	TEX46	ok
729080	GCSHP7	ok
729082	OIP5-AS1	ok
729085	GASK1A	ok
729092	AGAP5	ok
729096	BMS1P4	ok
7291	TWIST1	ok
729156	GTF2IRD1P1	ok
729171	ANKRD20A8P	ok
729176	KATNBL1P6	ok
729177	NBAT1	ok
729178	STXBP5-AS1	ok
7292	TNFSF4	ok
729220		no_symbol_in_gene_info
729230	CCR2	ok
729234	FAHD2CP	ok
729238	SFTPA2	ok
729252	KRT16P1	ok
729264	TP53TG3D	ok
729288	ZNF286B	ok
7293	TNFRSF4	ok
729330	OC90	ok
729338	CETN4P	ok
729355	TP53TG3B	ok
729359	PLIN4	ok
729375	FAM86HP	ok
729384	TRIM49D2	ok
729396	GAGE12J	ok
7294	TXK	ok
729420	LMO7DN	ok
729438	CASTOR2	ok
729440	CCDC61	ok
729444		no_symbol_in_gene_info
729447	GAGE2A	ok
729467		no_symbol_in_gene_info
729475	RAD51AP2	ok
7295	TXN	ok
729506	LINC02226	ok
729515	TMEM242	ok
729522	AACSP1	ok
729533	RUMY1	ok
729540	RGPD6	ok
729582	DIRC3	ok
729597	SPDYE6	ok
7296	TXNRD1	ok
729603	CHP1P2	ok
729609		no_symbol_in_gene_info
729614	SPEN-AS1	ok
729627	PRR23A	ok
729633	MRS2P2	ok
729648	ZNF812P	ok
729665	CCDC175	ok
729678	LINC00847	ok
729683		no_symbol_in_gene_info
729689	FAM90A2P	ok
7297	TYK2	ok
729723	DNAJC27-AS1	ok
729732		no_symbol_in_gene_info
729737		no_symbol_in_gene_info
729739	PPIAP46	ok
729747	ZNF878	ok
729759	OR4F29	ok
729786	GOLGA8CP	ok
729799	SEC14L1P1	ok
7298	TYMS	ok
729830	FHIP1A	ok
729852	UMAD1	ok
729862	LSP1P3	ok
729873	TBC1D3	ok
729877	TBC1D3H	ok
7299	TYR	ok
729920	CRPPA	ok
729930	IFTAPP1	ok
729950	LINC01915	ok
729956	SHISA7	ok
729966	CIST1	ok
729967	MORN2	ok
729970	CNN3-DT	ok
729974	RFPL4AL1	ok
729975	LINC01530	ok
729987	LINC01776	ok
729991	BORCS8	ok
729993	SHISA9	ok
730	C7	ok
730005	SEC14L6	ok
730013	ABCC6P2	ok
730051	ZNF814	ok
730087	ZNF726	ok
730091	LINC00886	ok
730092	RRN3P1	ok
730094	MOSMO	ok
7301	TYRO3	ok
730101		no_symbol_in_gene_info
730102	CRYZL2P	ok
730112	CIMIP2B	ok
730130	TMEM229A	ok
730152	GSTA7P	ok
730183	SRCAP-AS1	ok
730198	MEIS1-AS3	ok
7302	TYRO3P	ok
730227	BTG2-DT	ok
730249	ACOD1	ok
730291	ZNF735	ok
730441		no_symbol_in_gene_info
7305	TYROBP	ok
7306	TYRP1	ok
730668		no_symbol_in_gene_info
7307	U2AF1	ok
730755	KRTAP2-3	ok
730811	MYT1L-AS1	ok
730971	LINC02447	ok
731	C8A	ok
7311	UBA52	ok
731220	RFX8	ok
731223	LINC01220	ok
731275	LINC01347	ok
7314	UBB	ok
731424	MIR3945HG	ok
7316	UBC	ok
7317	UBA1	ok
731779	LINC01300	ok
731789	FAM238B	ok
7318	UBA7	ok
7319	UBE2A	ok
732	C8B	ok
7320	UBE2B	ok
7321	UBE2D1	ok
7322	UBE2D2	ok
732253	TDRG1	ok
732275	LINC00917	ok
7323	UBE2D3	ok
7324	UBE2E1	ok
7325	UBE2E2	ok
7326	UBE2G1	ok
7327	UBE2G2	ok
7328	UBE2H	ok
7329	UBE2I	ok
733	C8G	ok
7332	UBE2L3	ok
7334	UBE2N	ok
7335	UBE2V1	ok
7336	UBE2V2	ok
7337	UBE3A	ok
734	OSGIN2	ok
7341	SUMO1	ok
7342	UBP1	ok
7343	UBTF	ok
7345	UCHL1	ok
7347	UCHL3	ok
7348	UPK1B	ok
7349	UCN	ok
735	C9	ok
7350	UCP1	ok
7351	UCP2	ok
7352	UCP3	ok
7353	UFD1	ok
735301	SNHG9	ok
7355	SLC35A2	ok
7356	SCGB1A1	ok
7357	UGCG	ok
7358	UGDH	ok
7360	UGP2	ok
7363	UGT2B4	ok
7364	UGT2B7	ok
7365	UGT2B10	ok
7366	UGT2B15	ok
7367	UGT2B17	ok
7368	UGT8	ok
7369	UMOD	ok
7371	UCK2	ok
7372	UMPS	ok
7373	COL14A1	ok
7374	UNG	ok
7375	USP4	ok
7376	NR1H2	ok
7378	UPP1	ok
7379	UPK2	ok
738	VPS51	ok
7380	UPK3A	ok
7381	UQCRB	ok
7384	UQCRC1	ok
7385	UQCRC2	ok
7386	UQCRFS1	ok
7388	UQCRH	ok
7389	UROD	ok
7390	UROS	ok
7391	USF1	ok
7392	USF2	ok
7398	USP1	ok
7399	USH2A	ok
740	MRPL49	ok
7401	CLRN1	ok
7402	UTRN	ok
7403	KDM6A	ok
7404	UTY	ok
7405	UVRAG	ok
7407	VARS1	ok
7408	VASP	ok
7409	VAV1	ok
741	ZNHIT2	ok
7410	VAV2	ok
7411	VBP1	ok
7412	VCAM1	ok
7414	VCL	ok
7415	VCP	ok
7416	VDAC1	ok
7417	VDAC2	ok
7419	VDAC3	ok
7421	VDR	ok
7422	VEGFA	ok
7423	VEGFB	ok
7424	VEGFC	ok
7425	VGF	ok
7428	VHL	ok
7429	VIL1	ok
7430	EZR	ok
7431	VIM	ok
7432	VIP	ok
7433	VIPR1	ok
7434	VIPR2	ok
7436	VLDLR	ok
7439	BEST1	ok
744	MPPED2	ok
7441	VPREB1	ok
7442	TRPV1	ok
7443	VRK1	ok
7444	VRK2	ok
7447	VSNL1	ok
7448	VTN	ok
745	MYRF	ok
7450	VWF	ok
7453	WARS1	ok
7454	WAS	ok
7455	ZAN	ok
7456	WIPF1	ok
7458	EIF4H	ok
746	TMEM258	ok
7461	CLIP2	ok
7462	LAT2	ok
7464	CORO2A	ok
7465	WEE1	ok
7466	WFS1	ok
7468	NSD2	ok
7469	NELFA	ok
747	DAGLA	ok
7471	WNT1	ok
7472	WNT2	ok
7473	WNT3	ok
7474	WNT5A	ok
7475	WNT6	ok
7476	WNT7A	ok
7477	WNT7B	ok
7478	WNT8A	ok
7479	WNT8B	ok
7480	WNT10B	ok
7481	WNT11	ok
7482	WNT2B	ok
7483	WNT9A	ok
7484	WNT9B	ok
7485	GET1	ok
7486	WRN	ok
7490	WT1	ok
7494	XBP1	ok
7498	XDH	ok
7499	XG	ok
750	GAS8-AS1	ok
7503	XIST	ok
7504	XK	ok
7507	XPA	ok
7508	XPC	ok
751071	CSKMT	ok
7511	XPNPEP1	ok
7512	XPNPEP2	ok
7514	XPO1	ok
7515	XRCC1	ok
7516	XRCC2	ok
7517	XRCC3	ok
7518	XRCC4	ok
752	FMNL1	ok
7520	XRCC5	ok
752014	CEMP1	ok
7525	YES1	ok
7528	YY1	ok
7529	YWHAB	ok
753	LDLRAD4	ok
7531	YWHAE	ok
7532	YWHAG	ok
7533	YWHAH	ok
7534	YWHAZ	ok
7535	ZAP70	ok
7536	SF1	ok
7538	ZFP36	ok
7539	ZFP37	ok
754	PTTG1IP	ok
7541	ZBTB14	ok
7542	ZFPL1	ok
7543	ZFX	ok
7544	ZFY	ok
7545	ZIC1	ok
7546	ZIC2	ok
7547	ZIC3	ok
7549	ZNF2	ok
755	CFAP410	ok
7551	ZNF3	ok
7552	ZNF711	ok
7553	ZNF7	ok
7554	ZNF8	ok
7555	CNBP	ok
7556	ZNF10	ok
7559	ZNF12	ok
7561	ZNF14	ok
7562	ZNF708	ok
7564	ZNF16	ok
7565	ZNF17	ok
7566	ZNF18	ok
7567	ZNF19	ok
7568	ZNF20	ok
7569	ZNF182	ok
757	TMEM50B	ok
7570	ZNF22	ok
7571	ZNF23	ok
7572	ZNF24	ok
7574	ZNF26	ok
7576	ZNF28	ok
7579	ZSCAN20	ok
758	MPPED1	ok
7580	ZNF32	ok
7581	ZNF33A	ok
7582	ZNF33B	ok
7584	ZNF35	ok
7586	ZKSCAN1	ok
7587	ZNF37A	ok
7589	ZSCAN21	ok
759	CA1	ok
7592	ZNF41	ok
7593	MZF1	ok
7594	ZNF43	ok
7596	ZNF45	ok
7597	ZBTB25	ok
760	CA2	ok
761	CA3	ok
762	CA4	ok
7620	ZNF69	ok
7621	ZNF70	ok
7625	ZNF74	ok
7626	ZNF75D	ok
7627	ZNF75A	ok
7629	ZNF76	ok
763	CA5A	ok
7633	ZNF79	ok
7634	ZNF80	ok
7637	ZNF84	ok
7638	ZNF221	ok
7639	ZNF85	ok
7643	ZNF90	ok
7644	ZNF91	ok
765	CA6	ok
7652	ZNF99	ok
766	CA7	ok
767	CA8	ok
7673	ZNF222	ok
7675	ZNF121	ok
767558	LUZP6	ok
767561	SNORD113-1	ok
767562	SNORD113-2	ok
767564	SNORD113-4	ok
767565	SNORD113-5	ok
767567	SNORD113-7	ok
767569	SNORD113-9	ok
767577	SNORD114-1	ok
767578	SNORD114-2	ok
767579	SNORD114-3	ok
767581	SNORD114-5	ok
767582	SNORD114-6	ok
767583	SNORD114-7	ok
767584	SNORD114-8	ok
767585	SNORD114-9	ok
767588	SNORD114-10	ok
767589	SNORD114-11	ok
767591	SNORD114-13	ok
767592	SNORD114-14	ok
767595	SNORD114-17	ok
767598	SNORD114-20	ok
767604	SNORD114-24	ok
767605	SNORD114-25	ok
767606	SNORD114-26	ok
767609	SNORD114-28	ok
767612	SNORD114-31	ok
7678	ZNF124	ok
767811	H2BW4P	ok
767846	PFN1P2	ok
768	CA9	ok
768096	HAR1A	ok
768097	HAR1B	ok
7681	MKRN3	ok
768206	PRCD	ok
768211	RELL1	ok
768215	MIR767	ok
768216	MIR454	ok
768217	MIR769	ok
768218	MIR766	ok
768220	MIR765	ok
768239	PSAPL1	ok
7686	MKRN7P	ok
7690	ZBTB35	ok
7691	ZNF132	ok
7692	ZNF133	ok
7693	ZNF134	ok
7694	ZNF135	ok
7695	ZNF136	ok
7696	ZNF137P	ok
7697	ZNF138	ok
7699	ZNF140	ok
770	CA11	ok
7700	ZNF141	ok
7701	ZNF142	ok
7702	ZNF143	ok
7703	PCGF2	ok
7704	ZBTB16	ok
7705	ZNF146	ok
7706	TRIM25	ok
7707	ZNF148	ok
7709	ZBTB17	ok
771	CA12	ok
7710	ZNF154	ok
7711	ZNF155	ok
7712	ZNF157	ok
7716	VEZF1	ok
7718	ZNF165	ok
7726	TRIM26	ok
7727	ZNF174	ok
7728	ZNF175	ok
773	CACNA1A	ok
7730	ZNF177	ok
7732	RNF112	ok
7733	ZNF180	ok
7737	RNF113A	ok
7738	ZNF184	ok
7739	ZNF185	ok
774	CACNA1B	ok
7741	ZSCAN26	ok
7743	ZNF189	ok
7745	ZKSCAN8	ok
7746	ZSCAN9	ok
7748	ZNF195	ok
775	CACNA1C	ok
7750	ZMYM2	ok
7752	ZNF200	ok
7753	ZNF202	ok
7754	ZNF204P	ok
7755	ZNF205	ok
7756	ZNF207	ok
7757	ZNF208	ok
776	CACNA1D	ok
7760	ZNF213	ok
7761	ZNF214	ok
7762	ZNF215	ok
7763	ZFAND5	ok
7764	ZNF217	ok
7766	ZNF223	ok
7767	ZNF224	ok
7768	ZNF225	ok
7769	ZNF226	ok
777	CACNA1E	ok
7770	ZNF227	ok
7771	ZNF112	ok
7772	ZNF229	ok
7773	ZNF230	ok
7775	ZNF232	ok
7776	ZNF236	ok
7779	SLC30A1	ok
778	CACNA1F	ok
7780	SLC30A2	ok
7781	SLC30A3	ok
7782	SLC30A4	ok
7783	ZP2	ok
7784	ZP3	ok
7786	MAP3K12	ok
7789	ZXDA	ok
779	CACNA1S	ok
7791	ZYX	ok
7798	LUZP1	ok
7799	PRDM2	ok
780	DDR1	ok
7802	DNALI1	ok
7803	PTP4A1	ok
7804	LRP8	ok
7805	LAPTM5	ok
780776	TVP23A	ok
7809	BSND	ok
781	CACNA2D1	ok
7812	CSDE1	ok
7813	EVI5	ok
7818	DAP3	ok
782	CACNB1	ok
7827	NPHS2	ok
783	CACNB2	ok
7832	BTG2	ok
7837	PXDN	ok
784	CACNB3	ok
7840	ALMS1	ok
7841	MOGS	ok
7844	RNF103	ok
7846	TUBA1A	ok
7849	PAX8	ok
785	CACNB4	ok
7850	IL1R2	ok
7851	MALL	ok
7852	CXCR4	ok
7855	FZD5	ok
7857	SCG2	ok
786	CACNG1	ok
7862	BRPF1	ok
7866	IFRD2	ok
7867	MAPKAPK3	ok
7869	SEMA3B	ok
7871	SLMAP	ok
7873	MANF	ok
7874	USP7	ok
7879	RAB7A	ok
788	SLC25A20	ok
7881	KCNAB1	ok
7884	SLBP	ok
78986	DUSP26	ok
78987	CRELD1	ok
78988	MRPL57	ok
78989	COLEC11	ok
78990	OTUB2	ok
78991	PCYOX1L	ok
78992	YIPF2	ok
78994	PRR14	ok
78995	HROB	ok
78996	CYREN	ok
78997	GDAP1L1	ok
78998	RHPN1-AS1	ok
78999	LRFN4	ok
790	CAD	ok
79000	AUNIP	ok
79001	VKORC1	ok
79002	TRIR	ok
79003	MIS12	ok
79004	CUEDC2	ok
79005	SCNM1	ok
79006	METRN	ok
79007	DBNDD1	ok
79009	DDX50	ok
79012	CAMKV	ok
79015	LINC01260	ok
79016	DDA1	ok
79017	GGCT	ok
79018	GID4	ok
79019	CENPM	ok
79020	C7orf25	ok
79022	TMEM106C	ok
79023	NUP37	ok
79025	FNDC11	ok
79026	AHNAK	ok
79027	ZNF655	ok
79029	AFG2B	ok
7903	ST8SIA4	ok
79031	PDCL3	ok
79033	ERI3	ok
79034	INTS15	ok
79035	NABP2	ok
79036	KXD1	ok
79037	PVRIG	ok
79038	ZFYVE21	ok
79039	DDX54	ok
79041	TMEM38A	ok
79042	TSEN34	ok
79047	KCTD15	ok
79048	SECISBP2	ok
7905	REEP5	ok
79050	NOC4L	ok
79053	ALG8	ok
79054	TRPM8	ok
79056	PRRG4	ok
79057	PRRG3	ok
79058	ASPSCR1	ok
79064	TMEM223	ok
79065	ATG9A	ok
79066	METTL16	ok
79068	FTO	ok
79070	POGLUT2	ok
79071	ELOVL6	ok
79072	FASTKD3	ok
79073	TMEM109	ok
79074	TSLIG2	ok
79075	DSCC1	ok
79077	DCTPP1	ok
79078	C1orf50	ok
79080	CCDC86	ok
79081	LBHD1	ok
79083	MLPH	ok
79084	WDR77	ok
79085	SLC25A23	ok
79086	SMIM7	ok
79087	ALG12	ok
79088	ZNF426	ok
79089	TMUB2	ok
79090	TRAPPC6A	ok
79091	METTL22	ok
79092	CARD14	ok
79094	CHAC1	ok
79095	BBLN	ok
790952	ESRG	ok
790955	UQCC3	ok
79096	CSTPP1	ok
79097	TRIM48	ok
79098	C1orf116	ok
79100	LINC00626	ok
79101	TAF1D	ok
79102	RNF26	ok
79104	MEG8	ok
79109	MAPKAP1	ok
791114	PWRN1	ok
791115	PWRN2	ok
7913	DEK	ok
79132	DHX58	ok
79133	NDUFAF5	ok
79134	TMEM185B	ok
79135	APOO	ok
79136	LY6G6E	ok
79137	RETREG2	ok
79139	DERL1	ok
79140	CCDC28B	ok
79142	PHF23	ok
79143	MBOAT7	ok
79144	PPDPF	ok
79145	CHCHD7	ok
79147	FKRP	ok
79148	MMP28	ok
79149	ZSCAN5A	ok
7915	ALDH5A1	ok
79152	FA2H	ok
79153	GDPD3	ok
79154	DHRS11	ok
79155	TNIP2	ok
79156	PLEKHF1	ok
79157	MFSD11	ok
79158	GNPTAB	ok
79159	NOL12	ok
7916	PRRC2A	ok
79161	TMEM243	ok
79165	LENG1	ok
79166	LILRP2	ok
79168	LILRA6	ok
79169	C1orf35	ok
7917	BAG6	ok
79170	PRR15L	ok
79171	RBM42	ok
79172	CENPO	ok
79173	BRME1	ok
79174	CRELD2	ok
79175	ZNF343	ok
79176	FBXL15	ok
79177	ZNF576	ok
79178	THTPA	ok
7918	GPANK1	ok
79180	EFHD2	ok
79183	TTPAL	ok
79184	BRCC3	ok
79187	FSD1	ok
79188	TMEM43	ok
7919	DDX39B	ok
79190	IRX6	ok
79191	IRX3	ok
79192	IRX1	ok
7920	ABHD16A	ok
7922	SLC39A7	ok
79228	THOC6	ok
7923	HSD17B8	ok
79230	ZNF557	ok
79258	MMEL1	ok
79269	DCAF10	ok
79290	OR13A1	ok
793	CALB1	ok
79315	OR7E91P	ok
7932	OR2H2	ok
79339	OR51B4	ok
79345	OR51B2	ok
7936	NELFE	ok
79363	CPLANE2	ok
79364	ZXDC	ok
79365	BHLHE41	ok
79366	HMGN5	ok
79368	FCRL2	ok
79369	B3GNT4	ok
79370	BCL2L14	ok
794	CALB2	ok
7940	LST1	ok
79400	NOX5	ok
7941	PLA2G7	ok
79411	GLB1L	ok
79412	KREMEN2	ok
79413	ZBED2	ok
79414	LRFN3	ok
79415	CYBC1	ok
7942	TFEB	ok
79441	HAUS3	ok
79442	LRRC2	ok
79443	FYCO1	ok
79444	BIRC7	ok
79446	WDR25	ok
79447	PAGR1	ok
79465	ULBP3	ok
79469	DLEU2L	ok
79473	OR52N1	ok
795	S100G	ok
79541	OR2A4	ok
7955	RNF217-AS1	ok
79567	RIPOR1	ok
79568	MAIP1	ok
7957	EPM2A	ok
79570	NKAIN1	ok
79571	GCC1	ok
79572	ATP13A3	ok
79573	TTC13	ok
79574	EPS8L3	ok
79575	ABHD8	ok
79576	NKAP	ok
79577	CDC73	ok
79581	SLC52A2	ok
79582	SPAG16	ok
79583	TMEM231	ok
79585	CORO7	ok
79586	CHPF	ok
79587	CARS2	ok
79589	RNF128	ok
79590	MRPL24	ok
79591	ARMH3	ok
79594	MUL1	ok
79595	SAP130	ok
79596	OBI1	ok
79598	CEP97	ok
796	CALCA	ok
79600	TCTN1	ok
79602	ADIPOR2	ok
79603	CERS4	ok
79605	PGBD5	ok
79607	SIRAL1	ok
79608	RIC3	ok
79609	VCPKMT	ok
79611	ACSS3	ok
79612	NAA16	ok
79613	TANGO6	ok
79616	CCNJL	ok
79618	HMBOX1	ok
79621	RNASEH2B	ok
79622	SNRNP25	ok
79623	GALNT14	ok
79624	DCPH1	ok
79625	NDNF	ok
79626	TIPE2	ok
79627	OGFRL1	ok
79628	SH3TC2	ok
79629	OCEL1	ok
79630	C1orf54	ok
79631	EFL1	ok
79632	FAM184A	ok
79633	FAT4	ok
79634	SCRN3	ok
79635	CCDC121	ok
79637	ARMC7	ok
79639	TMEM53	ok
79640	C22orf46P	ok
79641	ROGDI	ok
79642	ARSJ	ok
79643	CHMP6	ok
79644	SRD5A3	ok
79645	CLXN	ok
79646	PANK3	ok
79647	AKIRIN1	ok
79648	MCPH1	ok
79649	MAP7D3	ok
7965	AIMP2	ok
79650	USB1	ok
79651	RHBDF2	ok
79652	TMEM204	ok
79654	HECTD3	ok
79656	BEND5	ok
79657	RPAP3	ok
79658	ARHGAP10	ok
79659	DYNC2H1	ok
79660	PPP1R3B	ok
79661	NEIL1	ok
79663	HSPBAP1	ok
79664	ICE2	ok
79665	DHX40	ok
79666	PLEKHF2	ok
79667	KLF3-AS1	ok
79668	PARP8	ok
79669	C3orf52	ok
79670	TUT7	ok
79671	NLRX1	ok
79672	FN3KRP	ok
79673	ZNF329	ok
79674	VEPH1	ok
79675	FASTKD1	ok
79676	OGFOD2	ok
79677	SMC6	ok
79679	VTCN1	ok
79680	RTL10	ok
79682	CENPU	ok
79683	ZDHHC14	ok
79684	MSANTD2	ok
79685	SAP30L	ok
79686		no_symbol_in_gene_info
79689	STEAP4	ok
79690	GAL3ST4	ok
79691	QTRT2	ok
79692	ZNF322	ok
79693	YRDC	ok
79694	MANEA	ok
79695	GALNT12	ok
79696	ZC2HC1C	ok
79698	ZMAT4	ok
79699	ZYG11B	ok
797	CALCB	ok
79701	OGFOD3	ok
79703	TOP6BL	ok
79705	LRRK1	ok
79706	PRKRIP1	ok
79707	NOL9	ok
79709	COLGALT1	ok
79710	MORC4	ok
79711	IPO4	ok
79712	QTMAN	ok
79713	IGFLR1	ok
79714	CCDC51	ok
79716	NPEPL1	ok
79717	PPCS	ok
79718	TBL1XR1	ok
79719	AAGAB	ok
79720	VPS37B	ok
79722	ANKRD55	ok
79723	SUV39H2	ok
79724	ZNF768	ok
79725	THAP9	ok
79726	WDR59	ok
79727	LIN28A	ok
79728	PALB2	ok
79729	MNMIP1	ok
79730	NSUN7	ok
79731	NARS2	ok
79733	E2F8	ok
79734	KCTD17	ok
79735	TBC1D17	ok
79736	TEFM	ok
79738	BBS10	ok
79739	TTLL7	ok
79740	ZBBX	ok
79741	CCDC7	ok
79742	DIPK2B	ok
79744	ZNF419	ok
79745	CLIP4	ok
79746	ECHDC3	ok
79747	ADGB	ok
79748	LMAN1L	ok
7975	MAFK	ok
79750	ZNF385D	ok
79751	SLC25A22	ok
79752	ZFAND1	ok
79753	SNIP1	ok
79754	ASB13	ok
79755	ZNF750	ok
79758	DHRS12	ok
79759	ZNF668	ok
7976	FZD3	ok
79760	GEMIN7	ok
79762	C1orf115	ok
79763	ISOC2	ok
79767	ELMO3	ok
79768	KATNBL1	ok
79770	TXNDC15	ok
79772	MCTP1	ok
79774	GRTP1	ok
79776	ZFHX4	ok
79777	ACBD4	ok
79778	MICALL2	ok
7978	MTERF1	ok
79780	CCDC82	ok
79781	DRC11	ok
79782	LRRC31	ok
79783	SUGCT	ok
79784	MYH14	ok
79785	RERGL	ok
79786	KLHL36	ok
79788	ZNF665	ok
79789	CLMN	ok
7979	SEM1	ok
79791	FBXO31	ok
79792	GSDMD	ok
79794	SPRING1	ok
79796	ALG9	ok
79797	ZNF408	ok
79798	ARMC5	ok
79799	UGT2A3	ok
7980	TFPI2	ok
79800	CARF	ok
79801	SHCBP1	ok
79802	HHIPL2	ok
79803	HPS6	ok
79804	HAND2-AS1	ok
79805	VASH2	ok
79807	GSTCD	ok
79809	TTC21B	ok
79810	PTCD2	ok
79811	SLTM	ok
79812	MMRN2	ok
79813	EHMT1	ok
79814	AGMAT	ok
79815	NIPAL2	ok
79816	TLE6	ok
79817	MOB3B	ok
79818	ZNF552	ok
79819	DNAI4	ok
7982	ST7	ok
79820	CATSPERB	ok
79822	ARHGAP28	ok
79823	CAMKMT	ok
79825	EFCC1	ok
79827	CLMP	ok
79828	METTL8	ok
79829	NAA40	ok
79830	ZMYM1	ok
79831	KDM8	ok
79832	QSER1	ok
79833	GEMIN6	ok
79834	PEAK1	ok
79836	LONRF3	ok
79837	PIP4K2C	ok
79838	TMC5	ok
79839	CCDC102B	ok
7984	ARHGEF5	ok
79840	NHEJ1	ok
79841	AGBL2	ok
79842	ZBTB3	ok
79843	FAM124B	ok
79844	ZDHHC11	ok
79845	RNF122	ok
79846	CFAP69	ok
79847	SLC68A1	ok
79848	CSPP1	ok
79849	NHERF4	ok
79850	TLCD3A	ok
79852	EPHX3	ok
79853	TM4SF20	ok
79854	LINC00115	ok
79856	SNX22	ok
79857		no_symbol_in_gene_info
79858	NEK11	ok
79861	TUBAL3	ok
79862	ZNF669	ok
79863	RBFA	ok
79864	JHY	ok
79865	TREML2	ok
79866	BORA	ok
79867	TCTN2	ok
79868	ALG13	ok
79869	CPSF7	ok
79870	BAALC	ok
79871	RPAP2	ok
79872	CBLL1	ok
79873	NUDT18	ok
79874	RABEP2	ok
79875	THSD4	ok
79876	UBA5	ok
79877	DCAKD	ok
79879	CCDC134	ok
7988	ZNF212	ok
79882	ZC3H14	ok
79883	PODNL1	ok
79884	MAP9	ok
79885	HDAC11	ok
79886	CAAP1	ok
79887	PLBD1	ok
79888	LPCAT1	ok
79890	RIN3	ok
79891	ZNF671	ok
79892	MCMBP	ok
79893	GGNBP2	ok
79894	ZNF672	ok
79895	ATP8B4	ok
79896	THNSL1	ok
79897	RPP21	ok
79898	ZNF613	ok
79899	PRR5L	ok
799	CALCR	ok
79901	CYBRD1	ok
79902	NUP85	ok
79903	NAA60	ok
79905	TMC7	ok
79906	MORN1	ok
79908	BTNL8	ok
7991	TUSC3	ok
79912	PYROXD1	ok
79913	ACTR5	ok
79915	ATAD5	ok
79917	MAGIX	ok
79918	SETD6	ok
79919	MAB21L4	ok
79921	TCEAL4	ok
79922	MRM1	ok
79923	NANOG	ok
79924	ADM2	ok
79925	SPEF2	ok
79927	FAM110D	ok
79929	MAP6D1	ok
7993	UBXN8	ok
79930	DOK3	ok
79931	TNIP3	ok
79932	KIAA0319L	ok
79933	SYNPO2L	ok
79934	COQ8B	ok
79935	CCNP	ok
79937	CNTNAP3	ok
79939	SLC35E1	ok
7994	KAT6A	ok
79940	LINC00472	ok
79943	ZNF696	ok
79944	L2HGDH	ok
79946	C10orf95	ok
79947	DHDDS	ok
79948	PLPPR3	ok
79949	PLEKHS1	ok
79953	SYNDIG1	ok
79954	NOL10	ok
79955	PDZD7	ok
79956	ERMP1	ok
79957	PAQR6	ok
79958	DENND1C	ok
79959	CEP76	ok
79960	JADE1	ok
79961	DENND2D	ok
79962	DNAJC22	ok
79963	ABCA11P	ok
79966	SCD5	ok
79968	WDR76	ok
79969	ATAT1	ok
79970	ZNF767P	ok
79971	WLS	ok
79973	ZNF442	ok
79974	CPED1	ok
79977	GRHL2	ok
79979	TRMT2B	ok
79980	DSN1	ok
79981	FRMD1	ok
79982	DNAJB14	ok
79983	POF1B	ok
79986	ZNF702P	ok
79987	SVEP1	ok
79989	IFT56	ok
79990	PLEKHH3	ok
79991	STN1	ok
79992	AGPAT4-IT1	ok
79993	ELOVL7	ok
79998	ANKRD53	ok
800	CALD1	ok
8000	PSCA	ok
80000	GREB1L	ok
80003	PCNX2	ok
80004	ESRP2	ok
80005	DOCK5	ok
80006	TRAPPC13	ok
80007	C10orf88	ok
80008	TMEM156	ok
8001	GLRA3	ok
80010	RMI1	ok
80011	PSME3IP1	ok
80012	PHC3	ok
80013	MINDY3	ok
80014	WWC2	ok
80017	DGLUCY	ok
80018	NAA25	ok
80019	UBTD1	ok
80020	FOXRED2	ok
80021	TMEM62	ok
80022	MYO15B	ok
80023	NRSN2	ok
80024	SLC8B1	ok
80025	PANK2	ok
80028	FBXL18	ok
80031	SEMA6D	ok
80032	ZNF556	ok
80034	CSRNP3	ok
80035	ANP32A-IT1	ok
80036	TRPM3	ok
80039	FAM106A	ok
80045	GPR157	ok
80054	CEBPA-DT	ok
80055	PGAP1	ok
80059	LRRTM4	ok
80063	ATF7IP2	ok
80067	DCAF17	ok
80069	LINC00574	ok
80070	ADAMTS20	ok
80071	CCDC15	ok
80072	HEXA-AS1	ok
80086	TUBA4B	ok
80094	BIN3-IT1	ok
80095	ZNF606	ok
80097	MZT2B	ok
80099	PKD1L1-AS1	ok
801	CALM1	ok
80108	ZFP2	ok
80110	ZNF614	ok
80111	C3orf36	ok
80114	BICC1	ok
80115	BAIAP2L2	ok
80117	ARL14	ok
80119	PIF1	ok
80122	MAP3K19	ok
80124	VCPIP1	ok
80125	CCDC33	ok
80127	BBOF1	ok
80128	TRIM46	ok
80129	CCDC170	ok
8013	NR4A3	ok
80131	LRRC8E	ok
80133	MROH9	ok
80135	RPF1	ok
80139	ZNF703	ok
80142	PTGES2	ok
80143	SIKE1	ok
80144	FRAS1	ok
80145	THOC7	ok
80146	UXS1	ok
80148	SLC66A2	ok
80149	ZC3H12A	ok
80150	ASRGL1	ok
80152	CENPT	ok
80153	EDC3	ok
80154	GOLGA2P10	ok
80155	NAA15	ok
80157	CWH43	ok
80162	PGGHG	ok
80164	PRR36	ok
80167	ABHD18	ok
80168	MOGAT2	ok
80169	CTC1	ok
80173	IFT74	ok
80174	DBF4B	ok
80176	SPSB1	ok
80177	MYCT1	ok
80178	TEDC2	ok
80179	MYO19	ok
80183	RUBCNL	ok
80184	CEP290	ok
80185	TTI2	ok
8019	BRD3	ok
80194	TMEM134	ok
80195	TMEM254	ok
80196	RNF34	ok
80198	MUS81	ok
80199	FUZ	ok
80201	HKDC1	ok
80204	FBXO11	ok
80205	CHD9	ok
80206	FHOD3	ok
80207	OPA3	ok
80208	SPG11	ok
80209	PROSER1	ok
8021	NUP214	ok
80210	ARMC9	ok
80212	CCDC92	ok
80213	TM2D3	ok
80215	RUNX1-IT1	ok
80216	ALPK1	ok
80217	CFAP43	ok
80218	NAA50	ok
80219	COQ10B	ok
8022	LHX3	ok
80221	ACSF2	ok
80222	TARS2	ok
80223	RAB11FIP1	ok
80224	NUBPL	ok
80227	PAAF1	ok
80228	ORAI2	ok
80230	RUFY1	ok
80231	TASL	ok
80232	WDR26	ok
80233	FAAP100	ok
80235	PIGZ	ok
80237	ELL3	ok
80243	PREX2	ok
80254	CEP63	ok
80255	SLC35F5	ok
80256	ATOSB	ok
80258	EFHC2	ok
80262	PHAF1	ok
80263	TRIM45	ok
80264	ZNF430	ok
80267	EDEM3	ok
8027	STAM	ok
80270	HSD3B7	ok
80271	ITPKC	ok
80273	GRPEL1	ok
80274	SCUBE1	ok
80279	CDK5RAP3	ok
8028	MLLT10	ok
8029	CUBN	ok
80298	MTERF2	ok
8030	CCDC6	ok
80301	PLEKHO2	ok
80303	EFHD1	ok
80304	WDCP	ok
80305	TRABD	ok
80306	MED28	ok
80308	FLAD1	ok
80309	SPHKAP	ok
8031	NCOA4	ok
80310	PDGFD	ok
80311	KLHL15	ok
80312	TET1	ok
80313	LRRC27	ok
80314	EPC1	ok
80315	CPEB4	ok
80316	PPP1R2C	ok
80317	ZKSCAN3	ok
80318	GKAP1	ok
80319	CXXC4	ok
80320	SP6	ok
80321	CEP70	ok
80323	CCDC68	ok
80324	PUS1	ok
80325	ABTB1	ok
80326	WNT10A	ok
80328	ULBP2	ok
80329	ULBP1	ok
80331	DNAJC5	ok
80332	ADAM33	ok
80333	KCNIP4	ok
80335	WDR82	ok
80336	PABPC1L	ok
80339	PNPLA3	ok
8034	SLC25A16	ok
80341	BPIFB2	ok
80342	TRAF3IP3	ok
80343	SEL1L2	ok
80344	DCAF11	ok
80345	ZSCAN16	ok
80346	REEP4	ok
80347	COASY	ok
80349	SKIC8	ok
80350	LPAL2	ok
80351	TNKS2	ok
80352	RNF39	ok
8036	SHOC2	ok
8038	ADAM12	ok
80380	PDCD1LG2	ok
80381	CD276	ok
8045	RASSF7	ok
8048	CSRP3	ok
805	CALM2	ok
8050	PDHX	ok
8061	FOSL1	ok
8065	CUL5	ok
80700	UBXN6	ok
80704	SLC19A3	ok
80705	TSGA10	ok
80709	AKNA	ok
80712	ESX1	ok
80714	PBX4	ok
80723	SLC35G2	ok
80724	ACAD10	ok
80725	SRCIN1	ok
80726	IQCN	ok
80727	TTYH3	ok
80728	ARHGAP39	ok
8073	PTP4A2	ok
80731	THSD7B	ok
80736	SLC44A4	ok
80737	VWA7	ok
80739	MPIG6B	ok
8074	FGF23	ok
80740	LY6G6C	ok
80741	LY6G5C	ok
80742	PRR3	ok
80745	THUMPD2	ok
80746	TSEN2	ok
80755	AARSD1	ok
80757	TMEM121	ok
80758	PRR7	ok
80759	KHDC1	ok
8076	MFAP5	ok
80760	ITIH5	ok
80761		no_symbol_in_gene_info
80762	NDFIP1	ok
80763	SPX	ok
80764	THAP7	ok
80765	STARD5	ok
80772	CPTP	ok
80774	LIMD2	ok
80775	TMEM177	ok
80776	B9D2	ok
80777	CYB5B	ok
80778	ZNF34	ok
8078	USP5	ok
80781	COL18A1	ok
80789	INTS5	ok
8079	MLF2	ok
80790	CMIP	ok
808	CALM3	ok
80816	ASXL3	ok
80817	CEP44	ok
80818	ZNF436	ok
8082	SSPN	ok
80820	EEPD1	ok
80821	DDHD1	ok
80823	GPRASP3	ok
80824	DUSP16	ok
80829	ZFP91	ok
80830	APOL6	ok
80831	APOL5	ok
80832	APOL4	ok
80833	APOL3	ok
80834	TAS1R2	ok
80835	TAS1R1	ok
8085	KMT2D	ok
80851	SH3BP5L	ok
80852	GRIP2	ok
80853	KDM7A	ok
80854	SETD7	ok
80856	LNPK	ok
8086	AAAS	ok
80862	POLR1HASP	ok
80863	PRRT1	ok
80864	EGFL8	ok
80868	HCG4B	ok
8087	FXR1	ok
8089	YEATS4	ok
80895	ILKAP	ok
80896	NPL	ok
8091	HMGA2	ok
8092	ALX1	ok
80975	TMPRSS5	ok
8099	CDK2AP1	ok
81	ACTN4	ok
810	CALML3	ok
8100	IFT88	ok
81027	TUBB1	ok
81029	WNT5B	ok
81030	ZBP1	ok
81031	SLC2A10	ok
81033	KCNH6	ok
81034	SLC25A32	ok
81035	COLEC12	ok
81037	CLPTM1L	ok
8106	PABPN1	ok
811	CALR	ok
8110	DPF3	ok
8111	GPR68	ok
81127	OR4K15	ok
8115	TCL1A	ok
8120	AP3B2	ok
8123	PWAR5	ok
8125	ANP32A	ok
8128	ST8SIA2	ok
81285	OR51E2	ok
813	CALU	ok
8131	NPRL3	ok
81327	OR4A16	ok
81341	OR10W1	ok
81343	OR10V2P	ok
8139	GAN	ok
81392	OR2AE1	ok
814	CAMK4	ok
8140	SLC7A5	ok
81448	OR6K2	ok
81466	OR2L5	ok
81472	OR2C3	ok
8148	TAF15	ok
81488	POLR2M	ok
81490	PTDSS2	ok
81491	GPR63	ok
81492	RSPH6A	ok
81493	SYNC	ok
81494	CFHR5	ok
815	CAMK2A	ok
81501	DCSTAMP	ok
81502	HM13	ok
8153	RND2	ok
81532	MOB2	ok
81533	ITFG1	ok
81537	SGPP1	ok
81539	SLC38A1	ok
81542	TMX1	ok
81543	LRRC3	ok
81544	GDPD5	ok
81545	FBXO38	ok
81550	TDRD3	ok
81551	STMN4	ok
81552	VOPP1	ok
81553	CYRIA	ok
81554	RCC1L	ok
81555	YIPF5	ok
81556	INTS14	ok
81558	FAM117A	ok
81559	TRIM11	ok
81562	LMAN2L	ok
81563	C1orf21	ok
81565	NDEL1	ok
81566	CSRNP2	ok
81567	TXNDC5	ok
81569	ACTL8	ok
81570	CLPB	ok
81571	MIR600HG	ok
81572	PDRG1	ok
81573	ANKRD13C	ok
81575	APOLD1	ok
81576	YJU2B	ok
81577	GFOD2	ok
81578	COL21A1	ok
81579	PLA2G12A	ok
816	CAMK2B	ok
81602	CDADC1	ok
81603	TRIM8	ok
81605	URM1	ok
81606	LBH	ok
81607	NECTIN4	ok
81608	FIP1L1	ok
81609	SNX27	ok
8161	COIL	ok
81610	SACK1D	ok
81611	ANP32E	ok
81614	NIPA2	ok
81615	TMEM163	ok
81616	ACSBG2	ok
81617	CAB39L	ok
81618	ITM2C	ok
81619	TSPAN14	ok
81620	CDT1	ok
81621	KAZALD1	ok
81622	UNC93B1	ok
81623	DEFB126	ok
81624	DIAPH3	ok
81626	SHCBP1L	ok
81627	TRMT1L	ok
81628	TSC22D4	ok
81629	TSSK3	ok
81631	MAP1LC3B	ok
8165	AKAP1	ok
81669	CCNL2	ok
81671	VMP1	ok
81688	C6orf62	ok
81689	ISCA1	ok
81691	REXO5	ok
81693	AMN	ok
81696	OR5V1	ok
81697	OR2B2	ok
81698	LINC00597	ok
817	CAMK2D	ok
8170	SLC14A2	ok
81704	DOCK8	ok
81706	PPP1R14C	ok
8174	MADCAM1	ok
8175	SF3A2	ok
8178	ELL	ok
81786	TRIM7	ok
81788	NUAK2	ok
81789	TIGD6	ok
81790	RNF170	ok
81792	ADAMTS12	ok
81793	TLR10	ok
81794	ADAMTS10	ok
81796	SLCO5A1	ok
818	CAMK2G	ok
81831	NETO2	ok
81832	NETO1	ok
81833	SPACA1	ok
81839	VANGL1	ok
81844	TRIM56	ok
81846	SBF2	ok
81847	RNF146	ok
81848	SPRY4	ok
81849	ST6GALNAC5	ok
81850	KRTAP1-3	ok
81851	KRTAP1-1	ok
81853	TMEM14B	ok
81854	ZNF205-AS1	ok
81855	SFXN3	ok
81856	ZNF611	ok
81857	MED25	ok
81858	SHARPIN	ok
8187	ZNF239	ok
81870	KRTAP9-9	ok
81871	KRTAP4-6	ok
81872	KRTAP2-1	ok
81873	ARPC5L	ok
81875	ISG20L2	ok
81876	RAB1B	ok
81887	LAS1L	ok
81889	FAHD1	ok
8189	SYMPK	ok
81890	QTRT1	ok
81892	SLIRP	ok
81894	SLC25A28	ok
819	CAMLG	ok
8190	MIA	ok
8192	CLPP	ok
81926	ABHD17A	ok
81928	CABLES2	ok
81929	SEH1L	ok
8193	DPF1	ok
81930	KIF18A	ok
81931	ZNF93	ok
81932	HDHD3	ok
8195	MKKS	ok
820	CAMP	ok
8200	GDF5	ok
8202	NCOA3	ok
8204	NRIP1	ok
8208	CHAF1B	ok
8209	GATD3	ok
821	CANX	ok
8214	DGCR6	ok
8216	LZTR1	ok
8218	CLTCL1	ok
822	CAPG	ok
8220	ESS2	ok
8224	SYN3	ok
8226	PUDP	ok
8228	PNPLA4	ok
823	CAPN1	ok
8233	ZRSR2	ok
8237	USP11	ok
8239	USP9X	ok
824	CAPN2	ok
8241	RBM10	ok
8242	KDM5C	ok
8243	SMC1A	ok
825	CAPN3	ok
826	CAPNS1	ok
8260	NAA10	ok
8263	F8A1	ok
8266	UBL4A	ok
8269	TMEM187	ok
827	CAPN6	ok
8270	LAGE3	ok
8273	SLC10A3	ok
8277	TKTL1	ok
828	CAPS	ok
8284	KDM5D	ok
8287	USP9Y	ok
8288	EPX	ok
8289	ARID1A	ok
829	CAPZA1	ok
8290	H3-4	ok
8291	DYSF	ok
8292	COLQ	ok
8293	SERF1A	ok
8294	H4C9	ok
8295	TRRAP	ok
830	CAPZA2	ok
8301	PICALM	ok
8302	KLRC4	ok
8303	SNN	ok
8309	ACOX2	ok
831	CAST	ok
8310	ACOX3	ok
8312	AXIN1	ok
8313	AXIN2	ok
8314	BAP1	ok
8315	BRAP	ok
8317	CDC7	ok
8318	CDC45	ok
832	CAPZB	ok
8320	EOMES	ok
8321	FZD1	ok
8322	FZD4	ok
8323	FZD6	ok
8324	FZD7	ok
8325	FZD8	ok
83259	PCDH11Y	ok
8326	FZD9	ok
8328	GFI1B	ok
833	CARS1	ok
8330	H2AC15	ok
8331	H2AC14	ok
8332	H2AC16	ok
8334	H2AC6	ok
8335	H2AC4	ok
8336	H2AC17	ok
8338	H2AC20	ok
8339	H2BC8	ok
83394	PITPNM3	ok
834	CASP1	ok
8340	H2BC13	ok
83401	ELOVL3	ok
8341	H2BC15	ok
83416	FCRL5	ok
83417	FCRL4	ok
8342	H2BC14	ok
8343	H2BC7	ok
83439	TCF7L1	ok
8344	H2BC6	ok
83440	ADPGK	ok
83442	SH3BGRL3	ok
83443	SF3B5	ok
83444	INO80B	ok
83445	GSG1	ok
83446	CCDC70	ok
83447	SLC25A31	ok
83448	PUS7L	ok
83449	PMFBP1	ok
8345	H2BC9	ok
83450	DRC3	ok
83451	ABHD11	ok
83452	RAB33B	ok
8346	H2BC10	ok
83460	EMC6	ok
83461	CDCA3	ok
83463	MXD3	ok
83464	APH1B	ok
83468	GLT8D2	ok
8347	H2BC4	ok
83473	KATNAL2	ok
83475	DOHH	ok
83478	ARHGAP24	ok
83479	DDX59	ok
8348	H2BC17	ok
83480	PUS3	ok
83481	EPPK1	ok
83482	SCRT1	ok
83483	PLVAP	ok
8349	H2BC21	ok
835	CASP2	ok
8350	H3C1	ok
8351	H3C4	ok
8352	H3C3	ok
8353	H3C6	ok
83538	ODAD4	ok
83539	CHST9	ok
8354	H3C11	ok
83540	NUF2	ok
83541	FAM110A	ok
83543	AIF1L	ok
83544	DNAL1	ok
83546	RTBDN	ok
83547	RILP	ok
83548	COG3	ok
83549	UCK1	ok
8355	H3C8	ok
83550	GPR101	ok
83551	TAAR8	ok
83552	MFRP	ok
8356	H3C12	ok
8357	H3C10	ok
8358	H3C2	ok
8359	H4C1	ok
83590	TMUB1	ok
83591	THAP2	ok
83592	AKR1E2	ok
83593	RASSF5	ok
83594	NUDT12	ok
83595	SOX7	ok
83596	BCL2L12	ok
83597	RTP3	ok
83598	LRRC2-AS1	ok
836	CASP3	ok
8360	H4C4	ok
83604	TMEM47	ok
83605	CCM2	ok
83606	GUCD1	ok
83607	AMMECR1L	ok
83608	RMP24	ok
8361	H4C6	ok
8362	H4C12	ok
8363	H4C11	ok
83636	C19orf12	ok
83637	ZMIZ2	ok
83638	C11orf68	ok
83639	TEX101	ok
8364	H4C3	ok
83640	RAMAC	ok
83641	FAM107B	ok
83642	SELENOO	ok
83643	CCDC3	ok
83648	FAM167A	ok
8365	H4C8	ok
83650	SLC35G5	ok
83656	FAM167A-AS1	ok
83657	DYNLRB2	ok
83658	DYNLRB1	ok
83659	TEKT1	ok
8366	H4C2	ok
83660	TLN2	ok
83661	MS4A8	ok
83666	PARP9	ok
83667	SESN2	ok
8367	H4C5	ok
8368	H4C13	ok
8369	H4C7	ok
83690	CRISPLD1	ok
83692	CD99L2	ok
83693	HSDL1	ok
83694	RPS6KL1	ok
83695	RHNO1	ok
83696	TRAPPC9	ok
83697	SLC4A9	ok
83698	CALN1	ok
83699	SH3BGRL2	ok
837	CASP4	ok
8370	H4C14	ok
83700	JAM3	ok
83706	FERMT3	ok
83707	TRPT1	ok
83714	NRIP2	ok
83715	ESPN	ok
83716	CRISPLD2	ok
83719	YPEL3	ok
8372	HYAL3	ok
83723	TLCD3B	ok
83729	INHBE	ok
83732	RIOK1	ok
83733	SLC25A18	ok
83734	ATG10	ok
83737	ITCH	ok
83740	H2AB3	ok
83741	TFAP2D	ok
83742	MARVELD1	ok
83743	GRWD1	ok
83744	ZNF484	ok
83746	L3MBTL2	ok
83752	LONP2	ok
83755	KRTAP4-12	ok
83756	TAS1R3	ok
83758	RBP5	ok
83759	RBM4B	ok
83786	FRMD8	ok
83787	ARMC10	ok
8379	MAD1L1	ok
83795	KCNK16	ok
838	CASP5	ok
8382	NME5	ok
8383	OR1A1	ok
83844	USP26	ok
83849	SYT15	ok
83850	ESYT3	ok
83851	SYT16	ok
83852	SETDB2	ok
83853	ROPN1L	ok
83854	ANGPTL6	ok
83855	KLF16	ok
83856	FSD1L	ok
83857	TMTC1	ok
83858	ATAD3B	ok
83860	TAF3	ok
83861	RSPH3	ok
83862	TMEM120A	ok
83868	TTTY13	ok
83869	TTTY14	ok
8387	OR1E1	ok
83871	RAB34	ok
83872	HMCN1	ok
83873	GPR61	ok
83874	TBC1D10A	ok
83875	BCO2	ok
83876	MRO	ok
83877	TM2D2	ok
83878	USHBP1	ok
83879	CDCA7	ok
8388	OR1E2	ok
83881	MIXL1	ok
83882	TSPAN10	ok
83884	SLC25A2	ok
83886	PRSS27	ok
83887	TTLL2	ok
83888	FGFBP2	ok
83889	WDR87	ok
83890	SPATA9	ok
83891	SNX25	ok
83892	KCTD10	ok
83893	SPATA16	ok
83894	TTC29	ok
83895	KRTAP1-5	ok
83896	KRTAP3-1	ok
83897	KRTAP3-2	ok
83899	KRTAP9-2	ok
839	CASP6	ok
8390	OR1G1	ok
83900	KRTAP9-3	ok
83901	KRTAP9-8	ok
83902	KRTAP17-1	ok
83903	HASPIN	ok
8392	OR3A3	ok
83930	STARD3NL	ok
83931	STK40	ok
83932	SPRTN	ok
83933	HDAC10	ok
83935		no_symbol_in_gene_info
83937	RASSF4	ok
83938	LRMDA	ok
83939	EIF2A	ok
8394	PIP5K1A	ok
83940	TATDN1	ok
83941	TM2D1	ok
83942	TSSK1B	ok
83943	IMMP2L	ok
8395	PIP5K1B	ok
83953	FCAMR	ok
83955	NACA4P	ok
83956	RACGAP1P1	ok
83957	FRMD8P1	ok
83959	SLC4A11	ok
8396	PIP4K2B	ok
8398	PLA2G6	ok
83982	IFI27L2	ok
83983	TSSK6	ok
83985	SPNS1	ok
83986	FAM234A	ok
83987	CCDC8	ok
83988	NCALD	ok
83989	ARB2A	ok
8399	PLA2G10	ok
83990	BRIP1	ok
83992	CTTNBP2	ok
83998	REG4	ok
83999	KREMEN1	ok
840	CASP7	ok
84000	TMPRSS13	ok
84002	B3GNT5	ok
8402	SLC25A11	ok
84033	OBSCN	ok
84034	EMILIN2	ok
8404	SPARCL1	ok
8405	SPOP	ok
84054	PCDHB19P	ok
84056	KATNAL1	ok
84057	MND1	ok
84058	WDR54	ok
84059	ADGRV1	ok
8406	SRPX	ok
84060	RBM48	ok
84061	MAGT1	ok
84062	DTNBP1	ok
84063	KIRREL2	ok
84064	HDHD2	ok
84065	TMEM222	ok
84066	TEX35	ok
84067	FHIP1B	ok
84068	SLC10A7	ok
84069	PLEKHN1	ok
8407	TAGLN2	ok
84070	FAM186B	ok
84071	ARMC2	ok
84072	HORMAD1	ok
84073	MYCBPAP	ok
84074	QRICH2	ok
84075	FSCB	ok
84076	TKTL2	ok
84077	FAM149C	ok
84078	KBTBD7	ok
84079	ANKRD27	ok
8408	ULK1	ok
84080	ENKD1	ok
84081	NSRP1	ok
84083	ZRANB3	ok
84084	RAB6C	ok
84085	FBXO30	ok
8409	UXT	ok
841	CASP8	ok
84100	ARL6	ok
84101	USP44	ok
84102	SLC41A2	ok
84103	C4orf17	ok
84105	PCBD2	ok
84106	PRAM1	ok
84107	ZIC4	ok
84108	PCGF6	ok
84109	QRFPR	ok
8411	EEA1	ok
8412	BCAR3	ok
84124	ZNF394	ok
84125	LRRIQ1	ok
84126	ATRIP	ok
84128	WDR75	ok
84129	ACAD11	ok
84131	CEP78	ok
84132	USP42	ok
84133	ZNRF3	ok
84134	TOMM40L	ok
84135	UTP15	ok
84138	SLC7A6OS	ok
84140	FAM161A	ok
84141	EVA1A	ok
84142	ABRAXAS1	ok
84144	SYDE2	ok
84146	ZNF644	ok
84148	KAT8	ok
84152	PPP1R1B	ok
84153	RNASEH2C	ok
84154	RPF2	ok
84159	ARID5B	ok
8416	ANXA9	ok
84162	BLTP1	ok
84163	GTF2IRD2	ok
84164	ASCC2	ok
84166	NLRC5	ok
84167	C19orf44	ok
84168	ANTXR1	ok
8417	STX7	ok
84171	LOXL4	ok
84172	POLR1B	ok
84173	ELMOD3	ok
84174	SLA2	ok
84176	MYH16	ok
84179	SLC49A3	ok
8418	CMAHP	ok
84181	CHD6	ok
84182	MINDY4	ok
84186	ZCCHC7	ok
84187	TMEM164	ok
84188	FAR1	ok
84189	SLITRK6	ok
8419	BFSP2	ok
84190	METTL25	ok
84191	CIAO2A	ok
84193	SETD3	ok
84196	USP48	ok
84197	POMK	ok
842	CASP9	ok
8420	SNHG3	ok
84203	TXNDC2	ok
84206	MEX3B	ok
84215	ZNF541	ok
84216	TMEM117	ok
84217	ZMYND12	ok
84219	WDR24	ok
84221	SPATC1L	ok
84222	TMEM191A	ok
84223	DRC9	ok
84224	NBPF3	ok
84225	ZMYND15	ok
84226	SPATA31H1	ok
84229	DRC7	ok
84230	LRRC8C	ok
84231	TRAF7	ok
84232	MAF1	ok
84233	TMEM126A	ok
84236	RHBDD1	ok
84239	ATP13A4	ok
8424	BBOX1	ok
84240	ZCCHC9	ok
84243	ZDHHC18	ok
84245	MRI1	ok
84246	MED10	ok
84247	RTL6	ok
84248	FYTTD1	ok
84249	PSD2	ok
8425	LTBP4	ok
84250	SLF1	ok
84251	SGIP1	ok
84253	GARNL3	ok
84254	CAMKK1	ok
84255	SLC37A3	ok
84256	FLYWCH1	ok
84258	SYT3	ok
84259	DCUN1D5	ok
84260	TCHP	ok
84261	FBXW9	ok
84262	PSMG3	ok
84263	HSDL2	ok
84264	HAGHL	ok
84265	POLR3GL	ok
84266	ALKBH7	ok
84267	QNG1	ok
84268	RPAIN	ok
84269	CHCHD5	ok
8427	ZNF282	ok
84270	CARD19	ok
84271	POLDIP3	ok
84272	YIPF4	ok
84273	NOA1	ok
84274	COQ5	ok
84275	SLC25A33	ok
84276	NICN1	ok
84277	DNAJC30	ok
84278	SLC71A3P	ok
84279	PRADC1	ok
8428	STK24	ok
84280	BTBD10	ok
84281	AKAP19	ok
84282	RNF135	ok
84283	TMEM79	ok
84284	NTPCR	ok
84285	EIF1AD	ok
84286	TMEM175	ok
84287	ZDHHC16	ok
84288	DRC8	ok
84289	ING5	ok
84290	CAPNS2	ok
84292	WDR83	ok
84293	PRXL2A	ok
84294	UTP23	ok
84295	PHF6	ok
84296	GINS4	ok
84298	LLPH	ok
84299	MIEN1	ok
843	CASP10	ok
84300	UQCC2	ok
84301	DDI2	ok
84302	PGAP4	ok
84303	CHCHD6	ok
84304	NUDT22	ok
84305	PYM1	ok
84306	PDCD2L	ok
84307	ZNF397	ok
84309	NUDT16L1	ok
8431	NR0B2	ok
84310	CHLSN	ok
84311	MRPL45	ok
84312	BRMS1L	ok
84313	VPS25	ok
84314	TMEM107	ok
84315	MON1A	ok
84316	NAA38	ok
84317	VMA22	ok
84318	CCDC77	ok
84319	CMSS1	ok
84320	ACBD6	ok
84321	THOC3	ok
84324	SARNP	ok
84326	METTL26	ok
84327	ZBED3	ok
84328	LZIC	ok
84329	HVCN1	ok
8433	UTF1	ok
84330	ZNF414	ok
84331	MCRIP2	ok
84332	DYDC2	ok
84333	PCGF5	ok
84334	COA8	ok
84335	AKT1S1	ok
84336	TMEM101	ok
84337	ELOF1	ok
8434	RECK	ok
84340	GFM2	ok
84342	COG8	ok
84343	HPS3	ok
8435	SOAT2	ok
8436	CAVIN2	ok
84364	ARFGAP2	ok
84365	NIFK	ok
84366	PRAC1	ok
8437	RASAL1	ok
84376	HOOK3	ok
8438	RAD54L	ok
8439	NSMAF	ok
844	CASQ1	ok
8440	NCK2	ok
84417	ECRG4	ok
84418	CYSTM1	ok
84419	COXFA4L3	ok
8443	GNPAT	ok
84432	PROK1	ok
84433	CARD11	ok
84435	ADGRA1	ok
84436	ZNF528	ok
84437	MSANTD4	ok
84439	HHIPL1	ok
8444	DYRK3	ok
84440	RAB11FIP4	ok
84441	MAML2	ok
84444	DOT1L	ok
84445	LZTS2	ok
84446	BRSK1	ok
84447	SYVN1	ok
84448	ABLIM2	ok
84449	ZNF333	ok
8445	DYRK2	ok
84450	ZNF512	ok
84451	MAP3K21	ok
84455	EFCAB7	ok
84456	L3MBTL3	ok
84457	PHYHIPL	ok
84458	LCOR	ok
8446	DUSP11	ok
84460	ZMAT1	ok
84461	NEURL4	ok
84464	SLX4	ok
84465	MEGF11	ok
84466	MEGF10	ok
84467	FBN3	ok
8447	DOC2B	ok
8448	DOC2A	ok
8449	DHX16	ok
84498	FAM120B	ok
845	CASQ2	ok
8450	CUL4B	ok
84501	SPIRE2	ok
84502	JPH4	ok
84503	ZNF527	ok
84504	NKX6-2	ok
8451	CUL4A	ok
84513	PLPP5	ok
84514	GHDC	ok
84515	MCM8	ok
84516	DCTN5	ok
84517	ACTRT3	ok
84518	CNFN	ok
84519	ACRBP	ok
8452	CUL3	ok
84520	GON7	ok
84522	JAGN1	ok
84524	ZC3H8	ok
84525	HOPX	ok
84527	ZNF559	ok
84529	CDIN1	ok
8453	CUL2	ok
84530	SRRM4	ok
84532	ACSS1	ok
84536	LINC01547	ok
84539	MCHR2	ok
8454	CUL1	ok
84541	KBTBD8	ok
84542	SANBR	ok
84545	MRPL43	ok
84546	SNORD35B	ok
84547	PGBD1	ok
84548	TMEM185A	ok
84549	MAK16	ok
8455	ATRN	ok
84552	PARD6G	ok
84553	FAXC	ok
84557	MAP1LC3A	ok
84559	GOLGA2P2Y	ok
8456	FOXN1	ok
84560	MT4	ok
84561	SLC12A8	ok
84569	LYZL1	ok
84570	COL25A1	ok
84572	GNPTG	ok
8458	TTF2	ok
8459	TPST2	ok
846	CASR	ok
8460	TPST1	ok
84612	PARD6B	ok
84614	ZBTB37	ok
84616	KRTAP4-4	ok
84617	TUBB6	ok
84618	NT5C1A	ok
84619	ZGPAT	ok
8462	KLF11	ok
84620	ST6GAL2	ok
84622	ZNF594	ok
84623	KIRREL3	ok
84624	FNDC1	ok
84626	KRABD3	ok
84627	ZNF469	ok
84628	NTNG2	ok
84629	TNRC18	ok
8463	TEAD2	ok
84630	TTBK1	ok
84631	SLITRK2	ok
84632	AFAP1L2	ok
84634	KISS1R	ok
84636	GPR174	ok
84639	IL38	ok
8464	SUPT3H	ok
84640	USP38	ok
84641	SLC71A2	ok
84645	C22orf23	ok
84647	PLA2G12B	ok
84648	LCE3D	ok
84649	DGAT2	ok
84650	EBPL	ok
84651	SPINK7	ok
84654	SPZ1	ok
84656	GLYR1	ok
84657	LINC00852	ok
84658	ADGRE3	ok
84659	RNASE7	ok
84660	CCDC62	ok
84661	DPY30	ok
84662	GLIS2	ok
84665	MYPN	ok
84666	RETNLB	ok
84667	HES7	ok
84668	HYCC1	ok
84669	USP32	ok
8467	SMARCA5	ok
84671	ZNF347	ok
84674	CARD6	ok
84675	TRIM55	ok
84676	TRIM63	ok
84677	DSCR8	ok
84678	KDM2B	ok
84679	SLC9A7	ok
8468	FKBP6	ok
84680	ACCS	ok
84681	HINT2	ok
84684	INSM2	ok
84687	PPP1R9B	ok
84688	SPMIP6	ok
84689	MS4A14	ok
84690	SPATA22	ok
84691	GARIN1B	ok
84692	CCDC54	ok
84693	MCEE	ok
84694	GJA10	ok
84695	LOXL3	ok
84696	ABHD1	ok
84698	CAPS2	ok
84699	CREB3L3	ok
847	CAT	ok
8470	SORBS2	ok
84700	MYO18B	ok
84701	COX4I2	ok
84705	GTPBP3	ok
84706	GPT2	ok
84707	BEX2	ok
84708	LNX1	ok
84709	MGARP	ok
8471	IRS4	ok
84717	HDGFL2	ok
84719	LINC00260	ok
84720	PIGO	ok
84722	PSRC1	ok
84725	PLEKHA8	ok
84726	PRRC2B	ok
84727	SPSB2	ok
8473	OGT	ok
84733	CBX2	ok
84734	FAM167B	ok
84735	CNDP1	ok
84740	AFAP1-AS1	ok
84747	UNC119B	ok
84749	USP30	ok
84750	POFUT3	ok
84752	B3GNT9	ok
84759	PCGF1	ok
8476	CDC42BPA	ok
84765	ZNF577	ok
84766	CRACR2A	ok
84767	TRIM51	ok
84769	MPV17L2	ok
8477	GPR65	ok
84771	DDX11L2	ok
84775	ZNF607	ok
84779	NAA11	ok
84787	KMT5C	ok
84789		no_symbol_in_gene_info
8479	HIRIP3	ok
84790	TUBA1C	ok
84791	LINC00467	ok
84792	FAM220A	ok
84793	FOXD2-AS1	ok
84795	PYROXD2	ok
84798	C19orf48P	ok
8480	RAE1	ok
84803	GPAT3	ok
84804	SLC67A2	ok
84807	NFKBID	ok
84808	PERM1	ok
84809	CROCCP2	ok
8481	OFD1	ok
84811	BUD13	ok
84812	PLCD4	ok
84814	PLPP7	ok
84815		no_symbol_in_gene_info
84816	RTN4IP1	ok
84817	TXNDC17	ok
84818	IL17RC	ok
8482	SEMA7A	ok
84820	POLR2J4	ok
84823	LMNB2	ok
84824	FCRLA	ok
84826	SFT2D3	ok
8483	CILP	ok
84830	ADTRP	ok
84832	ANKRD36BP1	ok
84833	ATP5MK	ok
84836	ABHD14B	ok
84837	ARHGAP5-AS1	ok
84838	ZNF496	ok
84839	RAX2	ok
8484	GALR3	ok
84842	HPDL	ok
84844	PHF5A	ok
84847	LINC00525	ok
84848	MIR503HG	ok
84849		no_symbol_in_gene_info
84850	GLIS3-AS1	ok
84851	TRIM52	ok
84852	ATP1A1-AS1	ok
84856	LINC00839	ok
84858	ZNF503	ok
84859	LRCH3	ok
84861	KLHL22	ok
84864	RIOX2	ok
84865	CCDC142	ok
84866	TMEM25	ok
84867	PTPN5	ok
84868	HAVCR2	ok
84869	CBR4	ok
8487	GEMIN2	ok
84870	RSPO3	ok
84871	AGBL4	ok
84872	ZC3H10	ok
84873	ADGRG7	ok
84874	ZNF514	ok
84875	PARP10	ok
84876	ORAI1	ok
84878	ZBTB45	ok
84879	MFSD2A	ok
84881	RPUSD4	ok
84883	AIFM2	ok
84885	ZDHHC12	ok
84886	C1orf198	ok
84888	SPPL2A	ok
84889	SLC7A3	ok
84890	ADO	ok
84891	ZSCAN10	ok
84892	POMGNT2	ok
84893	FBH1	ok
84894	LINGO1	ok
84895	MIGA2	ok
84896	ATAD1	ok
84897	TBRG1	ok
84898	PLXDC2	ok
84899	TMTC4	ok
8490	RGS5	ok
84900	RNFT2	ok
84901	NFATC2IP	ok
84902	CEP89	ok
84904	ARHGEF39	ok
84905	ZNF341	ok
84908	TIMCC	ok
84909	AOPEP	ok
8491	MAP4K3	ok
84910	TMEM87B	ok
84911	ZNF382	ok
84912	SLC35B4	ok
84913	ATOH8	ok
84914	ZNF587	ok
84915	FAM222A	ok
84916	UTP4	ok
84918	LRP11	ok
84919	PPP1R15B	ok
8492	PRSS12	ok
84920	ALG10	ok
84922	FIZ1	ok
84923	VCF1	ok
84924	ZNF566	ok
84925	SLC49A4	ok
84926	SPRYD3	ok
84928	TMEM209	ok
84929	FIBCD1	ok
8493	PPM1D	ok
84930	MASTL	ok
84931	LINC01101	ok
84932	RAB2B	ok
84933	C8orf76	ok
84934	RITA1	ok
84935	MEDAG	ok
84936	ZFYVE19	ok
84937	ZNRF1	ok
84938	ATG4C	ok
84939	PWWP3A	ok
84940	CORO6	ok
84941	HSH2D	ok
84942	WDR73	ok
84944	MAEL	ok
84945	ABHD13	ok
84946	LTV1	ok
84947	SERAC1	ok
84948	TIGD5	ok
8495	PPFIBP2	ok
84950	PRPF38A	ok
84951	TNS4	ok
84952	CGNL1	ok
84953		no_symbol_in_gene_info
84954	MPND	ok
84955	NUDCD1	ok
84957	RELT	ok
84958	SYTL1	ok
84959	UBASH3B	ok
8496	PPFIBP1	ok
84960	CCDC183	ok
84961	FBXL20	ok
84962	AJUBA	ok
84964	ALKBH6	ok
84966	IGSF21	ok
84967	LSM10	ok
84969	TOX2	ok
8497	PPFIA4	ok
84970	C1orf94	ok
84971	ATG4D	ok
84973	SNHG7	ok
84975	SLC61A1	ok
84976	DISP1	ok
84978	FRMD5	ok
8498	RANBP3	ok
84981	MIR22HG	ok
84983	FAM222A-AS1	ok
84984	CEP19	ok
84985	SACK1A	ok
84986	ARHGAP19	ok
84987	COX14	ok
84988	PPP1R16A	ok
84989	JMJD1C-AS1	ok
8499	PPFIA2	ok
84991	RBM17	ok
84993	UBL7	ok
84996	URB1-DT	ok
8500	PPFIA1	ok
85001		no_symbol_in_gene_info
85002	FAM86B1	ok
85004	RERG	ok
85007	PHYKPL	ok
85009		no_symbol_in_gene_info
8501	SLC43A1	ok
85012	TCEAL3	ok
85013	TMEM128	ok
85014	TMEM141	ok
85015	USP45	ok
85016	CFAP300	ok
85019	SLC35D4	ok
8502	PKP4	ok
85021	REPS1	ok
85025	TMEM60	ok
85026	ARRDC1-AS1	ok
85027	SMIM3	ok
85028	SNHG12	ok
8503	PIK3R3	ok
8504	PEX3	ok
8505	PARG	ok
8506	CNTNAP1	ok
8507	ENC1	ok
8508	NIPSNAP1	ok
8509	NDST2	ok
8510	MMP23B	ok
8511	MMP23A	ok
8512	MBL1P	ok
8513	LIPF	ok
8514	KCNAB2	ok
8515	ITGA10	ok
8516	ITGA8	ok
8517	IKBKG	ok
8518	ELP1	ok
8519	IFITM1	ok
8520	HAT1	ok
8521	GCM1	ok
8522	GAS7	ok
85235	H2AC12	ok
85236	H2BC12	ok
8525	DGKZ	ok
8526	DGKE	ok
8527	DGKD	ok
8528	DDO	ok
85280	KRTAP9-4	ok
85285	KRTAP4-1	ok
85289	KRTAP4-5	ok
8529	CYP4F2	ok
85290	KRTAP4-3	ok
85291	KRTAP4-2	ok
85293	KRTAP3-3	ok
85294	KRTAP2-4	ok
8530	CST7	ok
85300	ATCAY	ok
85301	COL27A1	ok
85302	FBF1	ok
8531	YBX3	ok
85313	PPIL4	ok
85315	PAQR8	ok
85318	BAGE3	ok
8532	CPZ	ok
85320	ABCC11	ok
85329	LGALS12	ok
8533	COPS3	ok
8534	CHST1	ok
8535	CBX4	ok
85352	SHISAL1	ok
85358	SHANK3	ok
85359	DGCR6L	ok
8536	CAMK1	ok
85360	SYDE1	ok
85363	TRIM5	ok
85364	ZCCHC3	ok
85365	ALG2	ok
85366	MYLK2	ok
85369	STRIP1	ok
8537	BCAS1	ok
85371		no_symbol_in_gene_info
85376	RIMBP3	ok
85377	MICALL1	ok
85378	TUBGCP6	ok
85379	KIAA1671	ok
8538	BARX2	ok
8539	API5	ok
85395	SLX9	ok
85397	RGS8	ok
8540	AGPS	ok
85403	EAF1	ok
85406	DNAJC14	ok
85407	NKD1	ok
85409	NKD2	ok
8541	PPFIA3	ok
85413	SLC22A16	ok
85414	SLC45A3	ok
85415	RHPN2	ok
85416	ZIC5	ok
85417	CCNB3	ok
8542	APOL1	ok
8543	LMO4	ok
85437	ZCRB1	ok
85438	CABS1	ok
85439	STON2	ok
8544	PIR	ok
85440	DOCK7	ok
85441	HELZ2	ok
85442	KNDC1	ok
85443	DCLK3	ok
85444	LRRCC1	ok
85445	CNTNAP4	ok
85446	ZFHX2	ok
85449	KIAA1755	ok
8545	CGGBP1	ok
85450	ITPRIP	ok
85451	UNK	ok
85452	CFAP74	ok
85453	TSPYL5	ok
85455	DISP2	ok
85456	CNOT12	ok
85457	CIPC	ok
85458	DIXDC1	ok
85459	CEP295	ok
8546	AP3B1	ok
85460	ZNF518B	ok
85461	TANC1	ok
85462	FHDC1	ok
85463	ZC3H12C	ok
85464	SSH2	ok
85465	SELENOI	ok
8547	FCN3	ok
85474	LBX2	ok
85476	GFM1	ok
85477	SCIN	ok
85478	DRC2	ok
85479	DNAJC5B	ok
8548	BLZF1	ok
85480	TSLP	ok
85481	PSKH2	ok
8549	LGR5	ok
85495	RPPH1	ok
8550	MAPKAPK5	ok
85508	SCRT2	ok
85509	MBD3L1	ok
8552	INE1	ok
8553	BHLHE40	ok
8554	PIAS1	ok
8555	CDC14B	ok
8556	CDC14A	ok
85569	GALP	ok
8557	TCAP	ok
8558	CDK10	ok
8559	PRPF18	ok
8560	DEGS1	ok
8562	DENR	ok
8563	THOC5	ok
8564	KMO	ok
8565	YARS1	ok
8566	PDXK	ok
8567	MADD	ok
8568	RRP1	ok
8569	MKNK1	ok
857	CAV1	ok
8570	KHSRP	ok
8572	PDLIM4	ok
8573	CASK	ok
8574	AKR7A2	ok
8575	PRKRA	ok
8576	STK16	ok
8577	TMEFF1	ok
8578	SCARF1	ok
858	CAV2	ok
8581	LY6D	ok
85865	GTPBP10	ok
8587	OR7E2P	ok
859	CAV3	ok
8590	OR6A2	ok
86	ACTL6A	ok
860	RUNX2	ok
8600	TNFSF11	ok
8601	RGS20	ok
8602	NOP14	ok
8603	FAM193A	ok
8604	SLC25A12	ok
8605	PLA2G4C	ok
8607	RUVBL1	ok
8608	RDH16	ok
8609	KLF7	ok
861	RUNX1	ok
8611	PLPP1	ok
8612	PLPP2	ok
8613	PLPP3	ok
8614	STC2	ok
8615	USO1	ok
8618	CADPS	ok
862	RUNX1T1	ok
8620	NPFF	ok
8621	CDK13	ok
8622	PDE8B	ok
8624	PSMG1	ok
8625	RFXANK	ok
8626	TP63	ok
8629	JRK	ok
863	CBFA2T3	ok
8630	HSD17B6	ok
8631	SKAP1	ok
8632	DNAH17	ok
8633	UNC5C	ok
8634	RTCA	ok
8635	RNASET2	ok
8636	SSNA1	ok
8637	EIF4EBP3	ok
8638	OASL	ok
8639	AOC3	ok
864	RUNX3	ok
8642	DCHS1	ok
8643	PTCH2	ok
8644	AKR1C3	ok
8645	KCNK5	ok
8646	CHRD	ok
8647	ABCB11	ok
8648	NCOA1	ok
8649	LAMTOR3	ok
865	CBFB	ok
8650	NUMB	ok
8651	SOCS1	ok
8653	DDX3Y	ok
8654	PDE5A	ok
8655	DYNLL1	ok
8658	TNKS	ok
8659	ALDH4A1	ok
866	SERPINA6	ok
8660	IRS2	ok
8661	EIF3A	ok
8662	EIF3B	ok
8663	EIF3C	ok
8664	EIF3D	ok
8665	EIF3F	ok
8666	EIF3G	ok
8667	EIF3H	ok
8668	EIF3I	ok
8669	EIF3J	ok
867	CBL	ok
8671	SLC4A4	ok
8672	EIF4G3	ok
8673	VAMP8	ok
8674	VAMP4	ok
8675	STX16	ok
8676	STX11	ok
8677	STX10	ok
8678	BECN1	ok
868	CBLB	ok
8682	PEA15	ok
8683	SRSF9	ok
8685	MARCO	ok
8687	KRT38	ok
8688	KRT37	ok
8689	KRT36	ok
869	CBLN1	ok
8690	JRKL	ok
8692	HYAL2	ok
8693	GALNT4	ok
8694	DGAT1	ok
8697	CDC23	ok
8698	S1PR4	ok
87	ACTN1	ok
8701	DNAH11	ok
8702	B4GALT4	ok
8703	B4GALT3	ok
8704	B4GALT2	ok
8705	B3GALT4	ok
8706	B3GALNT1	ok
8707	B3GALT2	ok
8708	B3GALT1	ok
871	SERPINH1	ok
8710	SERPINB7	ok
8711	TNK1	ok
8712	PAGE1	ok
8714	ABCC3	ok
8715	NOL4	ok
8717	TRADD	ok
87178	PNPT1	ok
8718	TNFRSF25	ok
8720	MBTPS1	ok
8721	EDF1	ok
8722	CTSF	ok
8723	SNX4	ok
8724	SNX3	ok
8725	URI1	ok
8726	EED	ok
8727	CTNNAL1	ok
8728	ADAM19	ok
8729	GBF1	ok
873	CBR1	ok
8731	RNMT	ok
8732	RNGTT	ok
8733	GPAA1	ok
8735	MYH13	ok
8736	MYOM1	ok
8737	RIPK1	ok
8738	CRADD	ok
8739	HRK	ok
874	CBR3	ok
8740	TNFSF14	ok
8741	TNFSF13	ok
8742	TNFSF12	ok
8743	TNFSF10	ok
8744	TNFSF9	ok
8745	ADAM23	ok
8747	ADAM21	ok
8748	ADAM20	ok
8749	ADAM18	ok
875	CBS	ok
8751	ADAM15	ok
8754	ADAM9	ok
8755	ADAM6	ok
8756	ADAM7	ok
8759	ADAM1A	ok
8760	CDS2	ok
8761	PABPC4	ok
8763	CD164	ok
8764	TNFRSF14	ok
8766	RAB11A	ok
8767	RIPK2	ok
8772	FADD	ok
8773	SNAP23	ok
8774	NAPG	ok
8775	NAPA	ok
8776	MTMR1	ok
87769	GGACT	ok
8777	MPDZ	ok
8778	SIGLEC5	ok
8780	RIOK3	ok
8784	TNFRSF18	ok
8785	MATN4	ok
8786	RGS11	ok
8787	RGS9	ok
8788	DLK1	ok
8789	FBP2	ok
8790	FPGT	ok
8792	TNFRSF11A	ok
8793	TNFRSF10D	ok
8794	TNFRSF10C	ok
8795	TNFRSF10B	ok
8796	SCEL	ok
8797	TNFRSF10A	ok
8798	DYRK4	ok
8799	PEX11B	ok
88	ACTN2	ok
8800	PEX11A	ok
8801	SUCLG2	ok
8802	SUCLG1	ok
8803	SUCLA2	ok
8804	CREG1	ok
8805	TRIM24	ok
8807	IL18RAP	ok
8808	IL36R	ok
8809	IL18R1	ok
881	CCIN	ok
8811	GALR2	ok
8812	CCNK	ok
8813	DPM1	ok
8814	CDKL1	ok
8815	BANF1	ok
8816	DCAF5	ok
8817	FGF18	ok
8818	DPM2	ok
8819	SAP30	ok
8820	HESX1	ok
8821	INPP4B	ok
8822	FGF17	ok
8823	FGF16	ok
8824	CES2	ok
8825	LIN7A	ok
8826	IQGAP1	ok
8828	NRP2	ok
8829	NRP1	ok
883	KYAT1	ok
8831	SYNGAP1	ok
8832	CD84	ok
8833	GMPS	ok
8834	TMEM11	ok
8835	SOCS2	ok
8836	GGH	ok
8837	CFLAR	ok
8838	CCN6	ok
8839	CCN5	ok
8840	CCN4	ok
8841	HDAC3	ok
8842	PROM1	ok
8843	HCAR3	ok
8844	KSR1	ok
88455	ANKRD13A	ok
8846	ALKBH1	ok
8847	DLEU2	ok
8848	TSC22D1	ok
885	CCK	ok
8850	KAT2B	ok
8851	CDK5R1	ok
8852	AKAP4	ok
8853	ASAP2	ok
8854	ALDH1A2	ok
8856	NR1I2	ok
8857	FCGBP	ok
8858	PROZ	ok
8859	WHR1	ok
886	CCKAR	ok
8861	LDB1	ok
8862	APLN	ok
8863	PER3	ok
8864	PER2	ok
8867	SYNJ1	ok
8869	ST3GAL5	ok
887	CCKBR	ok
8870	IER3	ok
8871	SYNJ2	ok
8872	CDC123	ok
8874	ARHGEF7	ok
88745	RRP36	ok
8875	VNN2	ok
8876	VNN1	ok
8877	SPHK1	ok
8878	SQSTM1	ok
8879	SGPL1	ok
8880	FUBP1	ok
8881	CDC16	ok
8882	ZPR1	ok
8883	NAE1	ok
8884	SLC5A6	ok
8886	DDX18	ok
8887	TAX1BP1	ok
8888	MCM3AP	ok
889	KRIT1	ok
8890	EIF2B4	ok
8891	EIF2B3	ok
8892	EIF2B2	ok
8893	EIF2B5	ok
8894	EIF2S2	ok
8895	CPNE3	ok
8896	BUD31	ok
8897	MTMR3	ok
8898	MTMR2	ok
8899	PRP4K	ok
89	ACTN3	ok
890	CCNA2	ok
8900	CCNA1	ok
8904	CPNE1	ok
8905	AP1S2	ok
8906	AP1G2	ok
8907	AP1M1	ok
8908	GYG2	ok
8909	ENDOU	ok
891	CCNB1	ok
8910	SGCE	ok
8911	CACNA1I	ok
8912	CACNA1H	ok
89122	TRIM4	ok
8913	CACNA1G	ok
8914	TIMELESS	ok
8915	BCL10	ok
8916	HERC3	ok
892	CCNC	ok
8924	HERC2	ok
8925	HERC1	ok
8926	SNURF	ok
8927	BSN	ok
8928	FOXH1	ok
8929	PHOX2B	ok
8930	MBD4	ok
8932	MBD2	ok
8933	RTL8C	ok
8934	RAB29	ok
8935	SKAP2	ok
8936	WASF1	ok
8938	BAIAP3	ok
8939	FUBP3	ok
894	CCND2	ok
8940	TOP3B	ok
8941	CDK5R2	ok
8942	KYNU	ok
8943	AP3D1	ok
8945	BTRC	ok
896	CCND3	ok
8968	H3C7	ok
8969	H2AC11	ok
8970	H2BC11	ok
8971	H1-10	ok
8972	MGAM	ok
8973	CHRNA6	ok
8974	P4HA2	ok
8975	USP13	ok
89758	LINC01621	ok
8976	WASL	ok
89765	RSPH1	ok
89766	UMODL1	ok
89777	SERPINB12	ok
89778	SERPINB11	ok
89780	WNT3A	ok
89781	HPS4	ok
89782	LMLN	ok
89790	SIGLEC10	ok
89792	GAL3ST3	ok
89795	NAV3	ok
89796	NAV1	ok
89797	NAV2	ok
898	CCNE1	ok
89801	PPP1R3F	ok
89822	KCNK17	ok
89832	CHRFAM7A	ok
89837	ULK4P3	ok
89838	ULK4P1	ok
89839	ARHGAP11B	ok
89845	ABCC10	ok
89846	FGD3	ok
89848	FCHSD1	ok
89849	ATG16L2	ok
8985	PLOD3	ok
89853	MVB12B	ok
89857	KLHL6	ok
89858	SIGLEC12	ok
8986	RPS6KA4	ok
89866	SEC16B	ok
89869	PLCZ1	ok
8987	STBD1	ok
89870	TRIM15	ok
89872	AQP10	ok
89874	SLC25A21	ok
89876	CFAP91	ok
8988	HSPB3	ok
89882	TPD52L3	ok
89883	OR6W1P	ok
89884	LHX4	ok
89885	FATE1	ok
89886	SLAMF9	ok
89887	ZNF628	ok
8989	TRPA1	ok
89890	KBTBD6	ok
89891	DYNC2I2	ok
89894	TMEM116	ok
899	CCNF	ok
8991	SELENBP1	ok
89910	UBE3B	ok
8992	ATP6V0E1	ok
89927	BMERB1	ok
8993	PGLYRP1	ok
89932	PAPLN	ok
8994	LIMD1	ok
89941	RHOT2	ok
89944	GLB1L2	ok
8995	TNFSF18	ok
89953	KLC4	ok
89958	SAPCD2	ok
8996	NOL3	ok
8997	KALRN	ok
89970	RSPRY1	ok
89978	DPH6	ok
8999	CDKL2	ok
9	NAT1	ok
90	ACVR1	ok
900	CCNG1	ok
90007	MIDN	ok
9001	HAP1	ok
90011	KIR3DX1	ok
90019	SYT8	ok
9002	F2RL3	ok
90024	PPP3CA-DT	ok
90025	UBE3D	ok
90050	FAM181A	ok
90060	CCDC120	ok
90070	LACRT	ok
90075	ZNF30	ok
901	CCNG2	ok
90102	PHLDB2	ok
90113	VWA5B2	ok
90120	TMEM250	ok
90121	TSR2	ok
9013	TAF1C	ok
90134	KCNH7	ok
90135	BTBD6	ok
90139	TSPAN18	ok
9014	TAF1B	ok
90141	EFCAB11	ok
9015	TAF1A	ok
9016	SLC25A14	ok
90161	HS6ST2	ok
90167	FRMD7	ok
90187	EMILIN3	ok
9019	MPZL1	ok
90196	SYS1	ok
90199	WFDC8	ok
902	CCNH	ok
9020	MAP3K14	ok
90203	SNX21	ok
90204	ZSWIM1	ok
9021	SOCS3	ok
9022	CLIC3	ok
90226	UCN2	ok
9023	CH25H	ok
90231	KIAA2013	ok
90233	ZNF551	ok
9024	BRSK2	ok
90246		no_symbol_in_gene_info
90249	UNC5A	ok
9025	RNF8	ok
9026	HIP1R	ok
90268	OTULIN	ok
9027	NAT8	ok
90271	OLMALINC	ok
90273	CEACAM21	ok
9028	RHBDL1	ok
90288	EFCAB12	ok
90293	KLHL13	ok
9031	BAZ1B	ok
90313	TP53I13	ok
90316	TGIF2LX	ok
90317	ZNF616	ok
9032	TM4SF5	ok
90321	ZNF766	ok
90324	CCDC97	ok
90326	THAP3	ok
9033	PKD2L1	ok
90332	EXOC3L2	ok
90333	ZNF468	ok
90338	ZNF160	ok
9034	CCRL2	ok
90342	FER1L5	ok
90353	CTU1	ok
90355	MACIR	ok
90362	FAM110B	ok
9037	SEMA5A	ok
90378	SAMD1	ok
90379	DCAF15	ok
90381	TICRR	ok
9039	UBA3	ok
90390	MED30	ok
904	CCNT1	ok
9040	UBE2M	ok
90407	TMEM41A	ok
90410	IFT20	ok
90411	MCFD2	ok
90416	CCDC32	ok
90417	KNSTRN	ok
90423	ATP6V1E2	ok
90427	BMF	ok
9043	SPAG9	ok
9044	BTAF1	ok
90441	ZNF622	ok
9045	RPL14	ok
90459	ERI1	ok
9046	DOK2	ok
9047	SH2D2A	ok
9048	ARTN	ok
90480	GADD45GIP1	ok
90485	ZNF835	ok
90488	TMEM263	ok
9049	AIP	ok
90499	FAM95A	ok
905	CCNT2	ok
9050	PSTPIP2	ok
90506	LRRC46	ok
90507	SCRN2	ok
9051	PSTPIP1	ok
9052	GPRC5A	ok
90522	YIF1B	ok
90523	MLIP	ok
90525	SHF	ok
90527	DUOXA1	ok
90529	STPG1	ok
9053	MAP7	ok
9054	NFS1	ok
9055	PRC1	ok
90550	MCU	ok
90557	CCDC74A	ok
9056	SLC7A7	ok
9057	SLC7A6	ok
90576	ZNF799	ok
9058	SLC13A2	ok
90580	TIMM29	ok
90586	AOC4P	ok
90589	ZNF625	ok
90592	ZNF700	ok
90594	ZNF439	ok
9060	PAPSS2	ok
9061	PAPSS1	ok
90624	LYRM7	ok
90627	STARD13	ok
9063	PIAS2	ok
90632	LINC00473	ok
90634	N4BP2L1	ok
90637	ZFAND2A	ok
90639	COX19	ok
9064	MAP3K6	ok
90649	ZNF486	ok
90655	TGIF2LY	ok
9066	SYT7	ok
90665	TBL1Y	ok
90668	CARMIL3	ok
90673	PPP1R3E	ok
90678	LRSAM1	ok
9068	ANGPTL1	ok
9069	CLDN12	ok
90693	CCDC126	ok
9070	ASH2L	ok
90701	SEC11C	ok
9071	CLDN10	ok
9073	CLDN8	ok
90736	VCF2	ok
90737	PAGE5	ok
9074	CLDN6	ok
9075	CLDN2	ok
9076	CLDN1	ok
90768	TENM3-AS1	ok
9077	DIRAS3	ok
90780	PYGO2	ok
90784		no_symbol_in_gene_info
9079	LDB2	ok
90799	CEP95	ok
908	CCT6A	ok
9080	CLDN9	ok
90806	ANGEL2	ok
90809	PIP4P1	ok
9081	PRY	ok
90826	PRMT9	ok
90827	ZNF479	ok
90834		no_symbol_in_gene_info
90835	CFAP119	ok
90843	TCEAL8	ok
90850	ZNF598	ok
90853	SPOCD1	ok
9086	EIF1AY	ok
90861	JPT2	ok
90864	SPSB3	ok
90865	IL33	ok
9087	TMSB4Y	ok
90871	DMAC1	ok
90874	ZNF697	ok
9088	PKMYT1	ok
909	CD1A	ok
9091	PIGQ	ok
9092	SART1	ok
9093	DNAJA3	ok
90933	TRIM41	ok
9094	UNC119	ok
9095	TBX19	ok
90952	ESAM	ok
90956	ADCK2	ok
90957	DHX57	ok
9096	TBX18	ok
9097	USP14	ok
9098	USP6	ok
90987	ZNF251	ok
9099	USP2	ok
90990	KIFC2	ok
90993	CREB3L1	ok
91	ACVR1B	ok
910	CD1B	ok
9100	USP10	ok
9101	USP8	ok
91010	FMNL3	ok
91012	CERS5	ok
9103	FCGR2C	ok
91039	DPP9	ok
9104	RGN	ok
91050	CCDC149	ok
91056	AP5B1	ok
91057	CCDC34	ok
9107	MTMR6	ok
91074	ANKRD30A	ok
9108	MTMR7	ok
911	CD1C	ok
9110	MTMR4	ok
91107	TRIM47	ok
9111	NMI	ok
9112	MTA1	ok
91120	ZNF682	ok
9113	LATS1	ok
91133	L3MBTL4	ok
91137	SLC25A46	ok
9114	ATP6V0D1	ok
91147	TMEM67	ok
91149	RAPGEF4-AS1	ok
91151	TIGD7	ok
91156	IGFN1	ok
9117	SEC22C	ok
91179	SCARF2	ok
9118	INA	ok
91181	NUP210L	ok
9119	KRT75	ok
912	CD1D	ok
9120	SLC16A6	ok
9121	SLC16A5	ok
9122	SLC16A4	ok
91227	GGTLC2	ok
9123	SLC16A3	ok
9124	PDLIM1	ok
9125	CNOT9	ok
91252	SLC39A13	ok
9126	SMC3	ok
9127	P2RX6	ok
91272	BOD1	ok
9128	PRPF4	ok
91283	MSANTD3	ok
91289	LMF2	ok
9129	PRPF3	ok
91298	RLIG1	ok
913	CD1E	ok
9130	FAM50A	ok
91300	R3HDM4	ok
91304	TMEM259	ok
9131	AIFM1	ok
91316	GUSBP11	ok
91319	DERL3	ok
9132	KCNQ4	ok
9133	CCNB2	ok
9134	CCNE2	ok
9135	RABEP1	ok
91351	DDX60L	ok
91353	IGLL3P	ok
91355	LRP5L	ok
9136	RRP9	ok
91368	XTBD1	ok
91369	ANKRD40	ok
91373	UAP1L1	ok
9138	ARHGEF1	ok
9139	CBFA2T2	ok
91392	ZNF502	ok
914	CD2	ok
9140	ATG12	ok
91404	SESTD1	ok
91408	BTF3L4	ok
91409	CCDC74B	ok
9141	PDCD5	ok
91419	ATP23	ok
9142		no_symbol_in_gene_info
9143	SYNGR3	ok
91433	RCCD1	ok
9144	SYNGR2	ok
91442	FAAP24	ok
91445	RNF185	ok
9145	SYNGR1	ok
91450		no_symbol_in_gene_info
91452	ACBD5	ok
9146	HGS	ok
91461	PKDCC	ok
91464	ISX	ok
9147	NEMF	ok
9148	NEURL1	ok
9149	DYRK1B	ok
915	CD3D	ok
9150	CTDP1	ok
9152	SLC6A5	ok
91522	COL23A1	ok
91523	PCED1B	ok
91526	ANKRD44	ok
9153	SLC28A2	ok
9154	SLC28A1	ok
91543	RSAD2	ok
91544	UBXN11	ok
9156	EXO1	ok
91574	MTRFR	ok
9158	FIBP	ok
91582	RPS19BP1	ok
91584	PLXNA4	ok
9159	PCSK7	ok
916	CD3E	ok
91603	ZNF830	ok
91607	SLFN11	ok
91608	RASL10B	ok
91612	CHURC1	ok
91614	DEPDC7	ok
9162	DGKI	ok
91624	NEXN	ok
91646	TDRD12	ok
91647	ATPAF2	ok
91653	BOC	ok
9166	EBAG9	ok
91661	ZNF765	ok
91662	NLRP12	ok
91663	MYADM	ok
91664	ZNF845	ok
9167	COX7A2L	ok
9168	TMSB10	ok
91683	SYT12	ok
91687	CENPL	ok
91689	SMDT1	ok
9169	SCAF11	ok
91694	LONRF1	ok
91695	RRP7BP	ok
917	CD3G	ok
9170	LPAR2	ok
91703	ACY3	ok
9172	MYOM2	ok
9173	IL33R	ok
91734	IDI2	ok
91746	YTHDC1	ok
91748	MIDEAS	ok
91749	SLC60A2	ok
9175	MAP3K13	ok
91750	LIN52	ok
91752	ZNF804A	ok
91754	NEK9	ok
91768	CABLES1	ok
9177	HTR3B	ok
91775	NXPE3	ok
91782	CHMP7	ok
9179	AP4M1	ok
9180	OSMR	ok
91801	ALKBH8	ok
91807	MYLK3	ok
9181	ARHGEF2	ok
9182	RASSF9	ok
91828	EXOC3L4	ok
9183	ZW10	ok
91833	WDR20	ok
9184	BUB3	ok
9185	REPS2	ok
91851	CHRDL1	ok
91860	CALML4	ok
91862	MARVELD3	ok
91869	RFT1	ok
9187	SLC24A1	ok
91875	TTC5	ok
9188	DDX21	ok
9189	ZBED1	ok
91893	FDXACB1	ok
919	CD247	ok
9191	DEDD	ok
91937	TIMD4	ok
9194	SLC16A7	ok
91942	NDUFAF2	ok
91947	ARRDC4	ok
91948	LINC00923	ok
91949	COG7	ok
9196	KCNAB3	ok
91966	EOLA1	ok
9197	SLC33A1	ok
91975	ZNF300	ok
91977	MYOZ3	ok
91978	TPGS1	ok
92	ACVR2A	ok
920	CD4	ok
9200	HACD1	ok
92002	CCNQ	ok
9201	DCLK1	ok
92014	SLC25A51	ok
92017	SNX29	ok
9202	ZMYM4	ok
9203	ZMYM3	ok
9204	ZMYM6	ok
9205	ZMYM5	ok
92070	CTBP1-DT	ok
9208	LRRFIP1	ok
92086	GGTLC1	ok
9209	LRRFIP2	ok
92092	ZC3HAV1L	ok
921	CD5	ok
9210	BMP15	ok
92104	IFT70A	ok
92105	INTS4	ok
92106	OXNAD1	ok
9211	LGI1	ok
9212	AURKB	ok
92126	DSEL	ok
92129	RIPPLY1	ok
9213	XPR1	ok
9214	FCMR	ok
92140	MTDH	ok
9215	LARGE1	ok
92154	MTSS2	ok
92162	TMEM88	ok
9217	VAPB	ok
92170	MTG1	ok
9218	VAPA	ok
92181	UBTD2	ok
9219	MTA2	ok
92196	DAPL1	ok
922	CD5L	ok
9220		no_symbol_in_gene_info
9221	NOLC1	ok
92211	CDHR1	ok
9223	MAGI1	ok
92235	STYXL2	ok
92241	RCSD1	ok
92249	LINC01278	ok
92255	LMBRD2	ok
92259	KGD4	ok
9227	LRAT	ok
92270	ATP6AP1L	ok
9228	DLGAP2	ok
92283	ZNF461	ok
92285	ZNF585B	ok
9229	DLGAP1	ok
92291	CAPN13	ok
92292	GLYATL1	ok
92293	TMEM132C	ok
923	CD6	ok
9230	RAB11B	ok
92304	SCGB3A1	ok
92305	TMEM129	ok
9231	DLG5	ok
92312	MEX3A	ok
9232	PTTG1	ok
92335	STRADA	ok
92340	PRR29	ok
92342	METTL18	ok
92344	GORAB	ok
92345	NAF1	ok
92346	C1orf105	ok
9235	IL32	ok
92359	CRB3	ok
9236	CCPG1	ok
92369	SPSB4	ok
92370	PXYLP1	ok
9238	FASTKD4	ok
92399	MRRF	ok
924	CD7	ok
9240	PNMA1	ok
92400	RBM18	ok
9241	NOG	ok
9242	MSC	ok
92421	CHMP4C	ok
9244	CRLF1	ok
9245	GCNT3	ok
9246	UBE2L6	ok
9247	GCM2	ok
9248	GPR50	ok
92482	BBIP1	ok
92483	LDHAL6B	ok
9249	DHRS3	ok
925	CD8A	ok
9252	RPS6KA5	ok
92521	SPECC1	ok
9253	NUMBL	ok
9254	CACNA2D2	ok
9255	AIMP1	ok
92552	ATXN3L	ok
92558	BICDL1	ok
9256	TSPOAP1	ok
92565	FANK1	ok
92579	G6PC3	ok
9258	MFHAS1	ok
92591	ASB16	ok
92595	ZNF764	ok
92597	MOB1B	ok
926	CD8B	ok
9260	PDLIM7	ok
92609	TIMM50	ok
9261	MAPKAPK2	ok
92610	TIFA	ok
9262	STK17B	ok
9263	STK17A	ok
9265	CYTH3	ok
92659	MILIP	ok
9266	CYTH2	ok
92667	MGME1	ok
9267	CYTH1	ok
92675	DTD1	ok
92689	FAM114A1	ok
92691	TMEM169	ok
9270	ITGB1BP1	ok
92703	TMEM183A	ok
9271	PIWIL1	ok
92714	ARRDC1	ok
92715	DPH7	ok
92736	OTOP2	ok
92737	DNER	ok
9274	BCL7C	ok
92745	SLC38A5	ok
92747	BPIFB1	ok
92749	DRC1	ok
9275	BCL7B	ok
9276	COPB2	ok
9277	WDR46	ok
9278	ZBTB22	ok
92797	HELB	ok
92799	SHKBP1	ok
928	CD9	ok
92806	CENPBD1P	ok
92815	H2AC25	ok
9282	MED14	ok
92822	ZNF276	ok
9283	GPR37L1	ok
9284	NPIPA1	ok
92840	REEP6	ok
92856	IMP4	ok
9287	TAAR2	ok
9288	TAAR3P	ok
9289	ADGRG1	ok
929	CD14	ok
9290	GPR55	ok
92906	HNRNPLL	ok
92912	UBE2Q2	ok
92922	CCDC102A	ok
9293	GPR52	ok
92935	MARS2	ok
9294	S1PR2	ok
92949	ADAMTSL1	ok
9295	SRSF11	ok
9296	ATP6V1F	ok
92960	PEX11G	ok
92973		no_symbol_in_gene_info
92979	MARCHF9	ok
9299	SNORD30	ok
92999	ZBTB47	ok
93	ACVR2B	ok
930	CD19	ok
9300	SNORD28	ok
93010	B3GNT7	ok
93034	NT5C1B	ok
93035	PKHD1L1	ok
93058	COQ10A	ok
9306	SOCS6	ok
9308	CD83	ok
93081	TEX30	ok
93082	NEURL3	ok
93099	DMKN	ok
931	MS4A1	ok
9310	ZNF235	ok
93100	NAPRT	ok
93107	KCNG4	ok
93109	TMEM44	ok
9311	ASIC3	ok
9312	KCNB2	ok
93129	ORAI3	ok
9313	MMP20	ok
93134	ZNF561	ok
9314	KLF4	ok
93145	OLFM2	ok
9315	NREP	ok
93164	HTR7P1	ok
93166	PRDM6	ok
9317	PTER	ok
9318	COPS2	ok
93183	PIGM	ok
93185	IGSF8	ok
9319	TRIP13	ok
93190	CFAP107	ok
932	MS4A3	ok
9320	TRIP12	ok
9321	TRIP11	ok
93210	PGAP3	ok
9322	TRIP10	ok
93233	ODAD1	ok
9324	HMGN3	ok
9325	TRIP4	ok
9326	ZNHIT3	ok
93273	LEMD1	ok
9328	GTF3C5	ok
9329	GTF3C4	ok
933	CD22	ok
9330	GTF3C3	ok
9331	B4GALT6	ok
9332	CD163	ok
93323	HAUS8	ok
9333	TGM5	ok
9334	B4GALT5	ok
93343	MVB12A	ok
93349	SP140L	ok
9337	CNOT8	ok
93377	OPALIN	ok
9338	TCEAL1	ok
93380	MMGT1	ok
9340	GLP2R	ok
93408	MYL10	ok
9341	VAMP3	ok
9342	SNAP29	ok
93426	SYCE1	ok
93429		no_symbol_in_gene_info
9343	EFTUD2	ok
93432	MGAM2	ok
93436	ARMC6	ok
9344	TAOK2	ok
93474	ZNF670	ok
9348	NDST3	ok
93487	MAPK1IP1L	ok
9349	RPL23	ok
93492	TPTE2	ok
9350	CER1	ok
9351	NHERF2	ok
93517	SDR42E1	ok
9352	TXNL1	ok
9353	SLIT2	ok
9354	UBE4A	ok
9355	LHX2	ok
93550	ZFAND4	ok
93556	EGFEM1P	ok
9356	SLC22A6	ok
9358	ITGBL1	ok
93587	TRMT10A	ok
93589	CACNA2D4	ok
93594	TBC1D31	ok
9360	PPIG	ok
9361	LONP1	ok
93611	FBXO44	ok
9362	CPNE6	ok
93621	MRFAP1	ok
93622	MRFAP1L2	ok
93624	TADA2B	ok
93627	TBCK	ok
9363	RAB33A	ok
9364	RAB28	ok
93643	TJAP1	ok
93649	MYOCD	ok
9365	KL	ok
93650	ACP4	ok
93653	ST7-AS1	ok
93654	ST7-AS2	ok
93655	ST7-OT3	ok
93659	CGB5	ok
9366	RAB9BP1	ok
93661	CAPZA3	ok
93663	ARHGAP18	ok
93664	CADPS2	ok
93668	HPYR1	ok
9367	RAB9A	ok
9368	NHERF1	ok
9369	NRXN3	ok
9370	ADIPOQ	ok
9371	KIF3B	ok
9372	ZFYVE9	ok
9373	PLAA	ok
9374	PPT2	ok
9375	TM9SF2	ok
9376	SLC22A8	ok
9377	COX5A	ok
9378	NRXN1	ok
9379	NRXN2	ok
9380	GRHPR	ok
9381	OTOF	ok
9382	COG1	ok
9383	TSIX	ok
9388	LIPG	ok
9389	SLC22A14	ok
939	CD27	ok
9390	SLC22A13	ok
9391	CIAO1	ok
9392	TGFBRAP1	ok
9394	HS6ST1	ok
93953	GCNA	ok
9397	NMT2	ok
93973	ACTR8	ok
93974	ATP5IF1	ok
93978	CLEC6A	ok
93979	CPA5	ok
9398	CD101	ok
93986	FOXP2	ok
9399	STOML1	ok
94	ACVRL1	ok
940	CD28	ok
9400	RECQL5	ok
94005	PIGS	ok
94009	SERHL	ok
9401	RECQL4	ok
94015	TTYH2	ok
9402	GRAP2	ok
94023		no_symbol_in_gene_info
94025	MUC16	ok
94026	POM121L2	ok
94027	CGB7	ok
9403	SELENOF	ok
94030	LRRC4B	ok
94031	HTRA3	ok
94032	CAMK2N2	ok
94033	FTMT	ok
94039	ZNF101	ok
9404	LPXN	ok
94056	SYAP1	ok
94059	LENG9	ok
9406	ZRANB2	ok
9407	TMPRSS11D	ok
94081	SFXN1	ok
94086	HSPB9	ok
9409	PEX16	ok
94097	SFXN5	ok
941	CD80	ok
9410	SNRNP40	ok
94101	ORMDL1	ok
94103	ORMDL3	ok
94104	PAXBP1	ok
94107	TMEM203	ok
9411	ARHGAP29	ok
94115	CGB8	ok
9412	MED21	ok
94120	SYTL3	ok
94121	SYTL4	ok
94122	SYTL5	ok
9413	ENTREP1	ok
94134	ARHGAP12	ok
94137	RP1L1	ok
9414	TJP2	ok
9415	FADS2	ok
94158	CDRT15P1	ok
9416	DDX23	ok
94160	ABCC12	ok
94161	SNORD46	ok
94162	SNORD38A	ok
94163	SNORD38B	ok
9419	CRIPT	ok
942	CD86	ok
9420	CYP7B1	ok
9421	HAND1	ok
9422	ZNF264	ok
9423	NTN1	ok
94233	OPN4	ok
94234	FOXQ1	ok
94235	GNG8	ok
94236	DNAJA1P5	ok
94239	H2AZ2	ok
9424	KCNK6	ok
94240	EPSTI1	ok
94241	TP53INP1	ok
9425	CDYL	ok
9427	ECEL1	ok
94274	PPP1R14A	ok
9429	ABCG2	ok
943	TNFRSF8	ok
9435	CHST2	ok
9436	NCR2	ok
9437	NCR1	ok
9439	MED23	ok
944	TNFSF8	ok
9440	MED17	ok
9441	MED26	ok
9442	MED27	ok
9443	MED7	ok
9444	QKI	ok
9445	ITM2B	ok
9446	GSTO1	ok
9447	AIM2	ok
9448	MAP4K4	ok
945	CD33	ok
9450	LY86	ok
9451	EIF2AK3	ok
9452	ITM2A	ok
9453	GGPS1	ok
9454	HOMER3	ok
9455	HOMER2	ok
9456	HOMER1	ok
9457	FHL5	ok
9459	ARHGEF6	ok
946	SIGLEC6	ok
9462	RASAL2	ok
9463	PICK1	ok
9464	HAND2	ok
9465	AKAP7	ok
9466	IL27RA	ok
9467	SH3BP5	ok
9468	PCYT1B	ok
9469	CHST3	ok
947	CD34	ok
9470	EIF4E2	ok
9472	AKAP6	ok
9473	THEMIS2	ok
9474	ATG5	ok
9475	ROCK2	ok
9476	NAPSA	ok
9477	MED20	ok
9478	CABP1	ok
9479	MAPK8IP1	ok
948	CD36	ok
9480	ONECUT2	ok
9481	SLC25A27	ok
9482	STX8	ok
9486	CHST10	ok
9487	PIGL	ok
9488	PIGB	ok
9489	PGS1	ok
949	SCARB1	ok
9491	PSMF1	ok
9493	KIF23	ok
9495	AKAP5	ok
9496	TBX4	ok
9497	SLC4A7	ok
9498	SLC4A8	ok
9499	MYOT	ok
95	ACY1	ok
950	SCARB2	ok
9500	MAGED1	ok
9501	RPH3AL	ok
9506	PAGE4	ok
9507	ADAMTS4	ok
9508	ADAMTS3	ok
9509	ADAMTS2	ok
951	CD37	ok
9510	ADAMTS1	ok
9512	PMPCB	ok
9513	FXR2	ok
9514	GAL3ST1	ok
9515	STXBP5L	ok
9516	LITAF	ok
9517	SPTLC2	ok
9518	GDF15	ok
9519	TBPL1	ok
952	CD38	ok
9520	NPEPPS	ok
9521	EEF1E1	ok
9522	SCAMP1	ok
9524	TECR	ok
9525	VPS4B	ok
9526	MPDU1	ok
9527	GOSR1	ok
9528	TMEM59	ok
9529	BAG5	ok
953	ENTPD1	ok
9530	BAG4	ok
9531	BAG3	ok
9532	BAG2	ok
9533	POLR1C	ok
9534	ZNF254	ok
9535	GMFG	ok
9536	PTGES	ok
9537	TP53I11	ok
9538	EI24	ok
954	ENTPD2	ok
9540	TP53I3	ok
9541	CIRSR	ok
9542	NRG2	ok
9543	IGDCC3	ok
9545	RAB3D	ok
9546	APBA3	ok
9547	CXCL14	ok
955	ENTPD6	ok
9550	ATP6V1G1	ok
9551	ATP5MF	ok
9552	SPAG7	ok
9553	MRPL33	ok
9554	SEC22B	ok
9555	MACROH2A1	ok
9556	ATP5MJ	ok
9557	CHD1L	ok
9559	VPS26A	ok
956	ENTPD3	ok
9562	MINPP1	ok
9563	H6PD	ok
9564	BCAR1	ok
9567	GTPBP1	ok
9568	GABBR2	ok
95681	CEP41	ok
9569	GTF2IRD1	ok
957	ENTPD5	ok
9570	GOSR2	ok
9572	NR1D1	ok
9573	GDF3	ok
9575	CLOCK	ok
9576	SPAG6	ok
9577	BABAM2	ok
9578	CDC42BPB	ok
958	CD40	ok
9580	SOX13	ok
9581	PREPL	ok
9582	APOBEC3B	ok
9583	ENTPD4	ok
9584	RBM39	ok
9585	KIF20B	ok
9586	CREB5	ok
9587	MAD2L1BP	ok
9588	PRDX6	ok
9589	WTAP	ok
959	CD40LG	ok
9590	AKAP12	ok
9592	IER2	ok
9595	CYTIP	ok
9597	SMAD5-AS1	ok
960	CD44	ok
9600	PITPNM1	ok
9601	PDIA4	ok
9603	NFE2L3	ok
9604	RNF14	ok
9605	VPS9D1	ok
9607	CARTPT	ok
9609	RAB36	ok
961	CD47	ok
9610	RIN1	ok
9611	NCOR1	ok
9612	NCOR2	ok
9615	GDA	ok
9616	RNF7	ok
9617	MTRF1	ok
9618	TRAF4	ok
9619	ABCG1	ok
962	CD48	ok
9620	CELSR1	ok
9622	KLK4	ok
9623	TCL1B	ok
9625	LMTK1	ok
9626	GUCA1C	ok
9627	SNCAIP	ok
9628	RGS6	ok
9629	CLCA3P	ok
963	CD53	ok
9630	GNA14	ok
9631	NUP155	ok
9632	SEC24C	ok
9633	TESMIN	ok
9635	CLCA2	ok
9636	ISG15	ok
9637	FEZ2	ok
9638	FEZ1	ok
9639	ARHGEF10	ok
9640	ZNF592	ok
9641	IKBKE	ok
9643	MORF4L2	ok
9644	SH3PXD2A	ok
9645	MICAL2	ok
96459	FNIP1	ok
9646	CTR9	ok
9647	PPM1F	ok
9648	GCC2	ok
9649	RALGPS1	ok
965	CD58	ok
9650	MTFR1	ok
9651	PLCH2	ok
9652	SKIC3	ok
9653	HS2ST1	ok
9654	TTLL4	ok
9655	SOCS5	ok
9656	MDC1	ok
9657	IQCB1	ok
9658	ZNF516	ok
9659	PDE4DIP	ok
966	CD59	ok
96610	BMS1P20	ok
9662	CEP135	ok
9663	LPIN2	ok
9665	MARF1	ok
9666	DZIP3	ok
9667	SAFB2	ok
9668	ZNF432	ok
9669	EIF5B	ok
967	CD63	ok
9670	IPO13	ok
9671	WSCD2	ok
9672	SDC3	ok
9673	SLC25A44	ok
9674	KIAA0040	ok
9675	TTI1	ok
96764	TGS1	ok
9677	PPIP5K1	ok
9678	PHF14	ok
9679	FAM53B	ok
968	CD68	ok
9681	DEPDC5	ok
9682	KDM4A	ok
9683	N4BP1	ok
9684	LRRC14	ok
9685	CLINT1	ok
9686	VGLL4	ok
9687	GREB1	ok
9688	NUP93	ok
9689	BZW1	ok
969	CD69	ok
9690	UBE3C	ok
9692	PRORP	ok
9693	RAPGEF2	ok
9694	EMC2	ok
9695	EDEM1	ok
9696	CROCC	ok
9697	TRAM2	ok
9698	PUM1	ok
9699	RIMS2	ok
97	ACYP1	ok
970	CD70	ok
9700	ESPL1	ok
9701	PPP6R2	ok
9702	CEP57	ok
9703	BLTP2	ok
9704	DHX34	ok
9705	ST18	ok
9706	ULK2	ok
9708	PCDHGA8	ok
9709	HERPUD1	ok
971	CD72	ok
9710	GARRE1	ok
9711	RUBCN	ok
9712	USP6NL	ok
9715	FAM131B	ok
9716	AQR	ok
9717	SEC14L5	ok
9718	ECE2	ok
9719	ADAMTSL2	ok
972	CD74	ok
9720	CCDC144A	ok
9721	GPRIN2	ok
9722	NOS1AP	ok
9723	SEMA3E	ok
9724	UTP14C	ok
9725	TMEM63A	ok
9726	ZNF646	ok
9727	RAB11FIP3	ok
9728	SECISBP2L	ok
9729	KIAA0408	ok
973	CD79A	ok
9730	DCAF1	ok
9731	CEP104	ok
9732	DOCK4	ok
9733	SART3	ok
9734	HDAC9	ok
9735	KNTC1	ok
9736	USP34	ok
9737	GPRASP1	ok
9738	CCP110	ok
9739	SETD1A	ok
974	CD79B	ok
9741	LAPTM4A	ok
9742	IFT140	ok
9743	ARHGAP32	ok
9744	ACAP1	ok
9745	ZNF536	ok
9746	CLSTN3	ok
9747	TCAF1	ok
9748	SLK	ok
9749	PHACTR2	ok
975	CD81	ok
9750	RIPOR2	ok
9751	SNPH	ok
9752	PCDHA9	ok
9753	ZSCAN12	ok
9754	STARD8	ok
9755	TBKBP1	ok
9757	KMT2B	ok
9758	FRMPD4	ok
9759	HDAC4	ok
976	ADGRE5	ok
9760	TOX	ok
9761	MLEC	ok
9762	LZTS3	ok
9764	KIAA0513	ok
9765	ZFYVE16	ok
9766	SUSD6	ok
9767	JADE3	ok
9768	PCLAF	ok
977	CD151	ok
9770	RASSF2	ok
9771	RAPGEF5	ok
9772	TMEM94	ok
9774	BCLAF1	ok
9775	EIF4A3	ok
9776	ATG13	ok
9777	TM9SF4	ok
9778	KIAA0232	ok
9779	TBC1D5	ok
978	CDA	ok
9780	PIEZO1	ok
9781	RNF144A	ok
9782	MATR3	ok
9783	RIMS3	ok
9784	SNX17	ok
9785	DHX38	ok
9786	KIAA0586	ok
9787	DLGAP5	ok
9788	MTSS1	ok
9789	SPCS2	ok
9790	BMS1	ok
9791	PTDSS1	ok
9792	SERTAD2	ok
9793	CKAP5	ok
9794	MAML1	ok
9796	PHYHIP	ok
9797	TATDN2	ok
9798	IST1	ok
98	ACYP2	ok
9801	MRPL19	ok
9802	DAZAP2	ok
9804	TOMM20	ok
9805	SCRN1	ok
9806	SPOCK2	ok
9807	IP6K1	ok
9808	KIAA0087	ok
9810	RNF40	ok
9811	CTIF	ok
9812	DELE1	ok
9813	EFCAB14	ok
9814	SFI1	ok
9815	GIT2	ok
9816	URB2	ok
9817	KEAP1	ok
9818	NUP58	ok
9819	TSC22D2	ok
9820	CUL7	ok
9821	RB1CC1	ok
9823	ARMCX2	ok
9824	ARHGAP11A	ok
9825	SPATA2	ok
9826	ARHGEF11	ok
9827	RGP1	ok
9828	ARHGEF17	ok
9829	DNAJC6	ok
983	CDK1	ok
9830	TRIM14	ok
9831	ZNF623	ok
9832	JAKMIP2	ok
9833	MELK	ok
9834	FAM30A	ok
9836	LCMT2	ok
9837	GINS1	ok
9839	ZEB2	ok
984	CDK11B	ok
9840	TESPA1	ok
9841	ZBTB24	ok
9842	PLEKHM1	ok
9843	HEPH	ok
9844	ELMO1	ok
9846	GAB2	ok
9847	C2CD5	ok
9848	MFAP3L	ok
9849	ZNF518A	ok
9851	KIAA0753	ok
9852	EPM2AIP1	ok
9853	RUSC2	ok
9854	C2CD2L	ok
9855	FARP2	ok
9856	KIAA0319	ok
9857	CEP350	ok
9858	PPP1R26	ok
9859	CEP170	ok
9860	LRIG2	ok
9861	PSMD6	ok
9862	MED24	ok
9863	MAGI2	ok
9865	TRIL	ok
9866	TRIM66	ok
9867	PJA2	ok
9868	TOMM70	ok
9869	SETDB1	ok
987	LRBA	ok
9870	AREL1	ok
9871	SEC24D	ok
9873	FCHSD2	ok
9874	TLK1	ok
9875	URB1	ok
9877	ZC3H11A	ok
9878	TOX4	ok
9879	DDX46	ok
988	CDC5L	ok
9880	ZBTB39	ok
9881	TRANK1	ok
9882	TBC1D4	ok
9883	POM121	ok
9884	LRRC37A	ok
9885	OSBPL2	ok
9886	RHOBTB1	ok
9887	SMG7	ok
9889	ZBED4	ok
989	SEPTIN7	ok
9890	PLPPR4	ok
9891	NUAK1	ok
9892	SNAP91	ok
9894	TELO2	ok
9895	TECPR2	ok
9896	FIG4	ok
9897	WASHC5	ok
9898	UBAP2L	ok
9899	SV2B	ok
990	CDC6	ok
9900	SV2A	ok
9901	SRGAP3	ok
9902	MRC2	ok
9903	KLHL21	ok
9904	RBM19	ok
9905	SGSM2	ok
9906	SLC35E2A	ok
9907	AP5Z1	ok
9908	G3BP2	ok
9909	DENND4B	ok
991	CDC20	ok
9910	RABGAP1L	ok
9911	TMCC2	ok
9912	ARHGAP44	ok
9913	SUPT7L	ok
9914	ATP2C2	ok
9915	ARNT2	ok
9917	FAM20B	ok
9918	NCAPD2	ok
9919	SEC16A	ok
9920	KBTBD11	ok
9921	RNF10	ok
9922	IQSEC1	ok
9923	ZBTB40	ok
9924	PAN2	ok
9925	ZBTB5	ok
9926	LPGAT1	ok
9927	MFN2	ok
9928	KIF14	ok
9929	JOSD1	ok
993	CDC25A	ok
9931	HELZ	ok
9933	PUM3	ok
9934	P2RY14	ok
9935	MAFB	ok
9936	CD302	ok
9937	DCLRE1A	ok
9938	ARHGAP25	ok
9939	RBM8A	ok
994	CDC25B	ok
9940	DLEC1	ok
9941	EXOG	ok
9942	XYLB	ok
9943	OXSR1	ok
9945	GFPT2	ok
9946	CRYZL1	ok
9947	MAGEC1	ok
9948	WDR1	ok
9949	AMMECR1	ok
995	CDC25C	ok
9950	GOLGA5	ok
9951	HS3ST4	ok
9953	HS3ST3B1	ok
9955	HS3ST3A1	ok
9956	HS3ST2	ok
9957	HS3ST1	ok
9958	USP15	ok
996	CDC27	ok
9960	USP3	ok
9961	MVP	ok
9962	SLC23A2	ok
9963	SLC23A1	ok
9965	FGF19	ok
9966	TNFSF15	ok
9967	THRAP3	ok
9968	MED12	ok
9969	MED13	ok
997	CDC34	ok
9970	NR1I3	ok
9971	NR1H4	ok
9972	NUP153	ok
9973	CCS	ok
9975	NR1D2	ok
9976	CLEC2B	ok
9978	RBX1	ok
998	CDC42	ok
9980	DOP1B	ok
9982	FGFBP1	ok
9984	THOC1	ok
9985	REC8	ok
9986	RCE1	ok
9987	HNRNPDL	ok
9988	DMTF1	ok
9989	PPP4R1	ok
999	CDH1	ok
9990	SLC12A6	ok
9991	PTBP3	ok
9992	KCNE2	ok
9993	DGCR2	ok
9994	CASP8AP2	ok
9997	SCO2	ok
